pd,pb
1.223192718650957939e-01,1.119951533619500672e-01
1.516943983308101374e-01,1.447777831118118308e-01
2.627904702151345750e-01,3.053762701513050293e-01
2.720245521578656400e-01,3.265162599317086856e-01
1.841138057894929347e-01,1.963510964508735912e-01
2.577806969743252075e-01,2.973813502941933251e-01
1.577724158925248865e-01,1.507682225706127588e-01
2.050653248901429804e-01,2.105303981939086466e-01
2.578520729690688684e-01,3.008583092685600535e-01
2.873092095488135600e-01,3.486019582437506203e-01
2.120502296803762066e-01,2.204951046853738938e-01
2.532550783398473948e-01,2.930152007010127790e-01
2.617631891498109487e-01,3.137506295243036036e-01
3.257640573521311533e-01,4.416898403290724362e-01
3.130296477268867394e-01,4.108864881951028725e-01
3.714096210975947887e-01,5.358288272047228018e-01
2.280189066438708390e-01,2.547773907282535610e-01
2.726864978007319529e-01,3.269478482844643263e-01
2.985420306348358088e-01,3.687287576835777125e-01
1.350485909123679551e-01,1.201137570933913934e-01
1.759475923560602784e-01,1.649638265753983479e-01
2.109410688459207595e-01,2.212158603208475571e-01
2.934340349081243637e-01,3.825954277490279387e-01
3.099794043463833249e-01,3.916252056526591252e-01
3.331799545345215385e-01,4.528933852700108842e-01
3.536647872290845096e-01,4.971446593754739740e-01
3.316999223016531273e-01,4.492243762317414957e-01
3.544183274005520690e-01,4.839478665488645692e-01
2.710770632874901498e-01,3.298515573621207952e-01
3.114610411363937237e-01,3.964660156157965298e-01
4.204533187530848370e-01,6.746490842809514943e-01
4.965909412562395930e-01,9.124766432776735270e-01
4.656281463722367064e-01,8.136912230027961712e-01
5.062058952297650016e-01,9.470552498715361089e-01
5.032977630722038631e-01,9.474048873278894112e-01
5.100955431502491866e-01,9.815846566788143379e-01
5.120414995066215891e-01,9.784926389593666674e-01
4.798190816889230659e-01,8.388132465362230228e-01
4.979224554925544832e-01,9.083524181150807175e-01
4.922539708164529459e-01,9.058023941118182876e-01
5.073422348442122587e-01,9.489169338975969037e-01
4.921534793011273501e-01,8.879810771810824344e-01
5.035002300603341752e-01,9.403855218732395382e-01
4.773390052198311917e-01,8.356829410733366270e-01
4.745105277105967079e-01,8.320956116145306058e-01
4.682805233158869318e-01,8.201493623530128341e-01
4.341973211332118554e-01,6.995236139407049469e-01
4.326283335385519568e-01,7.060058480163192707e-01
4.319812418986828106e-01,7.086963658202526384e-01
3.573603164092074014e-01,4.972035034013811416e-01
3.648237395456082055e-01,5.099454462902833773e-01
4.100362206404202237e-01,6.271242055406193172e-01
4.144947475149586835e-01,6.411684570999111044e-01
3.474244349293453826e-01,4.777832279736741738e-01
3.926317596495838558e-01,5.837765694631621427e-01
3.755235087444743214e-01,5.442930324286766597e-01
4.378602004883226373e-01,7.307798384038365347e-01
5.033220298901475154e-01,9.347516130318818117e-01
5.109400078314451088e-01,9.580453650887477135e-01
4.969711557272051272e-01,9.094775696026934364e-01
5.171118797566435221e-01,9.951952287891565607e-01
5.012422014882982335e-01,9.366673994411632842e-01
4.839101663390815156e-01,8.639820658310564117e-01
4.688382621235496761e-01,8.207689531406270333e-01
4.314666473093875521e-01,6.959882549191073187e-01
4.187689004435389828e-01,6.861117329490759031e-01
4.021510293687354243e-01,6.127201611298717099e-01
4.650097618027149715e-01,8.082016292244051936e-01
4.042321310809364743e-01,6.157993874943848978e-01
3.804569915426158078e-01,5.613390317008422059e-01
4.123417516550456074e-01,6.537803230434933166e-01
4.576956810391401564e-01,7.899585791749863528e-01
4.728981024959908464e-01,8.211430197386728747e-01
4.495776757767510623e-01,7.648824652831988091e-01
4.423730333268122705e-01,7.234920057235914026e-01
4.099314089179491583e-01,6.490672633347212006e-01
3.812542260705977237e-01,5.598205988593029092e-01
3.988835033852047296e-01,5.936644180898703604e-01
3.918230395458339732e-01,5.733108590391569059e-01
3.302189097760866443e-01,4.512700852800353157e-01
3.420145057306839820e-01,4.828796606940296554e-01
3.593838439062003731e-01,4.955632473498775559e-01
3.978460069916793795e-01,5.923888010048725672e-01
3.715895860648935622e-01,5.360632597062032767e-01
3.842560985642022309e-01,5.578619730678624489e-01
3.358479292753682177e-01,4.714837477859003534e-01
3.911964793185744860e-01,5.777990047180677768e-01
2.505319135132570985e-01,2.881173374072462101e-01
3.121647507763338769e-01,4.086182136069863025e-01
3.809737939737237178e-01,5.670386130015665493e-01
3.701947354883702301e-01,5.235177350815614084e-01
3.695204906947653356e-01,5.333816475277881608e-01
2.994989529451009824e-01,3.782276226990389789e-01
2.936621556385807796e-01,3.677000236115957055e-01
3.398364136155646587e-01,4.584901893443490417e-01
3.295642972975392215e-01,4.399241245420127955e-01
2.433688520815467105e-01,2.802119703305524512e-01
7.983164354976296506e-02,5.273806021439893937e-02
9.358149334582072099e-02,6.351942067486625321e-02
6.685010408600554344e-02,4.050058592695785636e-02
2.688729864304188477e-01,3.229760226352796360e-01
2.144661461046087347e-01,2.377321811568628984e-01
2.121511230148581950e-01,2.321864635298037660e-01
3.505661307588035513e-01,4.952793667474919559e-01
2.968034413233885949e-01,3.808194864444762184e-01
3.195139046471528466e-01,4.124823341861876269e-01
3.491613686767628399e-01,4.790356000566887151e-01
4.098750349726576481e-01,6.364688566117383539e-01
4.053302134753188346e-01,6.412557261212976645e-01
4.300481861783309601e-01,6.976082898274725830e-01
3.980718818133005543e-01,5.981056228323600177e-01
3.274739625530809217e-01,4.326349212395884658e-01
3.582560132374907891e-01,5.023674417129534442e-01
3.942030254538062550e-01,5.799316702228992648e-01
4.355796720910405373e-01,7.092861362507175693e-01
4.287557042181544542e-01,7.024262997708520251e-01
3.713319328865696822e-01,5.202961813196057550e-01
3.078995242402142729e-01,3.941446051582362942e-01
3.049254124486632800e-01,3.787007009959793002e-01
3.035580232216941177e-01,3.805533292205648954e-01
2.166182928088221382e-01,2.311527808152490926e-01
1.113722598550663523e-01,1.031852712235793029e-01
1.715468308445126377e-01,1.646994778550967542e-01
8.908490966316566506e-02,5.790464446752439931e-02
9.202131355387707656e-02,6.365033873109417206e-02
4.899161489110053641e-02,1.621943404626750504e-02
1.247600520338071617e-01,1.013002909039622257e-01
1.886400666551500682e-01,1.885138947635152662e-01
1.879589339437153228e-01,1.905518657504193525e-01
1.787968341802345373e-01,1.815271690420104667e-01
2.865714144295946064e-01,3.562912114614878445e-01
3.789043061675306800e-01,5.542134330184307345e-01
4.177188906036505833e-01,6.564557936710347930e-01
3.520003627946410862e-01,4.861170365155517148e-01
3.822338903514713171e-01,5.548395963400818420e-01
2.857392126927614795e-01,3.490769175532881796e-01
3.484491015967673411e-01,4.745358860626420761e-01
3.381932856788327779e-01,4.586035159791231886e-01
2.513237858013838699e-01,3.093701743202923460e-01
2.538137350982428986e-01,2.892462090712955014e-01
3.545480182374833311e-01,4.992727870116663857e-01
2.945111655874034784e-01,3.657448898869357090e-01
2.213122900799340265e-01,2.377015899741826421e-01
1.531498547609397576e-01,1.434081896565232717e-01
1.276171102677861602e-01,1.031045998956265364e-01
7.295240788344485583e-02,4.166063032160161050e-02
4.040373684952872774e-02,9.742494118435808884e-03
1.108339200259780694e-01,8.523811804452996466e-02
6.384270446641737706e-02,3.396141936053780758e-02
5.265827846130022999e-02,1.850161914280364084e-02
4.128629027037324095e-02,7.510364855155708674e-03
6.615587100972203372e-02,3.500707226661989996e-02
2.203115611292512099e-01,2.338165093822987539e-01
1.827341798804139328e-01,1.834549146477626180e-01
6.192232668926472838e-02,3.100552716246612189e-02
4.284857144176150434e-02,1.337458958870773457e-02
5.913614938894430628e-02,2.895069343689435359e-02
2.325421301341947800e-01,2.566886449827640027e-01
1.899672553167721656e-01,1.854869842841184169e-01
1.498517683535617595e-01,1.366820078601614363e-01
1.369409209794221760e-01,1.165513950410302785e-01
6.324697509028530396e-02,3.612821946982548021e-02
8.032083236778306268e-02,5.425618355666678161e-02
1.331589741820096706e-01,1.177953941659927867e-01
1.858971934059978071e-01,1.773339061181954113e-01
1.559397060875682972e-01,1.497116143297606838e-01
2.695620009453426613e-01,3.178431456370335861e-01
2.939069379143527394e-01,3.589829168687779237e-01
2.845891354167038312e-01,3.578733999656012466e-01
2.490652306793442461e-01,2.851863949442738355e-01
2.917447043042695753e-01,3.606602089681287260e-01
3.445665225582289493e-01,4.764584635564972914e-01
3.732601629045321778e-01,5.332267435872543038e-01
2.942495447350517712e-01,3.762706291355340515e-01
3.371793670606534343e-01,4.534902560806371996e-01
4.028059501278499765e-01,6.105700212239406621e-01
3.919750627505184104e-01,5.943577615485637899e-01
4.426173767027777317e-01,7.225780250079505418e-01
4.683838199282076009e-01,8.234108443035311753e-01
4.954239575348869384e-01,9.119671311668842151e-01
5.159550366050478232e-01,9.863092766506891262e-01
5.068911166201818252e-01,9.552085805559976661e-01
5.129757738753774055e-01,9.755337024009049784e-01
5.129757738753774055e-01,9.755337024009049784e-01
4.952849922250601167e-01,9.004128103355170110e-01
4.358541340453541135e-01,7.105165579903539586e-01
4.401256350235898118e-01,7.165753121627144173e-01
3.911452937135771468e-01,5.781912356152763000e-01
3.814932848065095694e-01,5.645549228632787964e-01
3.740314954980790696e-01,5.355108385394418136e-01
4.018474620044702461e-01,6.043889861834894628e-01
3.901476018249064870e-01,5.775833839485335908e-01
3.140308703073564356e-01,3.986291800397541718e-01
2.825896699411437063e-01,3.320900395483606937e-01
2.875739566554165183e-01,3.614617550978840299e-01
3.055135961829870128e-01,3.856692521172545018e-01
2.402669518949273331e-01,2.764398121177459311e-01
1.441932862836062812e-01,1.309360108850932680e-01
1.857744289308128627e-01,1.939808861790072170e-01
1.879900377943315437e-01,1.989443451082481273e-01
3.634694133832244156e-01,5.200784870651701253e-01
3.744192576238762893e-01,5.336216521623683429e-01
4.175806493774980033e-01,6.875215653426707263e-01
4.368577427672191704e-01,7.215539949026176236e-01
4.462578843689094521e-01,7.610783212355959337e-01
4.899617157972562254e-01,8.794087890729891388e-01
5.069603840260873406e-01,9.499052413494454283e-01
4.736401019610577690e-01,8.237622693420598718e-01
4.774490317872692180e-01,8.304796134718457346e-01
4.634026937704157634e-01,7.907466472832909155e-01
4.506546093641662365e-01,7.444455808858804202e-01
3.896670362030285606e-01,5.700008054740381969e-01
3.927495727650487933e-01,5.775609689038903038e-01
3.614727175110946100e-01,5.087870687453961427e-01
3.085400245578810985e-01,3.850835879286161334e-01
1.960951082547411073e-01,2.097672255143471498e-01
2.586555573372999461e-01,2.971254271000962621e-01
2.469664734342179868e-01,2.785835641122224038e-01
2.568627303186524213e-01,3.023412275427447282e-01
2.670100614435347852e-01,3.169535515834971950e-01
1.724356190074035344e-01,1.662521205562179638e-01
1.499506955869443492e-01,1.346741001566042484e-01
1.566994325719772430e-01,1.457984130019783775e-01
1.789599276116072279e-01,1.681715812293689827e-01
1.125035110789911613e-01,9.629745662980697396e-02
9.161113164586608126e-02,5.978587767623502747e-02
2.392163153780626217e-01,2.670424882913288722e-01
1.620638563891395600e-01,1.569843861765892745e-01
1.997249283382496188e-01,2.153870920248075471e-01
2.282182862545733826e-01,2.475423728987770355e-01
2.188463203502853671e-01,2.329456954860454621e-01
2.439691572908838924e-01,2.671778805605708462e-01
3.002201251403837645e-01,3.764267034320839533e-01
3.186974106167191345e-01,4.230730993405748541e-01
4.001119480541747708e-01,6.175217470625841143e-01
2.779093983827128356e-01,3.323958453238454736e-01
4.070795760208105740e-01,6.486562640197360841e-01
4.356139126575267473e-01,7.060340094055603810e-01
4.017118229918871797e-01,6.082552788421595746e-01
4.244905500182528102e-01,6.663175385585033972e-01
3.681935522994501109e-01,5.261077598649739340e-01
4.077578925361631801e-01,6.252298787811406688e-01
4.009912920226932909e-01,6.036655752206414594e-01
3.532923039793380293e-01,4.962444089396957914e-01
3.759662443693813638e-01,5.386337358532425901e-01
3.882812986012407208e-01,5.662487302329043404e-01
3.904877670673070345e-01,5.752784880993471184e-01
3.745467856018809272e-01,5.367169263565523263e-01
3.758830795123204171e-01,5.407156791960692210e-01
3.734387136117875428e-01,5.373930342690026452e-01
3.650272197225891135e-01,5.106783067550376698e-01
3.697039785167229864e-01,5.223360485399394237e-01
2.509531618264306818e-01,2.968726927414375716e-01
8.399601135059320267e-02,6.658488612307539301e-02
1.861816724834767511e-01,1.955673121145266868e-01
7.595523249626486006e-02,4.522487289574114028e-02
5.152790249040437032e-02,1.920026318349841304e-02
4.948054475124991081e-02,1.674241576021973099e-02
4.532700244700696435e-02,1.409052951398619309e-02
4.532700244700696435e-02,1.409052951398619309e-02
9.407969051611583811e-02,6.365891139089696615e-02
1.933612651218778455e-01,1.916476777736291492e-01
2.878574616241060258e-01,3.508101590567099248e-01
3.098118628686088449e-01,3.971341320249682783e-01
3.203491023993333964e-01,4.131060269585797862e-01
2.207335327675330472e-01,2.385854716005687270e-01
2.392611577101255438e-01,2.802826924798121344e-01
2.166407861441895510e-01,2.268887817400032092e-01
2.356386516518821916e-01,2.558828549119822049e-01
3.537301117929031458e-01,4.974550665353301704e-01
3.522087229468002789e-01,4.889044854904267545e-01
3.531694954841571588e-01,5.003311746914658187e-01
3.611436973823810015e-01,4.986002359350882318e-01
4.000218985964461016e-01,6.060490947531566031e-01
3.886709951831870402e-01,5.718007171469322580e-01
4.130218986326459896e-01,6.452849428493393491e-01
3.521669105053911175e-01,4.847082373754820206e-01
3.814049498954179551e-01,5.519804208205792984e-01
3.647731531464462051e-01,5.137655821452271621e-01
3.764107290274207318e-01,5.425452419818852512e-01
3.423588061078385869e-01,4.624908852929071057e-01
2.925824638358977547e-01,3.591441915192123968e-01
1.538714419030869918e-01,1.364430741539319480e-01
2.524755332134036578e-01,2.909243139186155624e-01
2.672648588669366276e-01,3.226047965348562419e-01
2.208889996628104202e-01,2.530154448413578505e-01
2.446719973158356931e-01,2.752794471418621436e-01
2.863001713686251226e-01,3.489863171817717546e-01
3.031441410162188932e-01,3.842693404078526553e-01
3.326330324586611042e-01,4.490628695454982333e-01
2.555838739117056169e-01,2.994992405773020394e-01
2.508191275109852292e-01,2.961654142199795503e-01
3.487679367690305066e-01,4.762663540099645321e-01
4.010186934602021358e-01,6.087258405761809543e-01
3.993727668970541433e-01,6.035288034432940707e-01
4.042976208393216364e-01,6.174089548279255713e-01
4.163496355400402860e-01,6.514470769625541058e-01
3.622776507779000288e-01,5.220841269418667885e-01
3.974452655079270258e-01,5.971894186811153027e-01
3.930822172998282293e-01,5.904217311643440436e-01
3.229168054645740193e-01,4.312041099799791000e-01
3.258372031914191780e-01,4.282650254414238633e-01
3.055775616642648629e-01,3.875022403987946062e-01
3.143619411696997323e-01,4.017667163835575983e-01
2.991259924382775326e-01,3.686735225681042616e-01
2.774596579917093520e-01,3.327566763548598927e-01
2.306705892004791147e-01,2.680457211868148004e-01
1.664038147471949558e-01,1.621847267294062866e-01
1.172854644471634789e-01,9.765149959111098232e-02
4.809125998409154168e-02,1.658517549227236237e-02
1.449676134121744564e-01,1.331825114484997963e-01
1.543626265170780221e-01,1.391007386025423509e-01
1.688571779236154313e-01,1.577139823849625921e-01
2.546633108059006556e-01,2.907673680956739393e-01
2.035992856834837328e-01,2.083912201092107397e-01
2.525603475635361805e-01,2.905501208327252449e-01
2.667959890511531484e-01,3.201908380355356631e-01
3.784369667215604638e-01,5.479145366005757634e-01
4.056624653158109051e-01,6.414161535697209260e-01
4.516301238273491281e-01,7.597768719756146094e-01
4.538666183594029513e-01,7.649269162259907384e-01
4.495068727715243462e-01,7.478857184387692758e-01
4.655402827559747547e-01,7.957651772141921542e-01
4.467235454589414401e-01,7.488670832830823798e-01
4.268120847207299562e-01,6.825526089505973282e-01
3.507784272572812556e-01,4.776946684240088170e-01
3.347080383846312013e-01,4.447108132354486432e-01
3.759244652619030402e-01,5.435447252601109946e-01
3.411979389080361802e-01,4.653208128031094959e-01
2.496912003948777992e-01,2.885549594046705191e-01
2.303994404946154706e-01,2.609261594638062620e-01
3.195243882186006301e-01,4.194743076822328720e-01
3.561176214275051377e-01,4.906591592483032782e-01
3.307201591317692202e-01,4.452754548591430495e-01
2.943826871036063220e-01,3.627399265424121055e-01
2.808300385773181418e-01,3.364623919427610632e-01
3.325740596774480751e-01,4.395128457065186622e-01
3.455453022421798859e-01,4.688904354064778457e-01
3.470531378840266412e-01,4.698078171754923593e-01
3.095605466884426837e-01,3.915683338961813975e-01
2.477287304418031022e-01,2.898085943181225033e-01
2.529941016502486595e-01,2.927590276653390111e-01
1.554268527311178649e-01,1.541651217455711209e-01
1.337212212061061056e-01,1.195614196049261113e-01
1.072674490772020650e-01,8.388989863718761264e-02
1.427283878471848344e-01,1.266762988727679062e-01
4.916687396989047332e-02,2.295523738832599275e-02
4.019443881334563984e-02,7.143538918656634762e-03
3.361337025165672676e-02,1.058119764133287621e-03
1.523864426074778844e-01,1.446467368985090707e-01
2.882242313707977788e-01,3.623634052109095394e-01
2.496277565900882622e-01,2.772954669610822598e-01
1.670877521582203318e-01,1.642846132841869200e-01
1.163490836640884291e-01,9.308242207815889402e-02
7.440755641471472059e-02,4.081028373739290643e-02
4.641900333034542497e-02,1.387172323521171022e-02
9.805291331768964391e-02,7.000119330858564637e-02
3.460529132758005666e-02,4.075478218035180622e-03
3.756544050413775093e-02,4.638111660072621878e-03
3.858707477437833822e-02,7.450629501479746897e-03
6.255089378319765581e-02,3.308670057247263541e-02
5.933156295228705912e-02,3.275129275752881874e-02
7.021387718735602745e-02,4.612006002675562988e-02
7.688577043225772178e-02,4.499835283085568127e-02
1.002678277378398208e-01,7.322627994761406189e-02
8.735970751041148563e-02,5.692775351090552383e-02
8.736922925422231645e-02,6.307983007604295311e-02
7.010091763492702632e-02,3.998140503608282881e-02
2.410116054181513090e-01,2.663953423409008980e-01
1.870699397767079386e-01,1.797995863885608336e-01
2.628801163123339335e-01,3.022029770621236233e-01
2.388818236613234613e-01,2.742211257385858136e-01
1.445182268443582219e-01,1.267753788116088298e-01
1.517865791644007478e-01,1.393451157614907787e-01
1.503557295766512758e-01,1.379113155955013770e-01
2.331544503243304090e-01,2.604941109389458109e-01
3.145364410988807369e-01,4.068399296192825587e-01
2.811521068926144395e-01,3.400726896357477713e-01
2.168515229191240179e-01,2.322093901371350133e-01
3.091146876582416270e-01,4.043741352059671001e-01
2.669724805802387024e-01,3.234660374395830762e-01
2.467536880145520806e-01,2.854306816713128581e-01
1.652886859587698321e-01,1.571248661735294705e-01
1.595741605969920041e-01,1.505176507699852451e-01
1.706183525884668317e-01,1.658504198012503983e-01
1.949049825349960519e-01,1.959289169233741079e-01
3.062253454713647627e-01,3.957390456657481903e-01
3.278435654120452902e-01,4.335740264381713893e-01
3.546859552865114229e-01,4.924256063327830391e-01
3.666579988832422976e-01,5.204900171101802808e-01
4.326026616546755355e-01,6.963875486689403704e-01
3.967441314487779591e-01,5.965213818713481775e-01
4.256591917865238384e-01,6.684608327179706322e-01
3.887532624323668529e-01,5.686658088888461027e-01
4.083131363250415147e-01,6.466976089949271200e-01
4.557191929933308017e-01,7.714641759403946253e-01
3.865505160137412966e-01,5.627605140334670519e-01
3.409206846888259146e-01,4.803334250027634367e-01
3.488071431305194148e-01,4.733927455701651410e-01
2.714476854228670133e-01,3.367830254109789867e-01
1.508860668653531634e-01,1.348448830175871249e-01
2.077529241589215481e-01,2.123713040151443132e-01
2.157370014524757351e-01,2.223036696827353498e-01
1.787055309030659567e-01,1.714467713136736404e-01
2.198777954879221341e-01,2.374816818477627212e-01
1.403496699837812611e-01,1.230800067918193241e-01
2.304643835443262179e-01,2.521325768629430475e-01
1.699736843276474230e-01,1.593180354432691959e-01
1.246582485560525505e-01,1.033196217250192395e-01
1.434605573561416603e-01,1.270286165197133943e-01
2.400354963241942974e-01,2.812549220945785300e-01
3.229688302037591607e-01,4.196281250768199578e-01
2.949215291054451127e-01,3.625353963984658812e-01
2.438063204852232158e-01,2.675045200690212566e-01
1.124003777441431179e-01,8.683804201615438756e-02
2.100121797466764362e-01,2.370246688496761289e-01
1.268359748677049537e-01,1.108950971783030787e-01
1.131765609528520566e-01,8.926957635356533305e-02
1.139468813708688771e-01,9.022895521693027887e-02
3.244502895462072350e-02,2.379562978247484750e-03
1.161790563004471422e-01,9.167463049447474588e-02
1.534111596976847902e-01,1.398337154819954131e-01
2.409889496193287350e-01,2.697806215639277361e-01
2.725777370858473159e-01,3.318609099086941017e-01
3.220208655976546930e-01,4.182765427549862136e-01
2.404102937465533718e-01,2.692374523535353559e-01
1.492947073397044022e-01,1.274098980081206645e-01
1.316381302354502902e-01,1.087244480588084039e-01
1.986872510741787834e-01,2.036885976923316355e-01
9.583314219626555552e-02,7.345130212745469567e-02
1.576351157958771620e-01,1.498461587640316783e-01
1.342155065519800017e-01,1.128980530706926860e-01
1.517646169393219169e-01,1.349550847823287325e-01
1.685672305333170973e-01,1.685733425365860960e-01
1.599271061744320377e-01,1.489839552462533523e-01
1.441445035783732731e-01,1.230515982677690412e-01
1.300487047204600954e-01,1.030788019032243680e-01
1.865151101030423919e-01,1.858569805358114280e-01
1.652584331166634668e-01,1.535593139989344103e-01
1.975742061692815077e-01,2.147382987562526657e-01
1.377607657128694374e-01,1.147107276258924058e-01
1.200542330052142143e-01,1.002333800830286781e-01
2.314963617676334962e-01,2.588067836157154633e-01
2.307994425665854665e-01,2.506910769294520835e-01
2.230394506663359588e-01,2.487463096101596438e-01
2.309854762730826350e-01,2.523042448382765146e-01
1.768751472113015422e-01,1.696739044328612611e-01
1.376329736244693569e-01,1.170951265644778749e-01
1.775099954989386997e-01,1.694080738910282435e-01
1.595385228595719851e-01,1.468169980457609824e-01
2.251531972255619019e-01,2.532050903396463881e-01
2.613062683061610492e-01,2.970019966255507127e-01
2.125771437979380729e-01,2.194345534061512282e-01
2.010775459824513112e-01,2.111858217849609809e-01
3.235437349931326589e-01,4.317754707524665281e-01
3.068172994635549600e-01,4.046837826882273559e-01
3.072328110043426874e-01,3.917520341008947637e-01
2.788205497135685662e-01,3.468166081199022810e-01
3.015668550905982737e-01,3.780412580637637632e-01
3.869902153433560921e-01,5.710622377558101093e-01
4.039610234076790873e-01,6.235906277498128869e-01
4.195973918720403151e-01,6.672057303241895054e-01
3.730035435271352728e-01,5.439895924823996420e-01
4.362918912423519036e-01,7.018314115787251950e-01
4.279850457520948948e-01,6.775290175929850056e-01
4.035326346942724740e-01,6.190009599356213199e-01
4.070329235821765756e-01,6.321421318778308596e-01
3.776836878711673506e-01,5.434642431355773962e-01
3.514649580350580615e-01,4.898497470070603543e-01
2.757328800551186454e-01,3.357113050694723322e-01
3.129456818080967873e-01,4.125174911240402920e-01
3.811906116682286516e-01,5.561843809677289308e-01
3.598445281563125153e-01,5.072136995127871639e-01
3.293634372743265981e-01,4.332897871954111690e-01
2.054461579660697423e-01,2.085899407514427151e-01
2.367210294575198826e-01,2.654377514654662207e-01
2.442594981099721341e-01,2.743526203249980200e-01
1.014358044669296660e-01,9.039099054172154701e-02
1.603074887386155833e-01,1.492447629648380181e-01
2.313361613178857024e-01,2.525402124470059184e-01
3.242214107293861503e-01,4.260632879829305830e-01
2.898725652881861681e-01,3.656806433486196051e-01
2.361015489682810331e-01,2.660205392742501784e-01
5.946367267237687160e-02,2.884906216638866150e-02
1.087210603537506759e-01,8.136139639596623452e-02
1.942491777410086939e-01,1.943046278986686193e-01
9.996028426693238933e-02,6.975339549710739273e-02
1.556306011098420039e-01,1.404505173347571079e-01
9.453676278053357862e-02,6.864476995943985527e-02
1.263342092980525300e-01,1.045225859446324984e-01
2.541872402338378745e-01,2.856363414580877502e-01
2.702184630162476342e-01,3.338770153557240605e-01
3.921779872512779486e-01,5.751759379063783317e-01
3.202025478016047866e-01,4.181810835689209749e-01
3.623912676947757538e-01,5.192984042307905446e-01
3.777595662933155296e-01,5.428390617673900520e-01
3.893597604660347655e-01,5.797177369920318846e-01
3.284517071866803750e-01,4.327454171283544593e-01
3.185275303200500452e-01,4.117112183915816459e-01
2.431481882295521424e-01,2.659476482476859638e-01
4.399819203180006105e-02,1.032339147638595966e-02
8.172345917904175194e-02,5.022469367909775800e-02
1.902647935770872267e-01,1.932721354347185505e-01
2.276309657681390985e-01,2.464945815786879768e-01
2.694091147891453097e-01,3.223523074780693110e-01
3.298780935857766883e-01,4.342892503562456041e-01
2.692259350025702491e-01,3.139368075599467955e-01
2.853722109893829240e-01,3.539336969908792319e-01
2.904714765480538863e-01,3.634338090843880487e-01
2.859328876817262000e-01,3.455247709361100039e-01
2.883095363946004408e-01,3.605376559604249187e-01
2.717711991109107994e-01,3.211450383846363721e-01
2.732099735127257456e-01,3.282218238788331410e-01
2.571535691328420414e-01,3.022385963456507563e-01
2.993754892851027138e-01,3.804538669121640959e-01
3.221970414964134277e-01,4.241489910508631778e-01
2.595157230860946629e-01,3.023131634544529711e-01
1.123798423461509072e-01,8.418237935129205263e-02
1.643160683994700777e-01,1.512248542236855897e-01
1.771108152599235874e-01,1.859951786854984745e-01
9.844799515026771142e-02,7.201802887172541190e-02
1.394179951886290181e-01,1.144623671842847357e-01
2.300598400580123604e-01,2.573340196401908142e-01
3.003475431913456006e-01,3.977001835867417512e-01
3.718843196169752674e-01,5.446839901177205068e-01
3.371889503459751802e-01,4.605256111629701388e-01
2.883051835661527007e-01,3.534750668358867531e-01
1.843585659638418972e-01,1.899509817193944516e-01
6.507743839888929793e-02,3.047774534071732294e-02
2.009230666215020278e-01,2.233874812259914744e-01
2.037863757535129661e-01,2.121593462935371377e-01
1.949826261475810230e-01,1.984541032436072383e-01
2.482033177391841094e-01,2.825769441004421512e-01
1.184833622846858808e-01,1.019857759217407955e-01
1.855200512903766308e-01,1.859213586865626211e-01
2.389494171619493956e-01,2.636919471520881575e-01
1.484871665810730823e-01,1.425989038370053530e-01
1.807831344830702069e-01,1.749556372709655250e-01
1.641913006250645402e-01,1.518430051479217613e-01
2.273008248372903883e-01,2.450386167141557492e-01
1.706364196695255298e-01,1.698152134483866260e-01
1.174628101956738807e-01,9.785801731277501969e-02
1.051146015172172155e-01,9.300860492519402722e-02
5.571275088137381259e-02,2.365150252838733175e-02
1.396165307170152137e-01,1.266257675351902534e-01
7.676759886678957701e-02,4.865940786788833933e-02
1.372842875622407033e-01,1.229947143919407349e-01
1.380819674129237506e-01,1.201058027811690854e-01
5.602661407216607409e-02,3.243938235743398790e-02
1.096575955815716902e-01,8.234123944828106167e-02
1.644422294228726489e-01,1.578142306705471454e-01
2.174297538579319233e-01,2.407794068988710900e-01
1.969829327926113094e-01,1.975276918321796082e-01
2.417757824519800591e-01,2.749117519582192637e-01
1.799122952472745340e-01,1.701828317363595910e-01
2.170598159265480220e-01,2.326844433980953808e-01
2.454441018809543074e-01,2.745824807802179635e-01
3.814469280883051039e-01,5.605951295848192739e-01
3.297484839224669173e-01,4.393218602498852876e-01
2.915918028439594689e-01,3.583185223738785119e-01
3.290086829013950664e-01,4.322887605497260366e-01
2.852341490253336720e-01,3.450233346067377860e-01
1.041856516422129952e-01,7.741202423256869636e-02
1.329148942426772728e-01,1.103304537503728561e-01
1.783815171465591431e-01,1.742806861353823344e-01
2.712046470334779635e-01,3.290231255531059218e-01
2.687835173484101059e-01,3.158402968782074161e-01
2.948699654107628798e-01,3.844488509253460862e-01
3.102691858475882802e-01,3.990684926370381413e-01
3.246343877123908928e-01,4.208893641952313747e-01
3.766674295227063762e-01,5.552095994487460384e-01
4.819564810837847491e-01,8.603119025423237032e-01
4.837179719482619378e-01,8.590652962211109411e-01
5.124655275432127288e-01,9.886955551993896751e-01
5.057978062236468952e-01,9.433374284492240802e-01
4.522971416794903110e-01,7.580145373391014019e-01
4.806719412821781057e-01,8.467662046447472779e-01
4.914104965165176364e-01,8.941206249812146956e-01
4.732568662660286973e-01,8.303730119411790733e-01
4.644577611459841382e-01,7.983544029968080435e-01
4.520263110137145435e-01,7.611373888809107591e-01
4.622445589222886064e-01,7.855678935040547595e-01
5.070006016720081110e-01,9.568033627348121462e-01
4.952566854783964634e-01,8.984976307782013283e-01
4.972891300048571384e-01,9.175753324696410695e-01
4.790581526822444425e-01,8.567917668938463960e-01
4.652360144813482146e-01,8.060162005843719557e-01
4.225880800473156840e-01,6.612870458060476908e-01
4.112563831955567406e-01,6.315653612562976971e-01
3.905617732269341391e-01,5.862703300200946543e-01
4.084645593370915817e-01,6.254352450465312518e-01
4.016660011736335467e-01,6.099432206202802798e-01
4.168381967470942140e-01,6.648118896268507827e-01
3.951583491201792198e-01,5.890230882835791881e-01
3.567466902127179318e-01,5.097903269802132042e-01
3.429381614995020144e-01,4.650214114825734213e-01
2.950857417058307397e-01,3.741083994867889784e-01
3.258080137780059449e-01,4.345897481320177280e-01
2.478329528318581332e-01,2.956037139606336184e-01
1.517702935167491163e-01,1.420745230861173991e-01
3.908958441296499220e-02,6.294960366746069763e-03
3.716602490002234721e-02,5.626967275788923029e-03
3.700145232880603513e-02,1.136281972194179424e-02
9.892215168341614295e-02,7.527778891736273958e-02
2.060784364283464454e-01,2.200180230654894542e-01
2.097317739015780447e-01,2.132615015263499003e-01
1.961108098438068548e-01,2.126614003372698514e-01
1.218143325497078600e-01,9.353238044735671941e-02
7.712629113311134099e-02,5.334333970044710660e-02
1.197193107314612481e-01,1.007489928096956394e-01
7.522816241873434007e-02,5.023730571005650958e-02
1.136646148579756044e-01,9.584126890176029867e-02
1.122045570916987145e-01,8.985445807175101995e-02
9.822939253638481027e-02,7.390712561231099764e-02
1.482716217895722333e-01,1.276686334038518444e-01
2.292857137590691430e-01,2.536205553764932508e-01
3.027506018771254914e-01,3.890389898950791792e-01
3.842211193636919098e-01,5.632527518292552715e-01
4.056289693315558997e-01,6.261916750290773548e-01
3.819714997864222528e-01,5.575835575387083631e-01
2.736564910912581139e-01,3.375228577833598864e-01
3.917394656908395612e-01,5.863641660229585995e-01
4.244245978597449009e-01,6.645310281745618886e-01
4.030342953502364933e-01,6.116443151671523415e-01
3.715176497421258106e-01,5.373090189661289262e-01
3.358929906089975770e-01,4.525557967824932470e-01
2.667987007112014863e-01,3.206902337110767998e-01
2.434945982304592416e-01,2.698907194226637385e-01
2.451912499773208631e-01,2.729919787757909000e-01
1.223874526188985790e-01,1.032314560183391766e-01
1.670159602590531867e-01,1.600327752500959599e-01
8.310001421388590881e-02,5.845339416108458891e-02
9.374070928119290769e-02,7.583329229963368945e-02
2.752972662579500907e-01,3.227100958007808607e-01
2.799736931621163993e-01,3.314119555690425711e-01
2.544899856646496983e-01,3.080168679128436060e-01
2.037913715369861489e-01,2.083180527637551460e-01
2.305490487072085759e-01,2.715707393803707959e-01
2.806700106842656139e-01,3.382632859979983753e-01
2.299623375595053476e-01,2.553333383182959659e-01
2.237970778074108436e-01,2.447154358652844364e-01
1.921220219963971632e-01,1.983272531740869482e-01
1.970545291774932761e-01,1.967252681669046654e-01
1.447807025981502071e-01,1.448371509681535274e-01
1.768370382375905325e-01,1.721003044085972766e-01
1.730570865539989844e-01,1.648057606209952786e-01
5.341767781593087516e-02,3.077485686529602554e-02
6.647261772694038062e-02,3.376804407432082433e-02
1.635220583954462015e-01,1.479728125306798425e-01
1.266440667586890279e-01,1.013525201673550896e-01
7.759121997809646787e-02,4.759900477562904741e-02
1.029368377736402940e-01,7.948077084427949968e-02
1.392268920901723050e-01,1.264182852356967313e-01
1.903804123387392577e-01,1.894518333982355973e-01
4.654968780270481860e-02,1.918278460513074546e-02
3.172595655722441205e-02,7.281030836383713123e-04
3.172595655722441205e-02,7.281030836383713123e-04
7.844984876838642651e-02,4.739966867979947263e-02
1.025931299879568326e-01,8.035699176263513821e-02
3.936640193295069812e-02,8.647992961850411997e-03
1.116653510220791262e-01,9.108718321880142355e-02
1.523405384357281733e-01,1.434345058063080380e-01
1.505090427184540003e-01,1.358468041944863591e-01
1.390915543242777774e-01,1.236725457367709308e-01
9.293002364077343480e-02,7.803986943281103483e-02
1.191955403706693728e-01,9.852484305063016756e-02
1.447132494251926194e-01,1.307862202753900804e-01
1.276655237982507185e-01,1.042967240765220044e-01
6.388722209034075616e-02,3.455067498466876663e-02
3.243115644445100365e-01,4.320004687874496874e-01
3.393262117486190999e-01,4.490639218909605601e-01
4.321317742695675035e-01,6.888210425815147753e-01
3.925448655569067080e-01,5.877958809508097016e-01
3.478645458589272321e-01,4.773148079537791744e-01
4.615047543030856847e-01,7.867148177075496962e-01
4.957550408192051838e-01,9.311293674079729188e-01
4.534468252772688723e-01,7.779649771761545374e-01
4.786021458816381857e-01,8.486827858119346812e-01
4.548630036049829961e-01,7.830856354615423065e-01
4.815132943145911670e-01,8.675710741853540631e-01
4.146992083583704858e-01,6.506895811077071379e-01
4.050394670473883019e-01,6.298080083818379249e-01
3.976739814614747015e-01,6.018796332505228497e-01
3.319464943648927635e-01,4.390847760245835119e-01
2.721093529162770808e-01,3.231713349579194983e-01
3.043820245736035823e-01,3.820013290850227117e-01
1.446886314055308986e-01,1.350511080393971830e-01
1.719189149942994266e-01,1.601211199185929579e-01
1.401053912219453190e-01,1.181119186824575173e-01
5.645123194188988308e-02,3.552274463714715641e-02
2.153467066250205897e-01,2.270688709211199363e-01
3.279222210247400571e-01,4.277295405640474391e-01
3.436141751637837860e-01,4.615730824303794777e-01
2.734453101798776098e-01,3.251734571947361152e-01
3.322366339612717323e-01,4.313008433607780634e-01
2.922400535235565311e-01,3.617182695089650180e-01
2.867297047101973750e-01,3.459644284396066749e-01
3.975667953048430681e-01,6.202867768454355391e-01
4.988456092078260573e-01,9.167846621906726723e-01
5.069092031914379515e-01,9.514597166181238963e-01
1.095416677585638737e-01,8.919219738132616593e-02
1.668958218113622272e-01,1.542215511932760186e-01
7.047304226433834251e-02,3.784452454190200682e-02
1.461227856047597751e-01,1.237336389509370999e-01
2.632250632270097812e-01,3.136894267027641181e-01
2.915133609954647098e-01,3.591220163171053859e-01
3.221191386193025252e-01,4.194191107616379588e-01
3.658831561366275298e-01,5.235726107665441553e-01
4.082777625335449745e-01,6.230246956992644414e-01
3.944573037511580615e-01,6.093544508102430868e-01
3.723852319368574082e-01,5.303124154477136809e-01
3.527735698006278509e-01,4.792075353415279904e-01
3.949714391576091277e-01,5.866728755498299419e-01
4.533456596219590518e-01,7.637545138089063546e-01
4.730745769553631463e-01,8.350224002499839759e-01
4.138827651500740501e-01,6.550545768171942562e-01
3.890501230677710920e-01,5.807255412761178626e-01
3.642862860148218807e-01,5.126912006902583085e-01
2.931699511394167956e-01,3.649008750626470121e-01
2.699080116844389532e-01,3.196574528286842964e-01
3.853840064560755119e-01,5.769186073116358004e-01
3.542055020203130344e-01,4.897730088227255640e-01
3.197641000245418086e-01,4.186264510590912424e-01
3.652221046685858452e-01,5.324910809178449167e-01
3.709564871494188676e-01,5.317201378044758009e-01
3.477504829331228842e-01,4.691580288054436054e-01
3.558600426209564960e-01,4.961298139320315936e-01
4.086340861083840315e-01,6.221577986479023270e-01
4.124445229154760639e-01,6.354863546815430198e-01
3.355798066845530614e-01,4.488137390583138986e-01
2.510279456554279642e-01,2.856275185408252426e-01
2.882711707086657582e-01,3.550099854139464051e-01
3.061154934456780108e-01,4.122159955332148629e-01
3.227499266583280790e-01,4.228359462149720027e-01
3.846806004147683145e-01,5.721537687519476778e-01
2.527016287713444997e-01,2.850540024464942590e-01
3.102162316206192871e-01,3.923990753194048220e-01
3.356668224792789257e-01,4.487532164645859356e-01
3.694525639587115107e-01,5.303850524187849746e-01
3.401773690922381688e-01,4.538184315200843311e-01
4.119112332638852347e-01,6.412302987369903340e-01
4.489623427575510362e-01,7.550169656284763109e-01
4.568332198243982289e-01,7.735984773343760335e-01
5.027466419661524855e-01,9.333563270713478577e-01
5.055588687257168701e-01,9.401946138413445064e-01
5.108701207718995274e-01,9.758348063039070652e-01
5.140417445131884033e-01,9.794965845915331037e-01
4.242389426166217059e-01,6.667149038301638519e-01
4.522330080158402099e-01,7.712265197629688540e-01
4.518740042183820305e-01,7.729558801860789696e-01
4.727879332911914534e-01,8.279562894251381033e-01
4.281449491265059137e-01,6.843791192090789011e-01
4.576013650235447594e-01,7.672661203838037070e-01
4.436018705744770863e-01,7.432132978084846631e-01
4.236633087310032741e-01,6.715045610861413161e-01
4.078407245043244589e-01,6.340605826330569794e-01
4.109959799480286113e-01,6.421119025401755831e-01
4.770362065099167936e-01,8.296374489739337665e-01
4.498039690966576520e-01,7.393931678709819710e-01
4.596151793325974899e-01,7.838898784320459390e-01
4.784292203190368409e-01,8.454575477339999479e-01
4.435045394652665229e-01,7.258831095922061438e-01
4.355463328970612391e-01,7.148057907666151012e-01
5.066463166821828512e-01,9.824627775218116588e-01
5.064731057920117685e-01,9.445753685069476768e-01
5.025570475464314901e-01,9.347758843715510135e-01
4.866682977335100024e-01,8.746522014098353504e-01
5.040908988778296518e-01,9.390896291228030268e-01
4.972838100476761336e-01,9.219621288513035751e-01
5.090348698944119343e-01,9.686866349957234945e-01
5.087506449608083514e-01,9.554800691507778776e-01
4.939754513294171145e-01,9.014072957559470245e-01
4.887684360805619743e-01,8.847244549604187380e-01
4.665590277449898071e-01,8.215161013573285542e-01
4.103201374074767482e-01,6.299404561043142614e-01
3.339075389980841191e-01,4.394504703865636519e-01
3.241436330632441187e-01,4.356954133717761968e-01
2.373693904495619567e-01,2.594115927905847885e-01
2.432742150183583585e-01,2.761563200186720746e-01
3.729651520540483434e-01,5.310412086906655116e-01
2.762005460348849195e-01,3.295973417362872415e-01
2.947284329667072544e-01,3.824172888639654766e-01
2.218046161584666942e-01,2.380092941494044434e-01
1.626782801668290035e-01,1.571772236341190121e-01
1.186986701519818777e-01,9.578742582931501492e-02
2.126524722056596650e-01,2.313341306054094160e-01
2.249841999742999421e-01,2.409630107908774521e-01
1.214956708779974526e-01,9.540551498333878222e-02
9.793466234580891494e-02,7.374597057187322335e-02
8.148187794346289925e-02,5.702681616836181161e-02
1.273392444741205387e-01,1.094037137900332191e-01
1.894038234365496010e-01,1.928627190085378806e-01
2.716674726071179879e-01,3.318057606837067630e-01
2.576432770466067779e-01,2.946742584928667696e-01
2.099976062774719376e-01,2.213301013748315560e-01
1.651983692199634479e-01,1.651684794956486124e-01
1.589644043827382336e-01,1.513459135106237641e-01
1.809254786217340816e-01,1.827157149446905215e-01
2.205290559622255231e-01,2.319105603602860111e-01
2.242063642598901008e-01,2.480884920676634520e-01
2.043739262322718797e-01,2.182201020934549929e-01
2.867339068038978755e-01,3.562966773220529459e-01
2.127548068399325587e-01,2.266267400708898705e-01
2.935000765674704581e-01,3.695518598958779100e-01
3.354960510455229361e-01,4.422401985496663412e-01
4.184195250344694972e-01,6.612085154963625033e-01
4.100931739776277896e-01,6.283883428445213859e-01
3.630843433410342880e-01,5.136145681878075964e-01
3.811912609254241580e-01,5.605478032430486479e-01
3.472924887839408670e-01,4.774385822709331095e-01
3.714563332664508888e-01,5.417835320805364230e-01
3.649203084727863922e-01,5.215149931162880170e-01
4.153620376553315285e-01,6.461682064402589631e-01
3.915020488993340986e-01,5.805624151635744301e-01
2.940901248921967692e-01,3.610885719039723107e-01
2.646282638100970197e-01,3.221232462859346390e-01
2.555572185629870763e-01,2.955301747897544629e-01
2.698703869643917508e-01,3.156588478080264437e-01
2.588233764094225453e-01,2.992789004244624795e-01
2.736404075164159400e-01,3.361244283376315645e-01
2.637132079529640460e-01,3.125268519640233555e-01
2.412059433399179054e-01,2.718752986607325117e-01
2.533079743574302989e-01,2.971952400052452758e-01
3.132919503566961028e-01,4.089067206968343693e-01
3.503234749041854168e-01,4.816861317213346205e-01
3.181151731560933893e-01,4.370988020608368996e-01
3.226690907184286972e-01,4.220425136465071891e-01
3.599429925070550818e-01,5.248903277902724485e-01
3.370637377654039923e-01,4.438273369186518935e-01
2.745680353422190745e-01,3.284309339610754774e-01
2.191139355123024879e-01,2.446308172114533275e-01
2.281326363147940517e-01,2.514282606754725258e-01
2.742436798202737003e-01,3.348573748271721495e-01
3.745010411699599140e-01,5.345860232172823245e-01
3.953535104559234292e-01,5.951931464778325021e-01
3.556249456915365204e-01,4.904048748629777910e-01
3.373774101896649391e-01,4.532409377249352334e-01
3.468296953918934555e-01,4.718735105228947790e-01
2.886935626806425015e-01,3.792492892502425383e-01
3.291847037719810576e-01,4.367922646212303306e-01
3.310463107213021949e-01,4.389492170289806539e-01
3.362728257382892605e-01,4.582915616908907475e-01
3.176807628548834472e-01,4.182138534662025453e-01
3.679777774983343797e-01,5.229861546575058640e-01
3.976229508196318374e-01,6.058479169098216488e-01
4.560882661006696037e-01,7.739650531402217926e-01
4.727796747966609425e-01,8.191989303389047850e-01
4.717543505980120178e-01,8.236794643519769199e-01
4.999155860999983658e-01,9.215906176788792870e-01
4.393023131633836953e-01,7.164011620838159899e-01
4.060393229461051745e-01,6.342553529544354696e-01
4.694056610553741793e-01,8.274510066123328400e-01
4.989016046921693204e-01,9.245209982036312057e-01
4.357748882345926500e-01,7.145630043465467374e-01
3.649184331958625904e-01,5.185139618486140911e-01
3.236241087280312123e-01,4.209704653778547634e-01
2.876099494112415722e-01,3.454013577097307941e-01
3.709712301214914687e-01,5.454325266154889107e-01
3.799109682330079063e-01,5.481444901461800523e-01
3.935368114798066808e-01,5.926466546676232294e-01
4.514076346273168672e-01,7.497085847890853083e-01
4.536838371129220948e-01,7.628807780923332338e-01
4.779826568663514408e-01,8.503631290945806720e-01
5.018439368122996624e-01,9.321358284768300750e-01
5.156950686883269297e-01,9.852073856383104511e-01
5.135252478353478089e-01,9.784012197899486507e-01
4.923594191244742846e-01,9.125273800983990657e-01
4.882084125789192264e-01,8.688000607702056621e-01
4.662636720608962504e-01,8.121356190768068695e-01
4.426492953153263188e-01,7.207116860097584343e-01
4.524022927790600779e-01,7.564183664489847470e-01
4.848630690632758089e-01,8.733284881264650190e-01
4.587065068992072780e-01,7.744091396503863800e-01
3.786264500183942894e-01,5.569586288854183609e-01
2.707405367307842425e-01,3.194791305882669352e-01
2.114983635028644393e-01,2.181534474219106179e-01
8.034506534917834619e-02,5.703222760721882167e-02
8.460336375913078688e-02,5.399548619318773890e-02
5.547952301759810634e-02,2.613719108398093738e-02
3.909455267053039973e-02,4.797458751351244347e-03
6.500215063946492011e-02,3.956512481854866647e-02
1.098889192241653823e-01,9.182149332058951730e-02
1.716370555643815243e-01,1.655951533002169851e-01
1.697996589672569057e-01,1.594044632293708519e-01
1.407307896504088329e-01,1.258211071844546614e-01
1.527036654376729141e-01,1.408099492026383681e-01
8.317628554598564816e-02,4.882139862778854533e-02
5.871710281497665579e-02,3.069670030194987520e-02
9.766288091925909298e-02,7.033156414153776681e-02
1.808728253565276001e-01,1.764049853796401668e-01
1.528038011063618806e-01,1.365369325726351057e-01
1.059458377774251669e-01,8.382943296312971027e-02
9.840633338200528712e-02,7.392752684835493526e-02
7.749675356204907550e-02,4.713236497471713637e-02
4.283481902265338925e-02,1.446616208204302978e-02
1.276708918409933391e-01,1.066858338142151197e-01
8.826891976514740501e-02,5.568095220778274818e-02
1.044285543245950520e-01,8.753336677018418166e-02
1.861915863632738199e-01,1.808336915222110430e-01
1.455968154775800771e-01,1.351697867414126952e-01
3.308206639804130156e-02,2.439123528011802322e-03
1.040941944509840011e-01,7.284309196943727915e-02
8.690576300719998759e-02,6.924948129239333339e-02
1.268994597132658553e-01,1.030275137792279194e-01
4.376430189142651445e-02,9.750866274480095297e-03
5.254164846684881984e-02,2.424340408170871930e-02
1.211258025370546693e-01,1.016980735895797183e-01
6.521508106334214516e-02,4.021918862208587880e-02
3.244617442919386224e-02,4.365149111168357965e-03
3.014953800239593071e-02,1.195498147806461214e-03
5.431121364592214618e-02,2.207321420111998944e-02
7.775962851311701840e-02,5.188560329354528072e-02
1.184571487334440815e-01,1.005490829658497315e-01
1.544588480616838899e-01,1.481720316781253988e-01
1.996237233361103924e-01,2.038004351204387443e-01
2.943614068388461513e-01,3.617804032981913331e-01
3.268540474021622844e-01,4.376501402587255063e-01
2.104880997917070451e-01,2.199271071780133646e-01
2.763813185963361896e-01,3.329820809015904826e-01
1.691591853172488835e-01,1.618060345658680621e-01
1.096485402410594667e-01,8.647941042190734895e-02
8.307835420440279339e-02,5.309616642149397187e-02
1.258865703703998529e-01,1.033739776719989900e-01
5.662014813142667025e-02,2.589526738339606796e-02
6.941709361707613934e-02,3.363435070092935658e-02
6.594363752303809834e-02,3.293739146052941658e-02
7.125659774754705689e-02,4.068018740778975989e-02
9.776293818051531859e-02,7.257623884074351772e-02
4.655865802021973143e-02,1.556932216119904025e-02
1.563025079028566022e-01,1.417585478770077290e-01
4.011622524218031588e-02,1.119101560490469438e-02
5.920916658322358112e-02,3.330492424749124936e-02
1.632087343995300976e-01,1.504518732737044895e-01
2.180158555483275029e-01,2.317568678409200333e-01
1.546484736407495730e-01,1.414462850384469728e-01
1.750611154338080067e-01,1.745531627768302230e-01
2.863581845224071332e-01,3.444636917153868771e-01
2.748408162595770143e-01,3.384279778642851899e-01
3.477170615253462049e-01,4.721553723896427246e-01
3.580306990115139087e-01,5.094530577090115031e-01
3.845323170265250168e-01,5.884928714343868883e-01
3.957266659097918304e-01,6.039909166416371766e-01
4.278913368994286537e-01,6.896259936686683911e-01
4.723451788806329876e-01,8.216863349713922071e-01
3.654270256183215770e-01,5.188985823396125019e-01
4.043879847979368614e-01,6.108480524043446991e-01
3.193988786791009948e-01,4.243852649425308710e-01
3.635504037412989331e-01,5.230715213498027261e-01
3.454844533744984014e-01,4.682024576457830545e-01
2.713254391476959126e-01,3.242655321682210157e-01
2.255826346477213529e-01,2.400827885993071786e-01
2.688178015684319910e-01,3.204607376676283370e-01
3.126185202784489414e-01,4.037527709331616976e-01
1.265310432851985134e-01,1.094447680135214040e-01
1.316854249153963929e-01,1.114499277917687936e-01
2.142714175397495147e-01,2.264265323752575887e-01
2.322626276048872229e-01,2.603055033295176290e-01
1.216546735812224916e-01,9.961025495424227771e-02
4.223223374250154732e-02,1.176340247951417062e-02
1.221372757155869959e-01,1.033090889001271329e-01
2.206193331064634222e-01,2.341889259083079489e-01
2.268668237613380989e-01,2.517572279624695764e-01
2.202662459626443525e-01,2.369584844279222224e-01
3.394166032023129276e-01,4.546318347623797829e-01
2.968293879595589324e-01,3.706399890633025329e-01
3.744861303721985779e-01,5.423548675777682959e-01
3.264343519283744444e-01,4.279129600015224022e-01
2.853333099453148614e-01,3.530688465420432354e-01
3.770381472111397625e-01,5.417475711510812975e-01
3.147229200729979026e-01,4.080308226723873832e-01
3.446829165286384722e-01,4.758288549209380158e-01
3.768972040285072933e-01,5.468982159017568012e-01
4.312104854374440022e-01,6.944384964687466688e-01
4.001618493756418093e-01,6.012076286235846778e-01
3.982588853599259293e-01,5.961309889467639733e-01
4.729737025267908845e-01,8.199021152853043226e-01
4.401513965648417570e-01,7.241269698101202579e-01
3.952699880571450275e-01,5.981778673481730202e-01
3.940104093456311407e-01,5.807827694005929242e-01
3.123575166672705183e-01,4.158515634953822149e-01
3.173121804367898258e-01,4.225711126221262104e-01
3.554214753217368461e-01,4.888193430805667927e-01
3.672600378265764576e-01,5.392905404612728937e-01
4.117810551587652301e-01,6.507961261107471085e-01
4.383694873036560469e-01,7.228053491942449948e-01
4.635753806822657253e-01,7.997769644655574606e-01
4.265858885273294820e-01,6.751826784904950696e-01
3.656520565610107965e-01,5.254658729008891971e-01
3.396474244024597633e-01,4.595612914698458673e-01
3.599505260165585807e-01,4.974192830008039024e-01
3.827830321149616188e-01,5.602506178973645223e-01
3.934232474444904759e-01,5.904610145237049190e-01
3.883713636807853420e-01,5.753246666080460425e-01
3.253858203799555593e-01,4.384437569293294090e-01
2.777493628130870418e-01,3.330477832176125808e-01
2.029566794630329463e-01,2.108073571294033777e-01
2.598967441461613737e-01,3.010911735803716294e-01
2.360853195765960089e-01,2.590843380726862710e-01
2.325947715262683679e-01,2.569206477037043745e-01
2.098708747553814369e-01,2.178237806247237673e-01
3.071257966524774119e-01,3.785876302213103672e-01
9.545255499440724600e-02,5.298324887840994563e-02
1.055303421005313325e-01,6.455636339911112465e-02
7.065144041686582943e-02,2.437443389208503175e-02
8.424778349666592336e-02,3.514485236990970429e-02
1.405591481196465375e-01,9.746127653781937183e-02
1.844164583581517636e-01,1.606786656724192297e-01
2.131206687784649445e-01,1.968133255845708751e-01
3.313784427018315881e-01,4.041428145820417650e-01
3.997716385882152945e-01,5.777453959006383366e-01
3.847726906930893365e-01,5.257491869741115487e-01
2.614494974307440267e-01,2.759207441296356866e-01
3.135446172517078467e-01,3.732962646937538209e-01
1.617565133152082668e-01,1.410040581824418271e-01
4.170407102802229371e-01,6.020192035819793563e-01
3.871719503471304225e-01,5.217905724766770392e-01
2.055320944732160204e-01,1.888604140850818069e-01
3.730201926161171300e-01,5.302373215244782223e-01
3.058442541857188113e-01,3.689462953477750662e-01
7.359632130890983448e-02,3.039138453714112023e-02
6.292257487636271351e-02,1.869242989135213792e-02
1.939653004844931194e-01,1.990109786379529178e-01
1.976219638983730542e-01,1.766212431850172071e-01
2.480174746239887373e-01,2.739601526808629894e-01
4.163182379174646952e-01,6.154931429517126462e-01
4.349361547389541394e-01,6.661002781639970838e-01
4.946469126871371746e-01,8.716741650559945986e-01
5.116468736465462630e-01,9.052367555076878958e-01
4.726560255925414955e-01,7.906025633562638877e-01
4.498247739976969362e-01,6.931387662145774842e-01
4.780501539998504024e-01,7.945514030668211491e-01
2.775313830457384334e-01,3.064307853551097027e-01
2.958915248766184058e-01,3.366765696239597538e-01
3.561709157797507963e-01,4.560502026362965866e-01
2.342352350625447888e-01,2.395753024743861870e-01
2.312786938446834972e-01,2.338660387378119765e-01
1.596899760522422218e-01,1.386780244267365458e-01
2.615098275753252044e-01,2.896937970796744088e-01
2.049265303198049559e-01,1.881392217289402646e-01
1.357215989059625538e-01,1.046130061645093312e-01
1.053735177713116672e-01,5.701516414372499036e-02
1.398649903856003518e-01,9.639473260104472474e-02
1.613083883951794972e-01,1.270759165149265568e-01
2.569931937438112435e-01,2.577890938866737591e-01
8.600853777252862042e-02,4.162081187772995877e-02
1.065103691325090668e-01,5.737574320934954453e-02
3.965463027367652216e-01,5.615394377035914930e-01
3.912989771089235846e-01,5.507081255433317057e-01
2.014269424562289135e-01,1.866633090238170589e-01
1.143223913566883548e-01,6.242367868458262997e-02
8.641812503019577485e-02,2.826443923839636746e-02
6.136149721851993921e-02,1.494026399714135783e-02
9.328449133005738136e-02,4.553603145019032017e-02
9.328449133005738136e-02,4.553603145019032017e-02
4.959846786157995346e-02,1.536944765458923834e-03
4.959846786157995346e-02,1.536944765458923834e-03
7.651901288853081573e-02,2.798172705146042410e-02
3.730409962071585817e-01,4.983102767175311421e-01
3.891790460151777764e-01,5.486457927393340039e-01
2.678825409636360622e-01,2.811209128972017579e-01
4.952256462653328306e-01,8.465113770941282700e-01
5.138247716544576127e-01,9.142047071662593449e-01
4.518469844728255636e-01,7.227416221285754006e-01
4.975870354307042609e-01,9.111045929673362576e-01
3.397916677258129292e-01,4.148502437618611927e-01
3.011863080605421406e-01,3.486330576419218730e-01
6.618036412649283551e-02,1.356525735437161262e-02
1.121305622261521417e-01,8.105481522020083207e-02
5.094017316636198500e-02,1.514887990733537661e-03
5.094017316636198500e-02,1.514887990733537661e-03
3.127167229357031841e-01,3.737679571356297692e-01
3.750957474757223853e-01,5.109306678072993435e-01
4.992843305428805167e-01,8.578315081373624196e-01
4.427645391433482347e-01,6.771881930282198647e-01
4.797960622583433143e-01,7.988097226249756266e-01
4.756394183602885573e-01,7.792406712997507201e-01
4.678250244437368588e-01,7.673881353202203215e-01
3.637659533641885989e-01,4.906101217318866725e-01
5.167420801401834130e-01,9.387877185698437765e-01
5.044573049062855974e-01,9.239256806429241298e-01
4.611488029679513545e-01,7.390062918092612509e-01
3.797341666069455335e-01,5.438894113007222142e-01
4.206195414964969959e-01,6.065091150556930488e-01
3.234604083496941951e-01,4.010109209392326290e-01
3.000995305343245878e-01,3.435596946234711346e-01
9.992007513218073567e-02,5.949574807468624438e-02
1.524603977152046153e-01,1.104941249449136464e-01
1.143422703834903742e-01,6.855200313933333678e-02
1.387327978578320464e-01,8.986432726747936584e-02
1.864523592708227928e-01,1.756036952893538505e-01
8.386833473109177317e-02,2.995139170226364389e-02
1.348931706673025810e-01,9.668700849399677888e-02
2.276303892159105835e-01,2.209110692473673088e-01
1.682285047981329495e-01,1.506562302067341319e-01
2.749774180599690032e-01,3.022880877067791183e-01
2.969686787906062331e-01,3.327858037321556051e-01
3.377690889992212564e-01,4.243953754977118353e-01
2.396123081623367512e-01,2.317630498675465889e-01
2.210887247742459039e-01,2.434249274225186166e-01
2.122574067146896781e-01,2.312614483971079105e-01
2.743942546587062048e-01,2.945715417649503731e-01
2.007924837662476425e-01,1.948494340684312209e-01
3.088965960996073457e-01,3.576051899773505793e-01
2.120012208862347702e-01,1.966795525620518847e-01
2.754734449105077920e-01,3.069176117038073803e-01
3.652123151119594513e-01,4.728648447130019417e-01
3.474789724589757434e-01,4.358129647821396002e-01
4.459330157008423168e-01,6.923221476464334057e-01
4.351944961271572154e-01,6.623412268288744187e-01
5.127009727446896203e-01,9.265232356822272752e-01
4.898181377612885190e-01,8.272331996244974839e-01
3.542756349898496526e-01,4.447426655257458172e-01
3.874439941582402125e-01,5.400958562774754723e-01
4.125314674873084564e-01,5.866077593408827173e-01
4.935668821099950532e-01,8.545214623102950213e-01
4.263521089841850742e-01,6.507109772120664992e-01
4.104769093606331354e-01,5.972507902744143005e-01
1.925334420963647764e-01,1.615593974679255251e-01
2.345525098589555379e-01,2.490342430205125246e-01
3.196634003296301985e-01,3.751032266981074725e-01
2.175627278768284545e-01,2.180661871584048672e-01
2.023767319626893213e-01,1.810715706701372663e-01
2.938089111325328795e-01,3.364724208142414463e-01
2.961587558920196761e-01,3.396729667190117041e-01
3.612834630247732104e-01,4.612892128057737295e-01
3.100226224878434578e-01,3.790443518745595375e-01
2.103951131587361023e-01,1.968957514063729430e-01
2.797977483013942557e-01,3.070688970154998310e-01
1.523855087033340883e-01,1.120564291627326736e-01
2.360033820801593629e-01,2.359688186744532401e-01
3.432983877419031327e-01,4.303548246328238180e-01
3.235626829674907445e-01,3.968995892184654095e-01
1.866379281487317576e-01,1.577826250011488685e-01
1.701544820228554078e-01,1.606683990535356932e-01
1.709676431680945963e-01,1.295943334195525376e-01
2.245502371195705615e-01,2.114249450901158900e-01
2.989522173059360188e-01,3.347002599376314169e-01
2.750342882951893886e-01,3.151524515445011110e-01
3.135521933875676792e-01,3.889811168656219786e-01
2.676565778734090184e-01,2.886100786388163808e-01
2.968151530732984211e-01,3.279787416840456160e-01
3.616650416316491978e-01,4.585505936534446381e-01
2.302618654359289696e-01,2.193820765380254945e-01
5.718037585204392703e-02,8.442208452407520825e-03
6.740853605893777634e-02,1.731253074555249433e-02
2.394100083857797490e-01,2.464933370564733328e-01
5.797358555049425544e-02,1.865381350266759330e-03
1.813057033472513790e-01,1.774309511216760615e-01
3.467115642356200511e-01,4.566893029656170500e-01
3.724253783120870520e-01,5.112493547064551613e-01
1.271606596709326242e-01,8.928870983270092987e-02
2.519619196558887664e-01,2.738121830826835690e-01
2.449498541015384390e-01,2.557246060687080047e-01
5.224903537438655432e-01,9.955595772241894181e-01
4.937120705430199652e-01,8.707995536524502089e-01
3.990121372303233604e-01,5.485599611530325159e-01
1.952879916782495895e-01,1.738800132484272509e-01
2.434315322124713243e-01,2.417798726504644113e-01
3.480034041259671973e-01,4.368175379823000526e-01
4.525974256474376567e-01,7.241841181298439567e-01
1.657882359246687642e-01,1.285583284929838754e-01
2.226921123154929072e-01,2.076494415465933163e-01
1.485238008905797047e-01,9.999471731454570578e-02
1.933925397485219133e-01,1.670582214109775365e-01
1.784505001298326565e-01,1.617014436665997201e-01
1.102598221594846967e-01,6.638263511777714454e-02
5.877343880947297206e-02,1.014776974136290949e-02
9.548894871970825537e-02,4.357402217908229458e-02
1.993414643364875560e-01,1.775600466598933336e-01
3.226828569854052198e-01,4.031840076940977902e-01
4.235186889273274691e-01,6.103059191349934354e-01
4.517379348283391827e-01,7.337796011940876939e-01
4.788447953516358213e-01,8.185442421765788401e-01
4.876984310700986369e-01,8.403736046107217472e-01
2.834755519590553274e-01,3.045154189384209897e-01
3.384289670936498906e-01,4.294898986665857676e-01
2.683075689496789429e-01,2.906398336040926789e-01
3.439461843570371102e-01,4.295726700650954744e-01
2.967309627447278775e-01,3.543010340244477363e-01
1.721682901464220983e-01,1.417201775253646157e-01
3.196839390939999470e-01,3.906116946413626945e-01
4.336929843806029417e-01,6.650801432024671112e-01
4.768508284895635607e-01,8.055690518300044900e-01
5.120120340461475905e-01,9.416859851788441649e-01
4.715494118627511222e-01,7.906048517648658347e-01
4.077029341276737218e-01,5.885995322165107346e-01
5.092058409095241434e-01,9.475012968643583555e-01
4.822857217019963505e-01,8.334221155707493001e-01
4.757740173607284406e-01,8.050366464048175352e-01
4.256719259693321211e-01,6.211510337126913139e-01
4.319734867047139160e-01,6.614582397314516804e-01
3.745161065446091508e-01,5.191708738142922774e-01
3.810366155194477855e-01,5.138762084792880547e-01
2.742395132830441895e-01,2.997736792932819139e-01
4.489435626532563006e-01,7.440534310610096291e-01
5.008037331629457967e-01,8.846778408791349246e-01
5.105528623754577167e-01,9.444310524368579873e-01
4.717415019926941566e-01,8.053363901219334764e-01
5.303214693491883347e-01,9.913279965802809235e-01
4.961431463839588996e-01,8.673785339040939180e-01
3.298102875434849590e-01,3.982795616328067556e-01
2.910760159233155009e-01,3.450229930315104054e-01
2.557735308207536029e-01,2.833735372910483052e-01
2.646917732914956800e-01,2.665084947664949633e-01
8.812593217084879749e-02,3.491095614787105561e-02
8.532847746166914715e-02,3.385419478574150376e-02
8.532847746166914715e-02,3.385419478574150376e-02
3.672044677422226511e-01,5.048518382319837627e-01
3.693886504525104031e-01,4.875084563690456063e-01
3.537943553296693522e-01,4.734107570739118920e-01
2.531130366296864831e-01,2.559385201362328055e-01
2.029221742584113863e-01,1.961244546238840036e-01
2.367603889895115443e-01,2.582402773495517945e-01
1.571888653152992421e-01,1.155826659163803477e-01
1.971629966360106678e-01,1.834132577762855876e-01
3.331667293896496962e-01,3.957238502639059408e-01
3.173519363516689729e-01,3.762356280959600063e-01
2.984468354564646653e-01,3.424220011066637648e-01
3.739803910034889545e-01,4.983739109816661683e-01
1.417575344658615344e-01,9.543444918884383399e-02
1.115484208045958991e-01,6.561979495092688797e-02
5.652922030593214575e-02,4.666637306694185194e-03
7.543165936485025924e-02,1.837099788646748971e-02
5.008477333320618397e-02,4.033151290277682544e-03
2.063192145711293946e-01,1.894021863376824932e-01
2.005162047108077217e-01,1.750532390396024873e-01
2.907854039109166733e-01,3.445196635846662359e-01
4.378233029446464419e-01,6.804699088305699028e-01
4.268449691723679162e-01,6.199711136556230739e-01
4.753973341562198751e-01,7.786285226243412350e-01
4.443201586811489356e-01,6.793234315036520421e-01
4.941604736137197307e-01,8.448209827706320008e-01
4.577706338698556143e-01,7.384470113433140304e-01
4.639813874018869355e-01,7.471890999261262545e-01
4.624447192978157206e-01,7.712414720234841425e-01
4.417293503228882923e-01,6.843445761282553885e-01
4.669075700664909179e-01,7.655661669432441974e-01
2.835332625594378375e-01,3.226171633581729203e-01
1.974874862064205372e-01,1.666463054442901548e-01
2.907585498138353097e-01,3.340143978270841418e-01
3.845045881557085932e-01,5.449356843513933901e-01
4.247351965573732957e-01,6.378140182384043344e-01
4.081880680081433344e-01,6.086660254035577422e-01
4.530478084849446363e-01,7.168121346539795269e-01
4.202801640292935792e-01,6.240984086685865684e-01
1.365824605115504020e-01,1.040864868356364964e-01
1.976824013250501055e-01,1.692994960156147255e-01
4.183725992798861815e-01,6.117028993755232458e-01
3.648012737072378053e-01,4.894884519832152225e-01
3.266475690956135436e-01,4.167212312434122046e-01
2.132568216100646785e-01,2.230796941791719501e-01
1.284883780483485893e-01,8.624275165262282328e-02
1.822181355980766471e-01,1.483421592592927829e-01
1.501842007474085416e-01,1.084504199982228995e-01
6.745149218942432523e-02,8.934175673909271198e-03
2.589268856145544029e-01,2.881243903622358049e-01
2.012023742661648851e-01,1.834676462770298278e-01
3.160980812255760330e-01,3.673180759116421723e-01
2.712559451943931110e-01,3.006861368587011030e-01
3.240701128389649188e-01,3.848671885495970058e-01
4.797362427147360275e-01,8.036967280819684589e-01
4.739380716913769720e-01,7.906388806636531763e-01
4.136152274872705870e-01,5.956780171226171428e-01
3.801979208320130921e-01,5.255597592075794688e-01
3.811269966756698491e-01,5.057527053487032020e-01
3.539401949687921434e-01,4.520748909497953605e-01
4.294585866197344060e-01,6.390082029417332166e-01
3.599003450353400746e-01,4.562100056414273297e-01
3.120906229844090940e-01,3.594949938752672880e-01
4.028900712905694181e-01,6.005150111933371671e-01
3.305744865878869065e-01,4.213530445508665845e-01
3.653959471842033180e-01,4.823471390624836097e-01
4.097895139290430033e-01,5.837624590466448105e-01
4.283184050533240250e-01,6.524303933409129064e-01
2.765055132181750142e-01,2.954702709301043617e-01
2.156765892895007586e-01,2.050759443411481198e-01
2.238972236810327643e-01,2.072721520578704735e-01
3.235792101105631757e-01,4.337413481896862377e-01
2.275026837705260152e-01,2.114670011158911733e-01
1.561008500126352116e-01,1.218058835416063468e-01
1.477767344899680313e-01,1.171456354639400232e-01
2.387735839378997138e-01,2.362005990287286972e-01
2.470559984112176699e-01,2.534499177925505498e-01
1.559662581882703403e-01,1.197157896136155641e-01
1.921569484642060011e-01,1.706344903904606358e-01
3.809639185540312223e-01,5.144198381407151244e-01
3.024927415985922408e-01,3.519143562857256491e-01
3.440478118378470507e-01,4.291644118349260961e-01
2.653893569371239547e-01,2.679429538564395141e-01
3.764994203276633700e-01,4.998536916724236057e-01
3.622276308690865476e-01,4.842691654458702311e-01
1.515520417817176058e-01,1.182479379163886568e-01
7.834475395945861287e-02,3.990146210602048271e-02
9.443636494338950027e-02,4.734719171892852463e-02
1.725558254685187753e-01,1.309977084445307083e-01
2.238152391851789824e-01,2.174505820941355361e-01
5.082422555431348465e-02,8.208652284398224031e-03
1.475113311447336373e-01,1.214748310182065388e-01
2.754771549964125099e-01,3.223097615328174292e-01
2.969093032360175521e-01,3.350609707356009270e-01
3.617036907657383282e-01,4.704202205531266001e-01
4.024292609300562096e-01,6.195792859225610627e-01
4.361175965785871744e-01,6.756584621610242092e-01
4.008076067442097323e-01,5.743905138255340770e-01
3.731273945126435954e-01,4.909701019415309564e-01
3.070786641431864084e-01,3.801791374681422475e-01
1.940399711684215323e-01,1.828745271795019500e-01
1.974797783358319681e-01,1.702300148631750165e-01
3.477682542000901655e-01,4.611940398035371813e-01
4.394443097789795249e-01,6.931140279176826180e-01
3.996284374258080030e-01,5.642738000531404285e-01
3.517116162222989617e-01,4.508972377969912015e-01
3.115891762086735461e-01,3.557928907538155938e-01
3.204784029946623480e-01,3.779728489908756317e-01
2.658934797677142137e-01,2.893774579741449360e-01
3.764326293378780219e-01,5.104353054632428943e-01
3.309454268071198024e-01,4.178078117466503816e-01
3.379561862610220846e-01,4.234878066499691562e-01
3.141881719394363226e-01,3.760973137053686965e-01
4.118091174285538614e-01,5.849664251616091271e-01
1.964757578683585248e-01,1.636549088105383187e-01
3.912655796402469410e-01,5.318816564745392217e-01
3.753553142833427891e-01,5.429524182355404127e-01
4.988992709702192441e-01,8.785907191762090118e-01
4.977709140067007043e-01,8.820107100572552872e-01
2.819747047180979349e-01,3.275442213719480522e-01
3.066715119696437064e-01,3.537847021474572751e-01
3.306879739919587058e-01,4.082329746150052951e-01
3.593915598537731348e-01,4.569347585998776440e-01
2.820000043427249858e-01,3.090471262916540951e-01
1.492753229928432401e-01,1.145217067612330081e-01
1.026642870312357014e-01,6.083902135777694009e-02
2.284206804333404339e-01,2.265154319224039481e-01
1.598943373170133020e-01,1.150350100072191628e-01
1.433290423119044643e-01,1.002188080467992515e-01
1.314952578457007637e-01,7.795471875782405968e-02
9.146162438370816772e-02,5.516717918749866612e-02
2.201941048710603366e-01,2.033905181392116623e-01
2.217696239489319598e-01,2.253797101304190753e-01
2.360268426827625832e-01,2.383255187278806031e-01
2.578741641156090392e-01,2.666878482297020403e-01
1.838067422075646551e-01,1.596497245065647830e-01
2.598888111152661273e-01,2.821417997308592884e-01
2.007373040030123734e-01,1.841138448800209437e-01
4.060108770311697257e-01,5.775975080230010272e-01
3.322138735755135741e-01,4.095659273564363212e-01
3.766301827367002919e-01,5.166109570684070951e-01
3.344961823614526764e-01,4.304222132733020456e-01
3.047523574659350976e-01,3.693249678947461145e-01
3.810593931871694151e-01,5.380618852300751431e-01
4.124257990772688398e-01,6.068153823159848637e-01
4.945764063856222803e-01,8.725934304407449993e-01
3.915096435313789591e-01,5.376773475282159431e-01
3.154468401473621286e-01,3.855670454435891070e-01
3.986535742090440704e-01,5.607983299245815623e-01
4.330386497663993861e-01,6.565958007701984123e-01
3.684072341353593627e-01,5.259270413143033451e-01
2.152205402765346443e-01,2.375186316047686874e-01
2.321605054582196459e-01,2.375152337379397849e-01
2.170937680380153889e-01,1.978901511839429861e-01
2.449175722043954728e-01,2.554384105065707899e-01
3.456977207875746028e-01,4.359945474710101299e-01
4.898563305776421073e-01,8.523850902742069469e-01
4.533286865130526366e-01,7.084712011347127358e-01
3.999760096901340267e-01,5.590325786951862996e-01
4.200655640668128910e-01,6.162160349632357370e-01
3.604564722946314026e-01,4.822428246084207171e-01
1.333748912914758944e-01,8.135455186243945036e-02
3.347594098112429140e-01,4.143167682289482512e-01
3.740638753853879339e-01,4.994649093753033564e-01
2.408844645750637947e-01,2.661772165913980359e-01
4.118686480090407720e-01,5.824099416429864284e-01
4.275088222407605887e-01,6.448094409988321951e-01
5.000169630181821034e-01,8.723641667375232611e-01
4.894205325579998322e-01,8.488568518975805333e-01
5.045580362510050376e-01,8.912466493751469709e-01
5.045580362510050376e-01,8.912466493751469709e-01
5.262054767064491267e-01,9.650013558771034505e-01
5.108874921266020053e-01,9.372973949154256301e-01
5.140158117109400182e-01,9.235637082905348016e-01
4.529848102677457300e-01,7.231720559068062215e-01
5.297075272199215368e-01,9.920419341749326936e-01
4.779171120383863269e-01,7.829611892082479763e-01
4.847152705003132112e-01,8.284373565729212796e-01
2.621025268938521058e-01,2.740553996846137319e-01
2.251010821429930697e-01,2.028995054673408405e-01
1.542350636714244216e-01,1.085672348726292313e-01
1.560572591969180412e-01,1.154915197161996698e-01
6.940904248380623531e-02,1.779643602999060950e-02
1.505376172682221514e-01,1.060188648051754029e-01
3.288076133295090853e-01,3.915411091421129308e-01
1.736928067287093203e-01,1.466095366092616814e-01
1.596402939775735663e-01,1.375570127166081957e-01
2.699868399665986685e-01,3.074946320697142799e-01
6.997748761412857232e-02,1.424361396855755579e-02
2.144864356273958605e-01,1.954956477484672273e-01
5.304588997550457874e-02,5.720795692881572303e-03
1.314997780710859820e-01,9.139221242868467154e-02
2.083948929277258666e-01,1.929424510827058570e-01
1.544516856447101516e-01,1.089681118154687128e-01
3.764822024512614607e-01,5.036911349541451921e-01
3.650755255340834560e-01,4.836948017656508281e-01
2.227226009083029257e-01,2.289496263939528875e-01
3.468656021741208795e-01,4.464892965150979443e-01
4.693839951765986229e-01,7.797988869148073654e-01
4.357853215646224077e-01,6.857012545298738493e-01
3.850286257873071771e-01,5.306290376214495286e-01
2.531965226518794188e-01,2.838430309947768682e-01
4.099446198613281300e-01,5.835846502753818665e-01
4.084939178704278251e-01,5.980643282564627183e-01
3.038290155398419845e-01,3.665013179781934083e-01
1.598809566503386348e-01,1.270176872397878465e-01
3.464760617545236121e-01,4.347653010469558765e-01
1.376207158328673907e-01,1.074862963538219529e-01
3.913029257618165779e-01,5.743408555869481402e-01
3.549115577283287748e-01,4.664883935315827235e-01
4.120777813682580670e-01,6.116044280868165872e-01
5.211099155426137663e-01,9.730364466594495498e-01
4.809232556486126020e-01,8.141987788075599752e-01
4.090257716015950340e-01,6.045630613643022677e-01
4.987013472931137725e-01,8.678556609404288746e-01
5.148984664180913384e-01,9.431152061607899206e-01
3.693841520607540896e-01,5.160069714527573126e-01
2.804738911767576948e-01,3.173319490175579571e-01
3.180773804027258178e-01,3.755110949517388441e-01
7.710185418970579019e-02,2.990419536438022538e-02
7.660682505175905876e-02,3.866218410339149897e-02
3.239621873935581431e-01,4.168819208498111273e-01
3.706157009292377347e-01,4.947420829623099814e-01
3.803430699032155915e-01,5.284056632166211909e-01
3.705878062049669519e-01,4.949100660139815200e-01
3.680779055689597512e-01,4.960670677603829515e-01
4.241985921051251163e-01,6.137438867241697960e-01
4.610788323310907599e-01,7.342981766451804893e-01
4.098443716230595890e-01,5.938957507587864226e-01
4.820941257117944967e-01,8.261128685628341684e-01
5.044961871564612732e-01,8.926427292623639875e-01
4.806581607528295774e-01,7.945893696532748685e-01
4.405783982274714128e-01,6.695554772324645576e-01
4.037903555813579515e-01,5.706337564921145633e-01
4.576026919411499971e-01,7.198003604984424264e-01
4.934187091761905175e-01,8.481611461952972553e-01
5.256088184619337467e-01,9.868704361063358466e-01
5.007585463343612320e-01,8.595102342907341431e-01
4.991311994854236711e-01,8.686726493525307458e-01
5.100479837785756310e-01,9.334000232565302646e-01
4.033735199421581430e-01,5.911228197965949782e-01
1.984582009217460696e-01,1.701541845081484816e-01
4.770792249907818694e-01,8.023242466319626676e-01
4.756607945379847102e-01,7.743892453915734997e-01
5.038809661645595739e-01,9.082717265721251820e-01
5.050737668220010024e-01,9.027778718994733387e-01
2.271839629053051812e-01,2.147770886121298239e-01
1.777940954337716706e-01,1.451187017044716643e-01
3.156200263959791363e-01,3.720842905258003874e-01
5.702725301841109207e-02,3.277597809613827518e-04
1.113146905831364913e-01,6.944187649078802094e-02
1.071450938853165114e-01,6.182924426844816496e-02
6.057254359817694500e-02,6.308009728084387757e-03
2.895039851802091446e-01,3.195885929018517091e-01
2.959661444218918969e-01,3.512619617035458441e-01
3.306739865991067950e-01,3.992637085053549750e-01
3.923316015681146407e-01,5.654574553199377407e-01
5.112770005133403517e-01,9.371826375172231938e-01
4.989861020803972314e-01,8.541340294781497589e-01
4.096220539230437940e-01,6.093037234753370113e-01
4.918404093240006936e-01,8.309157872490231522e-01
4.688556124523893254e-01,7.729987101829183249e-01
4.826370253583161518e-01,8.067827113305856557e-01
4.644931282881080703e-01,7.654830377916379547e-01
4.067431587234077162e-01,6.131871700390408852e-01
2.115985291787504941e-01,1.909531290267223458e-01
3.351578405003398098e-01,4.076573252416945681e-01
3.628924281637347926e-01,4.726574819099368940e-01
3.948908675345351171e-01,5.408181751921856684e-01
1.827276667060748205e-01,1.585010689989186372e-01
1.428774526785626386e-01,1.021438590316966488e-01
1.516680425537335064e-01,1.168041667493964209e-01
2.271947607656391033e-01,2.131737229686215263e-01
3.600447392402232327e-01,4.555494739332249798e-01
4.086915972241706441e-01,5.795744097103571191e-01
4.721895829195991157e-01,7.686443968278214856e-01
5.249792607469592198e-01,9.657615605361739020e-01
4.806684711388941600e-01,8.210855263452674357e-01
4.344999271461933432e-01,6.641563920391340137e-01
2.759158278429579281e-01,3.016619839295207606e-01
4.889512119753006147e-02,5.843184369340725937e-03
1.458017346362809330e-01,1.205569265285013347e-01
1.356868222036747562e-01,8.502001571399414592e-02
6.463740389125535724e-02,2.326017194792966147e-02
2.179457386123155038e-01,2.023968352658876424e-01
1.396407757262948246e-01,9.458478934677103100e-02
1.249473793025109580e-01,9.324220225387652716e-02
1.920507611152374172e-01,1.730044340516253276e-01
7.764233501188959330e-02,2.382687192612528357e-02
1.596185217209468432e-01,1.140384607471029155e-01
1.697861828881902235e-01,1.380559479483043916e-01
2.704127749235628597e-01,2.856808701701549769e-01
2.134380111389913015e-01,2.045431638913379757e-01
5.525145019022114495e-02,5.163237553432439841e-03
5.089808843388282655e-01,9.415961961452331552e-01
5.000176179671684817e-01,8.584109720433962254e-01
5.034544240799773140e-01,9.097061624819215986e-01
5.291811481492253444e-01,9.635817076451329566e-01
5.130123388001417428e-01,9.030084676306564528e-01
5.166888969639420459e-01,9.340820907716435029e-01
5.166888969639420459e-01,9.340820907716435029e-01
5.247741972460409077e-01,9.589509978359764819e-01
3.981662320338614225e-01,5.686902363820782735e-01
3.603733262015748062e-01,4.715222510745297191e-01
3.475583228318555040e-01,4.306696667162575043e-01
3.671412861804913552e-01,4.790676362098644780e-01
2.471281372739571602e-01,2.540134029748152833e-01
3.306359994443383021e-01,4.224319335322007096e-01
4.148226966850466213e-01,5.925551874624521709e-01
2.975272075914174863e-01,3.467341246622583362e-01
2.130521962676559800e-01,1.980200624777124496e-01
1.726509994769093170e-01,1.453287031984283051e-01
2.792028900467568575e-01,2.901940736721840830e-01
2.826521522087178107e-01,3.180658107449772509e-01
5.350461406610511617e-01,9.980779611848163979e-01
4.792590617691441235e-01,8.004130675024103692e-01
4.905388977381505144e-01,8.520127766784795220e-01
4.199112910848207258e-01,6.068560442566870439e-01
4.235320179811462582e-01,6.677997378691075125e-01
3.628398850888497340e-01,4.865142665134279953e-01
3.559811713760952512e-01,4.698968649922188878e-01
2.983808339977622182e-01,3.465350880923265264e-01
1.146873691716947807e-01,6.916985342124301606e-02
1.229350783582332934e-01,7.049977986330493995e-02
1.125108559439850081e-01,5.746081212536599536e-02
7.257449360376934389e-02,1.576257536531414094e-02
1.888345730902585839e-01,1.664738797249308289e-01
1.604414488442036379e-01,1.344656333206255550e-01
2.859373445073497000e-01,3.201201207403404081e-01
3.797898788308167739e-01,5.288425199254794817e-01
4.998951113136251845e-01,8.909027269203642074e-01
4.840489314144825195e-01,8.161182193597127377e-01
4.620791984227120008e-01,7.433086150742768128e-01
4.270160930601121230e-01,6.273738733463699591e-01
4.601411455033055375e-01,7.305812070719273077e-01
4.696204893593905472e-01,7.624705681212771147e-01
4.611945188068269919e-01,7.360500570997675629e-01
5.242377812130487591e-01,9.796938455104164944e-01
5.059380978767897830e-01,9.126009952604778874e-01
4.820739523570548024e-01,8.283702721870891406e-01
5.240689643818237098e-01,9.848363037104649331e-01
4.938614360895529076e-01,8.352565002605933930e-01
3.491119508954806938e-01,4.386393238039589804e-01
3.080206221893695973e-01,3.571395875078496318e-01
3.707939401664991919e-01,5.087930858194190664e-01
4.574181509947853330e-01,7.513360217583304745e-01
4.421365116748693369e-01,6.876141503625262663e-01
3.256224542604964634e-01,3.939383883952080057e-01
3.958107625030177767e-01,5.521280864156720147e-01
2.579852452372952687e-01,2.683219560705425444e-01
1.231474922615370254e-01,6.792460785387520461e-02
9.495140134298353518e-02,4.318859746524815468e-02
9.964734294206131771e-02,5.563057225489731472e-02
2.510101264437853419e-01,2.699059105220647514e-01
1.291775042573550802e-01,9.078430773596514458e-02
4.001648390611547423e-01,6.007428954861648851e-01
3.646373155300791091e-01,4.760905469014863334e-01
2.852928438184151316e-01,3.124496166430885680e-01
1.537600566906056065e-01,1.114259492037186078e-01
5.914056533344255739e-02,1.070469638756940331e-02
3.041360514906881196e-01,3.499853550256910029e-01
1.186487928631698857e-01,6.394208825361821780e-02
1.206025095155349725e-01,7.431344198178441163e-02
1.499762757138766445e-01,1.125628225417303896e-01
9.837456602628363855e-02,4.980704552986080919e-02
4.611145419913548760e-01,7.730579444059020311e-01
3.554617002478295817e-01,4.578759137826321490e-01
1.598073619469120854e-01,1.190183826350339757e-01
2.342502593708075953e-01,2.191702556367677579e-01
4.293151375049995555e-01,6.297027770965906157e-01
3.894390203690680230e-01,5.308524495090799489e-01
3.101344828371382367e-01,3.725112328479161516e-01
3.223318179681084472e-01,3.825632123795433825e-01
3.020162881145562750e-01,3.570824936176191788e-01
1.644727104816832708e-01,1.420910331695371120e-01
1.128354399939861530e-01,7.253355789316376367e-02
6.290101791497768047e-02,2.589236226456015366e-03
2.146463193960472804e-01,2.039255195635098772e-01
1.773234228295079429e-01,1.459836163003825349e-01
4.382078267753128920e-01,6.690506236280113761e-01
3.961730282806248393e-01,5.688634920014082885e-01
2.519676360764219192e-01,2.534066216204381439e-01
3.535328958029566038e-01,4.579290253381458342e-01
2.772018125280956702e-01,2.919315117684672667e-01
3.060848174907345731e-01,3.440594979129829034e-01
4.614827076703134079e-01,7.329420514520328389e-01
4.711892538291356236e-01,8.095628386001018084e-01
4.843339197705068266e-01,8.124198023207799269e-01
5.275740516422544601e-01,9.746494971199615165e-01
5.071213150427534844e-01,9.098303251369576072e-01
4.359776693645128764e-01,6.572699885631643202e-01
4.919036833528025454e-01,8.554289229881674173e-01
4.479609899702606812e-01,7.202759223004915334e-01
4.591653253068647689e-01,7.434495842216041206e-01
4.832998996253476398e-01,7.947719036311554630e-01
4.767707798840958855e-01,7.761839318893390960e-01
3.641565290996516824e-01,5.303513245422427635e-01
4.582587613090526868e-01,7.285823442059332633e-01
4.914417731830073577e-01,8.566452818035342753e-01
4.755562491769806388e-01,8.214948487273681099e-01
5.021273172679474595e-01,9.006373259201657655e-01
5.087997097673672142e-01,9.101683072972717170e-01
4.377331946198177448e-01,7.039294986906599050e-01
3.521222349016983610e-01,4.363769938168090001e-01
3.704932560789402918e-01,4.890164948269487555e-01
3.704932560789402918e-01,4.890164948269487555e-01
1.733695332006704171e-01,1.571699550198328577e-01
2.471696518828802036e-01,2.444288116405041733e-01
2.350460689380385604e-01,2.214067730695437608e-01
1.428056976352999885e-01,1.150210613917812541e-01
5.315170132353491672e-02,1.978096755226123327e-03
1.179663486968563768e-01,6.405869003621787738e-02
3.539900282691330613e-01,4.660930836620171824e-01
1.198100587227412805e-01,7.439888422206621110e-02
1.850551737514409822e-01,1.554485675531973865e-01
1.220605140208021050e-01,7.293595515201845014e-02
1.307216194222890759e-01,1.092831429419196393e-01
3.959723232880823507e-01,5.658843132282408428e-01
7.638451464249418343e-02,2.235102527907333048e-02
2.618028600793412819e-01,2.664624278489697295e-01
4.388896224592360173e-01,6.531755567200182577e-01
4.981583839073718822e-01,8.774092745473611732e-01
4.605038661047077819e-01,7.364400836432919428e-01
4.720095894480317300e-01,8.200675966000455785e-01
4.924063702985302937e-01,8.975203043070522080e-01
3.869521556807083984e-01,5.446786051035075182e-01
3.793973031045068112e-01,5.094028934787552254e-01
4.368615603984264406e-01,6.773549911889106268e-01
3.700130934781423186e-01,4.891144277507464833e-01
3.683573910254831496e-01,4.850566800673160595e-01
3.912525400436882572e-01,5.369121543202505231e-01
1.983673308380656808e-01,1.814997806378988721e-01
1.782824531751153185e-01,1.516234887518458918e-01
2.517639847913581419e-01,2.461451551255895154e-01
4.255686230073130738e-01,6.505583120142305331e-01
3.748562199678152629e-01,5.178666154079851758e-01
4.410988137273874066e-01,6.691177423096499322e-01
4.392965971109810130e-01,6.916279219540674150e-01
3.450205059786943806e-01,4.502411234066380219e-01
2.353825990279720948e-01,2.363144990901194231e-01
1.006000057276476151e-01,5.264097610656756632e-02
2.918144246761070759e-01,3.538910078298926898e-01
2.066275095506826809e-01,1.993935486672188395e-01
2.399045123060166707e-01,2.492398074775815098e-01
3.653470827744284555e-01,4.894345191734139622e-01
4.141871347770577083e-01,5.884287256185324333e-01
4.569151266130704325e-01,7.416449728324213675e-01
2.974640129974787661e-01,3.336199848528088041e-01
2.916437825855728860e-01,3.334961376806070965e-01
3.425251017461323766e-01,4.316835218302469968e-01
3.454424432276249624e-01,4.374846875805238344e-01
8.420957841881476780e-02,3.110500529914439483e-02
2.875010672158548886e-01,3.462147197196134285e-01
3.810455262370406881e-01,5.028133145578743690e-01
4.045869366713498172e-01,5.684294233591005163e-01
3.587342051312227831e-01,4.618693686414467314e-01
4.198059948099586158e-01,6.676989673051234586e-01
3.790405507700891907e-01,5.173120083799177538e-01
4.837248130314634187e-01,8.466525079665030429e-01
5.097364631739157437e-01,9.142453082256560837e-01
4.925090361427096330e-01,8.467451291692608129e-01
3.550403627329593026e-01,4.541386834829800323e-01
2.637797073097142286e-01,2.929533497824292620e-01
3.628557810397735062e-01,4.764643091349451964e-01
4.393997201828575005e-01,6.748987741157950193e-01
4.140451677316051016e-01,6.107333479091859862e-01
5.264627179601749640e-01,9.703483628527089788e-01
4.633819619885785612e-01,7.622863058913582623e-01
5.081232184705128940e-01,8.904686353760675743e-01
5.142673265374508862e-01,9.419916249758832905e-01
4.609824872753787717e-01,7.422159803889892826e-01
3.610472028106656017e-01,4.722313829166054910e-01
2.381899557888828012e-01,2.308761327744547898e-01
3.146861411724760638e-01,4.183242999946040208e-01
2.288662575774176033e-01,2.184929416081416165e-01
1.840499228622113626e-01,1.802993547315563383e-01
2.027296435003193564e-01,1.866075555120835228e-01
2.789190234521730094e-01,3.089283711844268421e-01
1.507524857566207854e-01,1.077756022882868925e-01
3.046593665950821928e-01,3.467176890180927451e-01
1.881975869697934400e-01,1.669509940519192104e-01
1.733833576454589520e-01,1.339721044872455025e-01
2.405240954172604972e-01,2.408159479601595931e-01
3.924061677524935954e-01,5.490275080213795622e-01
4.199275376337757715e-01,6.283410480929029207e-01
2.914432901952692112e-01,3.573270402483269548e-01
2.408043329416807987e-01,2.403228249071112099e-01
3.371427323210289817e-01,4.314551568584031882e-01
4.029633001408116644e-01,5.912182135496490964e-01
4.799919675561710730e-01,8.129304684077678367e-01
5.053715032745008662e-01,8.815792818737775427e-01
5.174937616160930620e-01,9.499722446191439795e-01
5.107932143514202217e-01,9.456261982859286430e-01
3.432083845966650282e-01,4.381327062860395083e-01
2.677796509429954397e-01,3.126701958471670983e-01
3.957939394789901644e-01,5.746656733562457431e-01
3.752587274894128022e-01,5.224605575499152721e-01
3.842685306870424200e-01,5.322153942961629358e-01
4.716411786430969033e-01,8.229315599204494180e-01
3.773448335176750046e-01,5.216287869350074713e-01
4.419694485990217081e-01,6.861385396874621900e-01
4.558597899000966791e-01,7.452013237576695648e-01
4.871825066298957063e-01,8.136030746303151151e-01
5.102287493208875757e-01,9.095869979085879908e-01
5.143722846725233833e-01,9.429120734088173306e-01
4.683636159777586627e-01,7.549348603136653013e-01
3.671290767430986923e-01,4.851471702487512583e-01
3.692302449051274027e-01,4.907833880859089337e-01
4.681111886457474114e-01,7.774732466519747032e-01
4.107593940178626557e-01,5.977947686161624308e-01
1.683422467607007811e-01,1.527322708579323951e-01
7.165076006143403231e-02,1.530401418193683138e-02
2.121609996283501665e-01,1.962891401058767249e-01
1.655631784510843973e-01,1.215458778149745012e-01
2.403666356524556402e-01,2.344995878713643234e-01
1.561305034605952879e-01,1.266457546199975526e-01
1.696908594531097714e-01,1.379929053481654400e-01
1.988394286085881646e-01,1.705758361237978693e-01
1.759307048056084066e-01,1.455723113143646275e-01
6.884820205502541202e-02,1.297161324759274481e-02
9.637042138589581308e-02,4.116745186320443228e-02
2.304951086494478885e-01,2.143750959764721964e-01
2.579101555422781966e-01,2.688223162603246008e-01
3.026652282103114988e-01,3.655855561561010547e-01
5.091399721839594550e-01,9.044486093222682266e-01
5.200363759273972653e-01,9.515304776000704789e-01
4.946579396308725673e-01,8.949941269961229073e-01
3.246066334329009151e-01,3.797705548912586049e-01
3.524669031586769585e-01,4.593805605763888189e-01
9.449608275194233686e-02,4.839456805262926098e-02
1.966471828491982432e-01,1.649363900431544683e-01
7.821782512329304715e-02,2.885793888273322991e-02
7.045144368997695306e-02,2.682437223744057325e-02
1.859653599732961071e-01,1.759517968675364252e-01
4.049587875036744222e-01,6.024589337079104823e-01
4.765476472571970601e-01,8.086511018230323478e-01
3.190198377055378232e-01,3.739623619546675881e-01
1.821785995855174367e-01,1.554738646532376756e-01
2.852126783577632052e-01,3.194371973776746199e-01
3.038824831694161288e-01,3.599846999295313044e-01
3.631847192331942309e-01,5.070947674654917581e-01
2.811595880345383325e-01,3.123988301318190719e-01
2.041731306984212180e-01,1.979373559667031712e-01
1.047757434162842616e-01,5.889719843358773299e-02
1.751321465966096114e-01,1.376762352746209173e-01
2.194783289194743026e-01,2.026682554129970448e-01
2.380036787708936230e-01,2.451184207450715080e-01
1.250614522821375252e-01,6.829128314421409329e-02
1.021298179335542455e-01,4.836046717434240583e-02
1.350378027804858272e-01,1.117676771968670046e-01
1.948509928095971122e-01,1.773727721110799904e-01
7.856087403201945929e-02,2.122192729904704561e-02
2.467906186058038687e-01,2.564563874694573697e-01
4.079850187790228788e-01,6.492874492270155340e-01
4.315712134792600851e-01,6.826234607461464376e-01
5.062062897312757936e-01,8.927927604123641059e-01
4.891765723219667628e-01,8.383249491916617835e-01
3.936803409339490467e-01,5.594841440065487781e-01
4.179559376205967958e-01,6.451530733136215945e-01
3.166201707066180759e-01,3.818526825488086640e-01
1.436188446778199346e-01,1.132935153739078188e-01
2.689455017990755037e-01,2.738245484142178277e-01
2.789519982644995122e-01,2.971956991259827041e-01
1.672764279666990039e-01,1.261405697061220021e-01
2.135889042992829279e-01,1.972580728376029657e-01
3.578659738932369883e-01,4.560675005070558008e-01
4.656275789397678611e-01,7.733315264948605883e-01
3.339584666222710774e-01,4.259176206356701799e-01
3.696388055197951661e-01,4.991733837590803802e-01
1.381648049395020617e-01,8.984069462747808210e-02
7.920440602855273460e-02,4.043974035794279526e-02
3.823253516784357875e-01,5.544005272852484678e-01
3.795364017163886938e-01,5.172821919267310831e-01
4.347292689779074792e-01,6.754054031449692186e-01
3.904841390824368985e-01,5.764236096302162160e-01
2.905226417541419415e-01,3.127207470011310053e-01
2.817814318704380261e-01,3.038607679445857745e-01
7.506339748169563175e-02,3.035673471090385989e-02
7.392514676737826917e-02,3.313364357976916058e-02
1.532706445290969166e-01,1.151492259210618874e-01
1.266664997646406166e-01,7.004955769010273725e-02
1.161801705880505658e-01,7.871446704329590482e-02
3.402304569095807585e-01,4.128886051675977331e-01
5.093728100641953249e-01,9.323624980884549496e-01
4.902696460286990465e-01,8.281753533284355040e-01
4.143426669858150113e-01,6.022237971209020158e-01
5.025448219679128359e-01,8.898056207362732284e-01
4.718051730780997710e-01,7.753990073250004444e-01
5.254758994580460696e-01,9.834369290194870938e-01
5.098328097022654104e-01,9.239899144795573616e-01
5.108687767724473527e-01,9.702458600780301534e-01
4.988983774106429681e-01,8.823465235246669147e-01
4.702831197151686737e-01,7.859961145605685040e-01
5.113833244294935243e-01,9.368782257341990993e-01
4.276580433829969552e-01,6.689612612958354410e-01
4.511124729865465532e-01,7.583683086860324440e-01
4.751056982079628344e-01,7.945096158243092344e-01
4.923300687818393806e-01,9.170468294065627912e-01
4.313538107950641853e-01,6.423505495673720311e-01
4.681007447387011133e-01,7.503636849330349579e-01
4.664968702044008375e-01,7.593114540111183253e-01
4.855073593765500406e-01,8.256486007083559953e-01
5.160104943460035454e-01,9.435999825119285589e-01
5.160104943460035454e-01,9.435999825119285589e-01
4.957050937170501825e-01,8.962445807749315208e-01
4.704081283701261329e-01,7.975369297494765419e-01
4.954162594806590936e-01,8.736114613511090088e-01
3.864577640010615212e-01,5.311796501285191985e-01
3.477975109126482112e-01,4.439824372243048600e-01
1.906442035654974942e-01,1.615215330931152327e-01
2.522515676700850529e-01,2.533013438260538486e-01
1.498617741306434437e-01,1.084758076587715725e-01
5.628869340561864359e-02,5.484843207579385635e-03
9.113750205775350555e-02,3.726224753114820709e-02
1.903613399492965486e-01,1.556301150408124501e-01
1.617780851261355624e-01,1.169436097329454582e-01
3.892500288258053387e-01,5.408999490701675850e-01
4.030083226919063955e-01,5.700691968693873957e-01
4.009476591091825637e-01,5.789832429680399351e-01
4.044705268138190091e-01,5.765940438712633398e-01
3.112427009487727658e-01,3.839137244524787329e-01
2.649399955425034703e-01,2.630200730760024475e-01
2.560139731446000599e-01,2.565827748731799307e-01
3.878606284157889439e-01,5.541941626807220800e-01
4.694183681508384831e-01,7.626403202048088747e-01
5.183459605769976664e-01,9.965362221038421842e-01
5.263494210315365907e-01,9.701484782168831034e-01
5.116708807918786128e-01,9.388584418028921297e-01
5.139229912407332623e-01,9.394836006037227127e-01
4.853099555122508124e-01,8.375804721053486945e-01
4.517327237044927446e-01,7.081280424588665134e-01
4.456903249092323271e-01,6.799734318107989450e-01
4.896928907790534802e-01,8.706947217214457968e-01
4.983845875371231693e-01,8.863392411929519321e-01
5.032087025039270189e-01,9.257801031593864138e-01
5.296940153492901704e-01,9.929965280730295163e-01
5.165823588763120977e-01,9.361282660026561953e-01
4.749025674588601698e-01,7.844363578121165137e-01
3.926751929832744126e-01,5.281023932348588579e-01
4.169199007646071098e-01,6.331789229139020980e-01
4.969234118034351888e-01,8.536313698351499779e-01
5.162001480203906034e-01,9.403145974243729555e-01
5.162001480203906034e-01,9.403145974243729555e-01
4.104650961611875926e-01,6.244397560713371709e-01
2.580944079232637689e-01,2.611238084086901501e-01
2.841418787286323910e-01,3.079995083126737532e-01
8.368278844488771795e-02,3.077021700346802002e-02
8.151986472190281274e-02,3.010515311202097144e-02
9.288144543010264098e-02,4.006778497089782259e-02
2.923665817596477479e-01,3.259126759079175040e-01
3.748908066598977129e-01,5.095035939644764200e-01
4.096965011499295040e-01,6.135804769105471790e-01
4.040632867759834657e-01,5.813797510624986176e-01
3.926719092604730177e-01,5.563258154212123996e-01
4.436371976813306417e-01,6.917816198822172025e-01
3.977817396280133866e-01,5.657945537759567767e-01
3.535878681637401599e-01,4.729594278351286207e-01
1.995137683056761035e-01,1.747770976887148831e-01
2.407047763985660227e-01,2.392675736479548676e-01
3.076576149082225209e-01,3.652329855410245685e-01
2.619016964104419753e-01,2.747235938401176858e-01
1.004382369362080973e-01,4.356593542163154920e-02
1.986593323658084886e-01,1.891853075326252187e-01
3.741416331013699970e-01,5.115749458018616913e-01
2.976953254374594127e-01,3.350260335229851005e-01
2.092799978466592659e-01,1.759427605596864119e-01
2.839215567306224708e-01,3.624734344415512788e-01
3.286218474409872692e-01,3.983898770943574696e-01
3.991177938375609635e-01,5.521817421166459461e-01
3.290028600806384484e-01,4.138553604956646259e-01
2.510342076734409233e-01,2.659854168696095256e-01
1.405540232097932940e-01,9.893492893956994105e-02
1.204061998747842366e-01,7.536689133723650791e-02
9.008069075261780634e-02,4.605118900309158880e-02
3.629699514542593097e-01,4.685949125004317262e-01
4.017668206566256117e-01,5.862278231924542560e-01
4.620998085658022947e-01,7.371510165571122375e-01
2.418550459465551028e-01,2.713412179069468744e-01
2.170013939504923106e-01,2.133920911473272120e-01
9.248083225623332515e-02,4.269232916603574179e-02
2.402961289142517831e-01,2.468936286415193693e-01
1.295828827964987939e-01,8.357354182619119998e-02
2.411278045360089606e-01,2.359021414481196344e-01
1.346750649127769484e-01,9.083935562203832026e-02
6.904357569398017480e-02,1.874883999789267452e-02
9.237445300056101871e-02,4.519103031793474806e-02
2.780253709367332959e-01,3.117959708242227235e-01
1.601059629765464454e-01,1.250718956344208932e-01
2.397567391649455260e-01,2.247084283629133816e-01
9.398546589987709365e-02,4.919570172822530785e-02
6.665783544355535772e-02,1.019799851307858982e-02
2.020362253722085277e-01,1.749991549624413389e-01
2.100359496709193197e-01,2.002504311621710331e-01
2.884035630215266433e-01,3.274911886924085080e-01
2.649864758882742866e-01,2.781557723772011270e-01
3.030278840884066405e-01,3.839733371595429046e-01
2.182561979062698776e-01,2.211658290879519595e-01
8.973153708026286590e-02,3.981016356669588030e-02
4.920304273332076761e-02,1.001166871740732933e-03
1.897287377961192623e-01,1.629803379468150737e-01
9.480336037469178079e-02,3.315057546000942101e-02
1.833666744967551721e-01,1.580463739033134418e-01
3.089413174874914292e-01,3.629235143658856577e-01
3.309866182911839205e-01,3.989911086925836403e-01
3.383965511328379527e-01,4.381084473948362312e-01
1.864835352743622332e-01,1.508550018385587110e-01
2.111291795270925087e-01,2.106475474289029037e-01
1.844277319100299517e-01,1.617635524872239050e-01
1.670891516452833181e-01,1.210741318502752406e-01
2.255983890404006376e-01,2.103137898206384193e-01
3.307624011367811256e-01,4.244969696173376272e-01
4.305185024718595210e-01,6.351498677389333380e-01
4.516636642786122646e-01,6.982186893532705829e-01
4.499645109640783569e-01,7.007963283015307132e-01
4.580112552259373304e-01,7.566465262389694413e-01
3.462731972900764399e-01,4.439866067315009213e-01
4.692321750570329630e-01,8.200411938747746987e-01
5.146314714135459267e-01,9.288114981159879546e-01
5.167744402356003741e-01,9.388698613435568774e-01
5.044492954776268467e-01,8.975233023934207077e-01
4.910730291284656213e-01,8.803361664660299679e-01
5.110094407874304911e-01,9.185398900599699434e-01
5.112168800404992552e-01,9.469683186206849790e-01
4.857560842551483238e-01,8.311691082331058578e-01
5.111711448645895883e-01,9.378307371623882949e-01
5.296762772527120466e-01,9.972447375716749773e-01
5.112591221324485069e-01,9.073223429902564918e-01
4.548306339208824101e-01,7.122553850739584691e-01
3.417561333446405003e-01,4.533189280034017332e-01
2.914704551061717552e-01,3.091512048906548960e-01
3.587717274997933581e-01,4.551873371682624847e-01
2.579700002415401539e-01,2.629401398040365212e-01
4.948639146288214552e-01,8.418926764585568101e-01
4.513641383089690984e-01,7.036221022904282085e-01
4.567775905959211014e-01,7.333286765389136486e-01
4.437082551278068165e-01,6.835036497875126571e-01
3.796191879978077499e-01,5.253875130379168645e-01
3.622590995299942440e-01,4.708650577150764738e-01
3.810084179296627238e-01,5.319344271430027637e-01
2.628762009090913621e-01,2.930347094387563689e-01
2.906020285864469033e-01,3.379163677180919700e-01
2.551148956994330752e-01,2.612732052775250668e-01
2.950794789059603129e-01,3.422909844829922221e-01
4.024652019410024928e-01,5.779427255600840807e-01
4.978412586238479820e-01,9.092661704960244284e-01
3.877107063968746603e-01,5.301681269804148222e-01
4.720736766367480408e-01,8.190480481116889644e-01
4.793634368339786955e-01,7.845426383910056867e-01
4.622774632040724252e-01,7.575831760954234717e-01
2.739056761816828778e-01,3.133184809454391262e-01
3.736728277964794787e-01,4.942739902895122994e-01
4.393435884581100570e-01,6.683194943422727796e-01
4.442037230108596413e-01,6.719885174804075545e-01
2.944847841665538812e-01,3.302739640807007548e-01
5.768419207829278417e-02,2.412285857368595687e-02
6.772921196168946167e-02,1.022539213026341098e-02
3.896943927778482863e-01,5.417658545395888092e-01
2.894708027208559575e-01,3.168640210105800881e-01
3.085624640151972686e-01,3.613876952577763646e-01
2.231313476033442988e-01,2.228409698944426032e-01
1.888863657862576984e-01,1.842188315308068425e-01
3.300075193567657550e-01,3.924157814399683031e-01
3.868571041273654032e-01,5.591048060376524464e-01
1.832262029408235349e-01,1.647117168137951504e-01
1.640110550699631631e-01,1.308434394480100793e-01
2.872306970642807267e-01,3.455323288421062178e-01
2.712512558578136224e-01,3.003304857729409139e-01
3.799088009336069605e-01,5.087877649721926909e-01
3.636219462562502724e-01,4.839652214700628230e-01
2.090135369602226234e-01,1.784590185748714253e-01
1.633979243510437218e-01,1.474122466562439449e-01
1.792490234449712894e-01,1.539555133909539519e-01
1.610991203129594485e-01,1.205868436563165003e-01
2.235654742944726547e-01,2.310926407967012763e-01
2.491815927754519322e-01,2.493630869271923345e-01
2.401151458759938628e-01,2.391350261045341874e-01
5.044474689563346881e-02,3.532475380654320762e-03
5.044474689563346881e-02,3.532475380654320762e-03
2.858489155082908351e-01,3.182483645007850859e-01
2.822896780166861963e-01,3.239751541262133050e-01
2.776943540332201810e-01,3.043129043881439566e-01
4.833125628104207316e-01,8.089922313390526254e-01
3.539891163739802282e-01,4.416865028785662561e-01
2.647872724312251846e-01,2.740324825247562601e-01
3.924652229564984940e-01,5.487950423533624056e-01
2.899777251403364842e-01,3.600787067551378118e-01
1.786305284549032091e-01,1.475321603170199336e-01
2.158978592743464042e-01,1.932600525768851663e-01
1.975365905021277679e-01,1.705178646968893985e-01
2.506111171280037686e-01,2.469987588818806368e-01
2.252853166182220701e-01,2.133853660147775333e-01
1.811323578295278569e-01,1.518110699850398482e-01
9.982691556787726128e-02,5.080091363611596855e-02
8.177757897104113993e-02,2.463818026220426782e-02
1.484891300743129972e-01,1.085990592333126448e-01
2.600186997532725752e-01,2.698733456242776163e-01
2.887289738070288325e-01,3.067314171200207773e-01
6.161360766725166443e-02,2.766891196738334446e-04
6.403486783952401507e-02,7.919415578090185925e-03
1.600163056678826079e-01,1.134576921445947656e-01
3.277428061406358895e-01,3.795619861405986617e-01
2.656196601412262881e-01,3.027598328882077916e-01
4.399931966236250713e-01,7.089959747845185900e-01
2.223584051305620424e-01,2.111254563689073382e-01
3.770713042581673724e-01,4.925644554703747513e-01
3.606807459695677842e-01,4.603194686106651390e-01
1.888397892725197369e-01,1.690784858088379694e-01
2.762303570477870895e-01,2.921043799181352041e-01
2.202424354928049222e-01,1.984519763737630782e-01
2.619159045289755072e-01,2.835572582337906322e-01
1.344376399571477476e-01,9.283710622428278936e-02
9.128781978191889690e-02,3.232727146337033980e-02
1.603639184296523079e-01,1.455981882977924746e-01
5.219773297795636813e-01,9.987321852430441904e-01
5.368877000253218235e-01,9.958093940138822431e-01
5.368877000253218235e-01,9.958093940138822431e-01
4.479829039625519149e-01,7.159809859911050456e-01
4.610129982639918356e-01,7.738250587132254887e-01
4.862724937288581128e-01,8.461903927476656095e-01
4.871943326966396426e-01,8.236949772179185114e-01
5.196641196914477678e-01,9.809587790429589171e-01
4.976929993091659399e-01,8.905056591332531912e-01
4.774557801780396349e-01,8.014818402836368927e-01
5.055648143719474463e-01,8.996069692330878054e-01
4.804467031911365260e-01,8.174293518071900078e-01
4.963412951608832113e-01,9.226795263502142186e-01
5.027996501786300421e-01,9.100252988156736222e-01
4.874824409149265403e-01,8.246953949402070494e-01
4.382485045152692549e-01,6.629399482239975994e-01
4.968600135327992384e-01,8.507537604045474211e-01
5.029286773910578434e-01,8.858646102705123315e-01
4.586829249844284195e-01,7.526378473129153868e-01
5.282693546916900074e-01,9.922623255207260184e-01
5.272173359992670116e-01,9.938477676492275537e-01
5.049764839473360745e-01,8.781841460428577717e-01
5.189995519623502584e-01,9.526795888115617839e-01
4.684629535297069602e-01,7.683855577338751797e-01
4.219226034501641909e-01,6.407036751079864256e-01
5.239816014501920138e-01,9.727092232033256458e-01
4.874815928758639005e-01,8.452869745708153637e-01
4.345388979031020726e-01,6.728670794195570348e-01
4.071922255432970372e-01,5.842930383091073931e-01
4.403282495734808233e-01,6.794922217750790638e-01
5.113067167110726396e-01,9.412703770336005027e-01
4.398127644996297492e-01,6.881315824258575908e-01
4.118739213764771034e-01,6.207485296524669627e-01
4.264778634691403503e-01,6.316421541977310650e-01
4.576287225201739473e-01,7.300578340646671771e-01
5.037112019750871195e-01,8.583801008334488447e-01
4.457203599889037471e-01,6.894153492002191852e-01
4.696317406517168669e-01,7.773804467409647367e-01
2.865523696267817666e-01,3.522464586928089059e-01
3.530613039769929795e-01,4.546556010081121979e-01
4.283807252950050382e-01,6.522306274588428598e-01
4.800709153429975062e-01,7.965564711654931074e-01
4.483516753929093213e-01,7.595380500211224017e-01
4.176116249269385960e-01,6.091616101919351545e-01
4.247551254284578359e-01,6.486573219783777766e-01
4.473928188093534430e-01,7.051885560916629769e-01
3.575812100216856915e-01,4.692445691321548984e-01
4.060879481226458698e-01,5.736842995340021290e-01
4.346727400212500037e-01,6.497392328563332820e-01
4.066708751255302956e-01,5.964361448229624774e-01
4.685096302116913414e-01,7.633094779951163922e-01
3.541946436627723127e-01,4.389757746782277925e-01
2.205448050031935392e-01,2.063480238840350589e-01
3.785823521862947127e-01,5.261867581724882781e-01
4.039653259216783310e-01,5.727387034453653714e-01
3.685366598728284093e-01,5.149940364669697290e-01
4.893797801119156854e-01,8.385651068400888919e-01
4.474234230873342377e-01,7.356868669899321311e-01
3.023445948097642777e-01,3.484728507097761829e-01
3.234634680287111763e-01,3.761886835127314921e-01
3.327983771573597704e-01,4.053400214697081561e-01
4.168488965980378658e-01,5.973754269861833999e-01
1.780347470831711854e-01,1.468009012450898765e-01
2.703154715211116832e-01,2.912214620937564336e-01
3.065029790703048262e-01,3.665522119233295406e-01
2.501716356510247374e-01,2.476448222690045831e-01
2.140369228472645824e-01,2.022822928642427631e-01
2.481249279484493142e-01,2.520877250537623127e-01
2.187179748016561953e-01,1.992530913105202139e-01
2.079930931251194048e-01,2.014987853099223514e-01
9.196836279293923999e-02,3.659369602600045374e-02
7.089513840790928612e-02,1.877531489384052024e-02
1.539747084931542553e-01,1.132346449530830246e-01
8.307927390410568824e-02,3.238307866145763436e-02
1.306255492404671259e-01,8.160170898239546555e-02
1.925071183228765082e-01,1.727537360485067175e-01
2.456974691160161983e-01,2.463280775542360246e-01
3.152316485953705061e-01,3.710500792096378397e-01
3.092119798276959930e-01,3.588081288254831858e-01
4.575176261842350267e-01,7.193870884908987184e-01
3.601125625472143543e-01,4.954998771133389823e-01
4.642043553091371177e-01,7.474432617853326022e-01
5.092627040958904727e-01,9.205635020214828490e-01
5.153047775296701882e-01,9.170400167588244056e-01
3.414019930789136126e-01,4.249705874538654005e-01
2.479498434745833479e-01,2.598956730476975618e-01
1.575926947510363496e-01,1.229194689471713731e-01
2.277494032447764105e-01,2.340334059652927901e-01
2.194014836529931678e-01,1.962416338214408307e-01
2.039645963057606370e-01,1.939382651156399962e-01
1.386770156289937328e-01,1.110324063917039472e-01
2.977255131385043163e-01,3.404141277945365585e-01
4.225074106378771122e-01,6.235055774620907876e-01
4.522287455449490734e-01,7.259899090991333015e-01
5.020655735544624632e-01,8.941692575911516228e-01
5.194215468662222168e-01,9.419865552363283490e-01
4.180162432549956453e-01,6.196091557489799007e-01
4.291157648702133565e-01,6.363947324589824817e-01
3.855701198862784840e-01,5.326034228328511144e-01
3.802584543210842938e-01,5.085813301514642282e-01
4.599502116779632388e-01,7.541186718033059400e-01
2.576063614380417754e-01,2.602812706142120791e-01
3.749370517536056990e-01,4.983038166252823919e-01
2.760436301185719699e-01,2.948685500549097505e-01
3.236421142473697721e-01,3.980699690652547695e-01
2.689916694806485653e-01,3.131438234018192879e-01
7.940577441553277327e-02,2.812601511872106497e-02
1.071642362271604532e-01,6.121959220976389004e-02
2.099597684542571230e-01,1.874934841284105480e-01
2.996609135750516462e-01,3.536686966392997844e-01
3.098938413227084188e-01,3.841411403495070820e-01
2.962742781052899455e-01,3.416550918903270562e-01
2.828348737255267364e-01,3.025125500881846730e-01
2.463688061468561896e-01,2.416771159771307076e-01
2.892493822861500474e-01,3.131014991557945493e-01
2.502541660682342517e-01,2.502230631601009003e-01
4.187144136582278131e-01,6.125083703239804223e-01
4.489927246422308893e-01,7.020417844076315417e-01
3.864058975149110009e-01,5.359634067834970761e-01
4.030175613905719878e-01,5.684285049943678114e-01
4.308213030962811940e-01,6.508133640339426318e-01
4.327885319232188110e-01,6.435844516874291710e-01
3.710932845236508681e-01,5.031485868503113856e-01
2.737222912479253534e-01,2.867815144791744930e-01
6.218619621655750718e-02,8.849988150863463687e-03
9.245201034373023985e-02,3.407810069252047158e-02
2.966060107924836098e-01,3.211057486195763033e-01
3.467922564329210533e-01,4.189706649743089040e-01
3.210206858272302011e-01,3.687317294898181941e-01
1.376857175274637246e-01,9.570658931078390719e-02
3.015217099663433098e-01,3.468519860512944142e-01
1.929885172100735957e-01,1.695731665130560950e-01
1.645737263326179645e-01,1.444802049058719340e-01
1.983432764824448191e-01,1.673911364459545748e-01
1.020878430900189204e-01,6.467224920481119688e-02
5.942546047081298521e-02,9.991706508684083943e-03
8.655537452950715083e-02,3.218357565610036747e-02
2.849398649704080189e-01,3.075291002141182783e-01
2.162141080971785034e-01,1.903667957452520321e-01
1.003455436384576571e-01,6.574072860594598611e-02
1.136393793396555663e-01,7.024860855109615887e-02
7.168253332907681408e-02,2.347568881181580358e-02
2.064908647539622777e-01,1.853137394584499220e-01
7.648367751733102515e-02,2.114249433671823442e-02
7.648367751733102515e-02,2.114249433671823442e-02
3.453945964605980024e-01,4.239512939372610534e-01
3.829215131552622942e-01,5.413921372105229279e-01
3.698734393042505952e-01,4.734362576881602780e-01
4.023221913860492993e-01,5.571721144724746111e-01
4.731194278422145572e-01,7.605852987027251766e-01
3.875390050611375869e-01,5.579014689802692661e-01
3.999516465184398406e-01,5.519562177406727166e-01
3.673224094641543980e-01,5.151739344314051339e-01
4.421691247747497888e-01,6.993115130751327291e-01
4.422167702503239650e-01,6.644946447640082132e-01
2.935028718055628372e-01,3.315591366317011679e-01
2.024196381499624164e-01,1.815841576341618580e-01
2.410286282823408677e-01,2.476419536930508647e-01
1.986059903227384016e-01,1.735033521571689996e-01
1.608114569261165638e-01,1.120933176728211023e-01
1.711185968006951330e-01,1.371737308564988655e-01
1.749127398911820841e-01,1.409106203468942220e-01
2.215622618080983486e-01,1.984180127274658978e-01
2.542973917516114790e-01,2.719106993969023778e-01
1.405089566488038899e-01,1.019402716911599061e-01
2.731837704521498655e-01,2.987512851862727525e-01
2.264376994735183279e-01,2.131273373071421451e-01
1.904951486077034462e-01,1.619890482559984690e-01
1.143369904431041917e-01,6.585651696729294402e-02
7.117474991726530087e-02,1.320383797623569944e-02
1.898204525254334474e-01,1.622268194277542985e-01
1.213806495684923437e-01,6.554690898024082002e-02
1.128887581725667305e-01,6.898024276466734050e-02
2.918635202571550069e-01,3.456819498246876399e-01
1.420133182907658831e-01,9.855246087508309771e-02
3.507331301507907728e-01,4.573535865734374428e-01
3.564404090851412410e-01,4.693506108183396197e-01
4.253859262624598570e-01,6.692782317212112586e-01
4.662736866891777909e-01,7.518803960956468302e-01
3.420387183459407399e-01,4.286824251340042302e-01
2.793381563316109095e-01,3.038421538758501184e-01
2.025384666098173914e-01,1.862563350668292594e-01
3.024873557449804240e-01,3.520831563798756392e-01
2.233008045485798121e-01,2.293926998061013856e-01
1.226495868224740660e-01,8.044462889078930756e-02
3.878244548966170990e-01,5.342220757595775860e-01
3.707518002870225926e-01,4.974174955855014679e-01
2.886409037659251053e-01,3.274601354668639774e-01
3.619669237697451525e-01,4.707844682233376377e-01
3.099939560973778985e-01,3.595497778731833183e-01
1.965253651449318240e-01,1.781314900285675962e-01
1.861233996132004020e-01,1.613845920506794818e-01
2.774859560958436444e-01,3.206511429996547480e-01
4.314029242885546456e-01,7.009692781320935318e-01
4.203185052896703522e-01,6.160970955569402552e-01
4.150915369920051834e-01,5.978504318618660385e-01
2.177899973529573152e-01,2.105718996067435789e-01
2.283953503398280793e-01,2.207339987278239546e-01
1.631197198595798759e-01,1.241591130613715760e-01
5.333600013521565958e-02,1.630323317708959330e-03
2.967564575557228856e-01,3.290602298979779516e-01
2.663135252904008654e-01,2.698175445647770232e-01
8.225212906500944943e-02,3.923000316153899686e-02
2.721724886228354956e-01,3.084478115164898671e-01
4.547602246033485285e-01,7.155106596337817981e-01
3.669692124199202543e-01,5.012282120224815785e-01
3.350141024577186766e-01,4.173767798521501038e-01
3.065325919590409787e-01,3.782752477803353885e-01
3.964732596780624618e-01,5.563023129603438255e-01
4.026105074311792653e-01,5.873705096672804382e-01
4.591448597952390576e-01,7.539287556074385499e-01
3.711599567367964148e-01,4.980377984859222784e-01
4.545678851017964650e-01,7.404529079398738389e-01
5.333425299480544224e-01,9.984046774325487927e-01
4.533603144646092264e-01,7.256351927387779677e-01
1.844738763904643086e-01,1.695286380109237157e-01
1.234911304453017028e-01,9.220667104668088532e-02
1.535694660923426491e-01,1.022773848998314861e-01
2.469662107266349660e-01,2.697903481252377222e-01
1.233955088507298625e-01,9.828634563334798235e-02
2.603147507114484949e-01,2.600082331658528090e-01
3.801584421362516064e-01,5.034999124292497408e-01
3.428059613228957025e-01,4.326021052701607972e-01
1.509564161501188995e-01,1.036716254027058581e-01
2.000044473952825308e-01,1.842041826878315636e-01
3.020529269332685174e-01,3.465194749319859824e-01
2.958856452207910825e-01,3.395812570373401562e-01
1.426390813261372015e-01,1.038628952464717009e-01
3.311051475127264609e-01,4.084703739265035383e-01
2.578047801879014833e-01,2.675826399606551220e-01
3.729923015819348042e-01,4.853006278275655005e-01
3.802531749616373524e-01,5.561828270448608835e-01
1.366967234500401640e-01,9.230986586476624955e-02
1.720511266530458383e-01,1.329485777816005465e-01
3.053217448991902283e-01,3.752310770982928423e-01
1.832460887924049486e-01,1.566417258634688892e-01
1.155265639324363491e-01,6.596601004751886932e-02
3.348434153850387562e-01,4.016734737478325767e-01
4.773465001185525081e-01,7.979807862121388595e-01
4.997330122219157955e-01,8.753351205280370806e-01
4.784257038085386604e-01,8.085057485517148645e-01
4.966098335479089410e-01,8.774410575566791159e-01
4.897848667845581816e-01,8.756616809202393270e-01
3.341281299240921876e-01,4.365683571698183441e-01
3.498249648887494234e-01,4.454732434238941052e-01
4.036372145261640232e-01,5.872929983339137960e-01
4.420363826111253225e-01,6.650650662224741883e-01
4.038908246319712902e-01,5.786516676110508017e-01
3.402532317561270947e-01,4.273713896990377625e-01
2.831326774536639390e-01,3.350911159604015310e-01
4.644227573960318378e-01,7.438023775746211985e-01
4.597974789291901510e-01,7.497006333841587100e-01
4.767518634690464663e-01,8.027147768341850176e-01
3.784093628814831911e-01,5.045655453342402508e-01
2.796877521236495467e-01,3.166816455294239052e-01
3.537161714699136872e-01,4.828210238793390063e-01
3.550936234655555079e-01,4.698049000408641152e-01
3.387613735930107284e-01,4.212283842128264344e-01
2.938107170632409670e-01,3.222022286996391038e-01
1.840463150611872378e-01,1.537083733033096089e-01
1.183012588230482054e-01,6.830073152976909312e-02
3.771912984696222937e-01,5.065038775585617437e-01
2.369443091314648031e-01,2.264790448791206556e-01
2.655407322398007364e-01,3.006894418510318578e-01
3.056821846261822961e-01,3.579796060983657102e-01
4.110722523662939665e-01,5.820154352533370989e-01
4.312961974226335871e-01,6.383931868237292528e-01
4.464689377602953924e-01,6.880631881567526031e-01
4.364414013441338946e-01,6.717522027083775438e-01
3.588757498504815957e-01,5.004290190739318911e-01
3.961781729740774805e-01,5.659384519034402761e-01
4.461980883894784977e-01,7.042917318515916625e-01
5.006996942269291706e-01,8.945600212313247201e-01
4.279849510866431950e-01,6.442486503216525717e-01
4.124229438676015880e-01,5.912502173457985233e-01
4.536162295163133074e-01,7.134674162455503232e-01
5.031514701711926607e-01,8.961262718518827608e-01
3.572430968657394623e-01,4.560569812704495796e-01
4.308501392393335183e-01,6.466549735515185748e-01
4.167774680367667961e-01,5.927741664453483050e-01
5.324659273946351634e-01,9.952226077937917914e-01
1.065795513581985765e-01,5.209774830341840773e-02
4.086513943783925407e-01,5.904328245925209995e-01
2.913208471497856777e-01,3.470409277469662657e-01
3.632035135406303517e-01,4.788902603331068875e-01
4.598739622058887755e-01,7.625542791135532239e-01
4.747034751238179417e-01,8.048864665875814506e-01
4.918715717720928415e-01,8.681392267570027244e-01
4.551705714965867955e-01,7.670322644106475352e-01
3.873784785594013291e-01,5.554800161258713898e-01
2.657134016484524741e-01,2.936698062266513976e-01
2.330636035006824480e-01,2.179091940006387951e-01
1.250938381708735225e-01,7.112155814570809975e-02
2.195407559216219773e-01,1.978423544542515511e-01
1.293003221075640086e-01,1.009156602487333437e-01
1.564538775729469866e-01,1.394170707685429278e-01
1.921880900023520411e-01,1.532604356774001642e-01
1.904999175511725151e-01,1.754089669910223748e-01
2.791210463495269467e-01,3.263037323177917504e-01
2.219175594108166449e-01,2.067746125622083320e-01
2.318009291487259926e-01,2.374711866746237465e-01
2.251884368552633242e-01,2.176628642402749503e-01
2.064195500820224516e-01,1.830489999753271979e-01
3.574135243017473318e-01,4.644744418203595182e-01
4.332715620518702848e-01,6.468542648979199727e-01
4.008267624320496769e-01,5.682186601334271447e-01
4.627168397480401763e-01,7.547886425602892135e-01
3.914873679534606188e-01,5.351202573859780154e-01
4.580977946767647579e-01,7.323197251923171391e-01
4.118065630589879400e-01,5.871814127475881717e-01
3.982175101092017000e-01,5.662733463648664811e-01
4.824986237498623542e-01,8.158142055836299367e-01
5.274401103538121083e-01,9.675445982739444561e-01
4.979179900741588782e-01,8.832849768331382245e-01
4.840384681553953072e-01,8.168857757469951686e-01
5.303808145240087590e-01,9.984282497161114378e-01
5.004623532971081978e-01,8.764863753116695078e-01
5.004623532971081978e-01,8.764863753116695078e-01
4.833112789467925441e-01,8.041181697795606320e-01
4.872307788626523140e-01,8.330220786268922595e-01
3.003790954585284778e-01,3.362409219571923513e-01
4.195009623627157236e-01,6.362869117490013160e-01
4.269050029170112226e-01,6.569625046478171360e-01
3.410953763323956167e-01,4.068468385866757520e-01
3.255949628144668151e-01,3.884895701724532802e-01
3.253821474879460274e-01,3.913610967368295612e-01
3.443245145750184477e-01,4.266966342239286725e-01
4.468759422055613717e-01,6.853301571813955606e-01
4.588319125424411005e-01,7.615212869714187427e-01
5.103939822765936052e-01,9.251974638033124698e-01
5.123720916458004426e-01,9.288644037884179472e-01
5.098335805303840784e-01,9.509453170699500024e-01
4.633171499607015020e-01,7.294354067407899933e-01
4.159885218987239286e-01,6.338155567993589701e-01
3.704433728501021483e-01,4.899967034138004163e-01
4.418689142368494860e-01,7.076938396557778121e-01
4.510468541945527043e-01,7.006111620367804216e-01
4.195986967000951973e-01,6.299791198112321133e-01
3.515440103177707720e-01,4.535858914441556755e-01
3.731282742437589395e-01,5.211378628808662761e-01
3.567274684992940981e-01,4.558583778679713983e-01
2.041220437867870552e-01,1.846060317091820779e-01
9.177570271110133127e-02,3.402094783133034067e-02
3.722415145848617102e-01,4.807565884520605959e-01
2.481439359960677660e-01,2.566677228808830202e-01
3.224885961853000693e-01,3.866706159740080917e-01
2.311120010991276064e-01,2.204247144124687752e-01
2.100701250559929845e-01,1.921746422790886200e-01
8.889227501644349216e-02,3.106655304694492387e-02
8.377096083649877845e-02,3.120134510451401735e-02
9.986060742182087391e-02,5.130566587080002960e-02
9.861145166550479291e-02,5.305873361999980525e-02
1.882897777675596462e-01,1.628747053280298340e-01
2.569876612586088904e-01,2.558543021539276818e-01
2.588422915074076180e-01,2.672245027359914094e-01
3.242182807101503528e-01,3.778597769944979090e-01
3.920567099845442272e-01,5.435414974115413411e-01
3.396581189336155826e-01,4.364347273963541385e-01
3.444267779960583642e-01,4.462075366875063454e-01
1.985711869598061896e-01,1.905053905557961835e-01
8.162688012696923956e-02,3.957879119884794711e-02
2.474474664557747561e-01,2.390477507379231703e-01
1.520653451233210940e-01,1.079698153555143647e-01
3.661952842653445339e-01,4.904560856342721209e-01
3.152226570154804675e-01,3.751087022310978791e-01
3.722253213977967934e-01,4.782832716868214984e-01
1.977113806387891803e-01,1.791719454242579057e-01
9.900891698504551974e-02,6.350973094524879625e-02
6.777371153447772634e-02,2.813657571468189747e-02
2.556528212049374305e-01,2.701657039853313513e-01
1.431234158965043191e-01,1.114485874243758418e-01
2.105803280272640632e-01,1.910987066685979618e-01
1.219700660352364546e-01,7.521922926394219999e-02
2.824905778147914215e-01,2.998147576335986053e-01
2.914685801672797782e-01,3.265791435867719805e-01
3.217096750478928291e-01,3.738434545677464804e-01
3.849048465700056765e-01,5.579310707846109052e-01
3.075403881562572272e-01,3.594009873343620987e-01
2.304204427822178214e-01,2.177907817926443002e-01
2.716767302995675148e-01,2.900659578951352291e-01
3.428918767367857279e-01,4.160311625746133668e-01
5.883017454752143688e-02,6.936105175001976153e-03
5.883017454752143688e-02,6.936105175001976153e-03
2.513941026175279259e-01,2.579665669091869562e-01
2.583330484722201614e-01,2.656982377400356476e-01
2.070295119517716054e-01,1.889373159455773332e-01
9.788546301920225678e-02,4.325558628781536741e-02
6.344389823287324703e-02,2.275192571496262306e-02
1.469634699055293037e-01,1.202432817379603530e-01
5.729700239112413274e-02,5.598992739354800158e-03
1.133662996137720091e-01,7.479232099741112139e-02
2.476228184356857875e-01,2.584387016859416852e-01
2.589436009706824748e-01,2.711957774749254035e-01
2.156913398923184788e-01,1.968646944039730839e-01
3.615375798122278939e-01,4.515685098195772462e-01
4.797883467518500589e-01,7.990877582173850913e-01
4.300209710125940665e-01,6.557716621587785788e-01
1.329901307554781920e-01,8.428524690117766838e-02
1.752514806157997596e-01,1.381219701464354022e-01
2.341086021502846448e-01,2.244043861650079075e-01
5.337775800942724108e-02,9.749461016720827045e-03
9.094142713551189861e-02,3.121903825197989285e-02
3.982468292802172627e-01,5.694913852755003614e-01
3.952941745814085861e-01,5.537029774099478940e-01
3.937107534958742550e-01,5.570184538360150039e-01
4.699748432950231480e-01,8.099417784191179637e-01
4.134779468508542610e-01,5.902876385085497057e-01
3.933756121768486880e-01,5.372178129498541566e-01
4.060133140524098128e-01,5.732546197713391800e-01
3.701823257099861042e-01,4.884020421419757452e-01
2.999984145080429321e-01,3.405064338051521089e-01
3.677929649273424806e-01,4.809421546380369117e-01
4.684050700966748693e-01,7.672269571789572806e-01
4.888436602053519708e-01,8.843063431235044236e-01
5.195263074186444729e-01,9.523229546066689366e-01
4.249469455443727339e-01,6.387499870959869597e-01
4.638515212609858329e-01,7.393147337712053790e-01
4.801954717799788996e-01,7.892826882087661255e-01
3.650969992824492083e-01,4.630417318372886393e-01
5.000318025702599201e-01,8.719123623138161916e-01
5.120428224679304252e-01,9.138202850675322120e-01
5.285865361395851725e-01,9.902733683912361418e-01
5.285865361395851725e-01,9.902733683912361418e-01
4.732236386279185525e-01,8.181525380856823348e-01
4.630275585217200618e-01,7.435635453832979413e-01
3.933974226572301558e-01,5.598141974618094929e-01
5.028796219767890374e-01,8.782966941213649070e-01
4.013878773233148789e-01,5.558157881019447633e-01
3.712521841590413763e-01,4.829574768466705637e-01
4.549557607976639773e-01,7.086785440163294592e-01
5.249147413041084231e-01,9.875529389938015878e-01
5.041044443294859789e-01,8.891891446368928031e-01
5.121374176274318124e-01,9.642117960370827356e-01
4.176113691201487343e-01,6.385993982805324709e-01
5.115444046453436755e-01,9.085063725477380281e-01
5.002287677685300915e-01,8.584593343691588885e-01
4.895696048045624083e-01,8.182815036731186931e-01
4.845953434918783831e-01,8.536265951878136971e-01
4.007235273721194702e-01,5.860772575539242579e-01
3.439845252814836551e-01,4.307243326656097215e-01
1.935788038822046919e-01,1.773326491108773439e-01
2.275877258152064209e-01,2.148829997407905035e-01
2.916463504016601482e-01,3.549051004610365712e-01
1.057476429872655777e-01,6.985154268653295806e-02
1.714536628737155233e-01,1.308779259358730240e-01
4.456356296352210755e-01,6.832705522789430663e-01
5.067180267233759583e-01,9.076850492303804030e-01
4.604043938624921006e-01,7.442975274254687301e-01
4.075915218580867805e-01,5.957670059376228844e-01
4.102461589900008865e-01,6.063868506559344507e-01
4.725066902120191870e-01,7.824433035137263737e-01
4.961412240629074488e-01,8.672123833452521913e-01
5.193208253622388915e-01,9.264267375619787970e-01
5.328264114446998878e-01,9.883089180170474553e-01
4.245187668083114096e-01,6.422323178250011200e-01
3.428682160838943949e-01,4.496684468628677211e-01
3.542044051970444918e-01,4.703485409915116877e-01
2.610550301161376208e-01,2.671279546730321308e-01
1.066449080889926293e-01,5.803019982571003266e-02
2.435332079787216053e-01,2.304707743381145257e-01
2.250891468539357176e-01,2.252956075796431201e-01
3.073626788180980340e-01,3.707824475395768982e-01
2.003836539296301733e-01,1.783601311262170142e-01
6.054215852333186265e-02,8.371334066112789962e-03
1.819612313881579513e-01,1.446199309440814873e-01
4.948906054158669354e-02,1.218434093191413103e-02
2.476692637114040751e-01,2.496130330519915064e-01
1.391351866264133041e-01,9.096506113777844127e-02
7.251458686633727169e-02,1.617616390490696221e-02
1.145284647436417419e-01,6.083774257884765058e-02
1.387897583668009083e-01,1.027034325387401886e-01
2.379982869929491984e-01,2.627186186094770948e-01
3.112500100861499974e-01,3.596863108304905743e-01
1.268252762073315831e-01,7.600041427443610109e-02
2.591288932740896667e-01,2.676028948549112885e-01
3.409840101245563138e-01,4.366362626224078447e-01
3.603263725824135122e-01,4.787806936819321568e-01
3.463828119791724225e-01,4.280029307062938049e-01
1.471531399962051345e-01,9.185684469329598312e-02
2.010785396984748064e-01,1.803800169975788847e-01
1.980559421789408470e-01,1.944086856061774393e-01
3.120893404881753819e-01,3.766220375617514438e-01
4.382130742544198543e-01,6.725067700481260902e-01
3.428769318452349335e-01,4.228569437165905498e-01
3.023329950895739526e-01,3.368872897350812523e-01
2.061652419429746419e-01,2.078570757504328848e-01
2.076360979472920421e-01,1.963659004758371018e-01
3.639520378809850687e-01,4.658114254425518297e-01
3.465927414366103410e-01,4.581574923853117820e-01
3.986423691538132363e-01,5.785393695399234648e-01
4.288480996744933882e-01,6.338210664515164794e-01
3.467127506484943833e-01,4.315806989465387766e-01
4.293671379053768389e-01,6.420756612408262676e-01
5.187863775503950281e-01,9.503775614600281640e-01
4.958903890572448625e-01,9.010406314421830487e-01
5.158753857165343515e-01,9.112495037664092301e-01
4.769082180811371474e-01,8.073602059295019728e-01
4.155294699909727885e-01,6.054920545767296103e-01
3.803004944797123144e-01,5.053586795484535932e-01
3.385181105018901793e-01,4.327054159099325559e-01
3.288281462772896790e-01,4.174713371619899194e-01
2.957671333785587553e-01,3.440088863525980756e-01
3.346529768589586173e-01,4.292733305977192715e-01
4.394586425068865987e-01,7.051698999285719305e-01
5.248986669536139793e-01,9.959198012835477343e-01
5.324944684242202131e-01,9.857925451986271348e-01
5.324944684242202131e-01,9.857925451986271348e-01
5.044528629633827643e-01,8.773328910626355670e-01
5.236580862457440588e-01,9.799258073084639031e-01
4.870012649786765735e-01,8.485519352791551784e-01
5.022828448915253041e-01,9.262735776928004983e-01
4.912538909438017853e-01,8.608476004865507347e-01
5.108679772689299625e-01,9.001512187152249655e-01
4.740886097752322614e-01,8.252798430215643188e-01
4.994518822208880993e-01,8.852428716637078532e-01
4.706225867887619541e-01,7.788696445155329773e-01
5.069146640266772863e-01,8.860689898299840550e-01
4.690351959382739189e-01,7.647504645196123718e-01
4.885984868968333283e-01,8.407026733503630833e-01
3.952726835026300067e-01,5.461020051728747715e-01
3.970546969402042325e-01,5.839567825561617909e-01
4.156059235439406585e-01,6.146498677452034709e-01
4.055335062642943522e-01,5.861587590345458398e-01
4.315718348046133079e-01,6.522046355690626074e-01
4.593948108127077767e-01,7.328211066848884236e-01
4.693254668696756893e-01,7.751096782467477020e-01
4.277063146606766564e-01,6.288600499589360737e-01
4.016806819269450046e-01,5.724427189765992630e-01
4.016806819269450046e-01,5.724427189765992630e-01
3.664025617844090532e-01,4.970820612398807459e-01
3.924045042812616679e-01,5.501910193739122379e-01
2.012079345452101042e-01,1.877013387972856495e-01
3.147993355142058580e-01,4.099007358521356004e-01
2.574265571174655376e-01,2.648977501268695578e-01
1.936526852688331690e-01,1.588187034865961023e-01
1.080962457716566211e-01,5.774209419705431112e-02
2.914151463661763808e-01,3.108305620600077535e-01
3.862784830927261659e-01,5.388267584125525644e-01
3.680815497062650543e-01,4.825688248757286081e-01
3.253162110661529938e-01,3.898265305602977016e-01
1.130447019738955866e-01,7.396995796273724000e-02
1.872214533203248876e-01,1.647226066745087758e-01
1.447831974683242151e-01,9.932192274682564992e-02
1.115605924178825481e-01,6.484193815717939624e-02
1.071281320210704380e-01,6.289936164418394315e-02
3.002872063278493320e-01,3.741428404853900380e-01
3.896836136985633581e-01,5.331979524043125584e-01
4.293708967554797362e-01,6.518801140961848484e-01
3.274475510610670437e-01,4.286844481853309130e-01
1.565959416542497262e-01,1.118150061577082716e-01
1.960388466053941403e-01,1.723109953530684302e-01
3.750370058017826191e-01,5.159675474842607690e-01
2.665789496024277838e-01,2.986287614036540194e-01
4.618511093995639194e-02,4.860063634955502643e-04
1.872599712056040311e-01,1.593398716997276865e-01
3.044264331598451334e-01,3.438242669521785477e-01
2.354661363733687451e-01,2.467160114618628941e-01
2.315390133751431823e-01,2.346114075134653199e-01
3.864338074635493836e-01,5.193752499470800643e-01
3.080414277200134721e-01,3.519966292258207563e-01
4.376985070102523689e-01,6.771646442531775723e-01
4.474021796203927481e-01,6.934442095782463733e-01
5.195686270382473548e-01,9.611755404808065562e-01
5.013733825775869013e-01,8.754207336447413779e-01
4.669342808205514395e-01,7.469356239142086462e-01
3.894764570813525340e-01,5.412960101801318480e-01
5.013508381355180621e-01,8.679505995508811633e-01
4.683844838721878401e-01,7.534626007875397935e-01
3.709527596289570739e-01,4.908389153858360165e-01
4.302958689166816453e-01,6.465440759520835190e-01
3.964366178534093343e-01,5.541273270650601823e-01
4.494156172817377892e-01,7.102695015816355983e-01
4.867644711633165033e-01,8.127345207263299010e-01
3.881231360436179223e-01,5.182469541651025802e-01
4.452894096601897056e-01,6.830293635262818519e-01
4.667050633790663650e-01,7.933262173339750145e-01
4.745885366605327449e-01,8.045908357522635335e-01
5.273605806758649983e-01,9.769569872404120225e-01
4.368304407316345173e-01,6.664452278518353534e-01
4.598664271385696223e-01,7.346458818305408034e-01
4.951212155546743099e-01,8.494212440015564969e-01
2.836604555875882339e-01,2.997573585856986855e-01
2.000163959453356566e-01,1.718224160559012892e-01
2.014054568195872974e-01,1.725151846426708213e-01
2.457497085837614115e-01,2.561461000867957805e-01
3.160689165322738692e-01,3.613080269580966619e-01
3.771989031855630947e-01,5.173894690634943672e-01
3.206794784321310154e-01,3.847114773583061309e-01
3.873046338196938776e-01,5.210405583020153442e-01
3.598724304437628807e-01,4.914954298119378895e-01
3.387851358275291158e-01,4.082241448023107289e-01
4.706146439270151860e-01,8.097258218127854068e-01
5.208374227752696761e-01,9.645557837036968785e-01
5.005812225115553460e-01,8.828254342405075228e-01
4.311560332926743233e-01,6.462993911348359211e-01
4.388636443101897044e-01,6.876076661657324340e-01
3.175261981873062078e-01,3.924529431478885888e-01
2.875792415029472804e-01,3.159930293615346719e-01
3.417985909896589791e-01,4.237393721092554966e-01
4.696273475230547945e-01,7.437076786213334678e-01
4.118430294425809990e-01,5.884452887289528533e-01
3.176697529235874562e-01,3.749528063483145712e-01
3.787121514444362069e-01,5.340537022787483767e-01
2.967913452574709732e-01,3.300910799440264221e-01
2.415006782659971096e-01,2.474313790003448421e-01
2.624960284636488339e-01,2.586349267784729400e-01
1.460255500468155554e-01,1.001574677540948283e-01
6.706791091655202319e-02,2.179908844679935565e-02
2.469101220716625744e-01,2.744111228139660685e-01
1.614083885601440560e-01,1.217820950589411644e-01
1.797394231875255599e-01,1.517067793371189854e-01
2.406378531261495479e-01,2.810818227391914670e-01
3.233651588119739184e-01,3.778595521638641319e-01
3.458273215991743976e-01,4.332535097068194174e-01
3.947556761066583486e-01,5.415939895541171945e-01
3.577328199275403575e-01,4.485589466859152274e-01
1.262533332042660994e-01,8.189651544503068203e-02
3.077061154524506903e-01,3.629663570806744843e-01
2.151467000194409729e-01,1.925643863521976085e-01
7.725550612023311670e-02,3.328980756373529915e-02
9.529495874628406138e-02,5.460805365277077855e-02
2.690430933136712111e-01,2.836907114138382813e-01
9.069320217530485451e-02,4.163824410339375670e-02
2.660792683634293221e-01,2.737143015793074841e-01
1.454202485380535481e-01,1.124313898749760426e-01
3.273554165626347268e-01,4.143936486889029380e-01
2.950199570425097728e-01,3.308738291942827647e-01
1.727028383996788707e-01,1.353060741691320679e-01
3.791918394544848137e-01,5.282492089597041751e-01
3.682105755378876077e-01,4.933918912220394137e-01
4.095007937795434594e-01,5.801988748309990784e-01
3.260883874198875487e-01,3.978426205649192582e-01
3.659776646535970457e-01,5.045546215847035443e-01
3.568438115423908652e-01,4.760553293376795780e-01
4.100505021573694897e-01,5.927652749410463606e-01
4.052398444279999290e-01,5.740633596428159624e-01
3.366631728697507819e-01,4.118319096481544150e-01
3.785723490434982907e-01,5.121594090634069563e-01
3.278875037604824794e-01,4.009394005909005521e-01
3.328199190511273997e-01,4.079429622825361257e-01
1.063374195950724799e-01,6.000284580321908756e-02
1.388191332951825563e-01,9.507339975010903332e-02
8.687737138636579537e-02,3.919799013694216794e-02
1.265926733206439447e-01,8.349790447206287269e-02
8.996918208236832915e-02,3.740110946118581359e-02
2.762457691997831088e-01,2.919362304887887505e-01
3.611117167189392685e-01,5.141509292021354538e-01
3.370660689220383865e-01,4.055892436355112984e-01
4.247041796631296218e-01,6.291632948589191976e-01
3.703078152810327928e-01,4.972463397125433948e-01
3.647287439363633976e-01,4.844567390288965214e-01
3.066915773743367213e-01,3.689845932743957557e-01
3.514166260542146425e-01,4.459389636932662437e-01
3.698844714270644318e-01,5.019100878214933781e-01
4.241550495255754227e-01,6.633282033247780429e-01
4.973998597606478778e-01,8.571921545326115499e-01
3.910896391875832157e-01,5.586404856615732051e-01
2.892602858406947974e-01,3.151892077854585028e-01
3.052755681259728959e-01,3.736291140355316176e-01
9.848704827652313143e-02,5.166082703761651351e-02
7.590010610573855176e-02,1.800253697219542093e-02
2.541504401600598317e-01,2.735353341627599910e-01
1.130794335979525139e-01,6.107371132819776338e-02
2.133117912156319296e-01,1.820935656829391069e-01
3.391185123087528397e-01,4.125940832145667536e-01
3.287446601722018857e-01,3.912105147018126172e-01
3.897639199310873326e-01,5.281318805588554044e-01
8.763820012306748619e-02,4.284984425086593718e-02
2.412391667939212114e-01,2.354200171464784774e-01
4.864945641352013128e-01,8.603197544613041536e-01
5.236918789262333673e-01,9.664762231238793744e-01
5.055343396091454000e-01,9.108728726574542023e-01
5.095956230855751556e-01,9.108293485177297866e-01
5.125730201859426405e-01,9.014141564769961867e-01
4.381236722840982645e-01,6.657105510827556749e-01
4.944825906149508121e-01,8.391396175331951035e-01
4.764357352503392207e-01,8.213332373859060231e-01
4.997316420577945228e-01,8.689380336583403253e-01
3.279473949069424688e-01,4.250313994798962658e-01
3.335224011470462879e-01,4.300251171602778588e-01
4.583420858415669374e-01,7.163916614330557708e-01
1.741420304234308492e-01,1.427130596889409908e-01
1.386726062970000117e-01,1.054275437870575288e-01
6.234101486733681363e-02,6.234220086751202095e-03
5.520405596653191194e-02,8.669969105421962419e-03
2.103681213226961388e-01,1.970246548160948796e-01
3.101571423226222590e-01,3.608230064280787963e-01
6.848573711162785072e-02,2.321497100465185620e-02
1.126784537954840515e-01,6.829284640599718459e-02
9.789014577020746510e-02,5.322144830948171562e-02
2.039091243416911170e-01,1.812774903509312696e-01
1.050526145653171983e-01,5.932745397142774602e-02
6.528457351487006177e-02,2.642915917405101386e-02
5.870164468508113492e-02,3.420407703220856854e-03
7.709830022905003744e-02,1.819111930539603350e-02
3.125014979926941661e-01,3.594101248547141858e-01
2.308441449998638317e-01,2.354563500095157025e-01
1.875636562882851965e-01,1.441181749925930788e-01
2.923283532517698680e-01,3.211716968951139894e-01
2.843607965438339491e-01,3.209139070313321573e-01
2.312221833251003333e-01,2.338101072370411260e-01
4.417381243722654505e-01,6.601740602305359307e-01
3.154146016165375599e-01,3.759850578401762733e-01
3.590376626007178440e-01,4.536479718673179229e-01
2.938544021296798370e-01,3.540433701225193519e-01
2.574518546835322108e-01,2.867967362242155316e-01
6.899200240653283189e-02,1.228077500163848867e-02
1.524482579647996050e-01,1.311199815355872655e-01
2.170974341858473988e-01,2.108687519188789383e-01
2.434966101967068752e-01,2.361411462869762168e-01
1.259437381793254707e-01,7.931562019580254419e-02
2.955671060779651027e-01,3.495801861115941933e-01
3.036299813074358478e-01,3.459151959700541568e-01
3.537934655258218042e-01,4.458996212069058496e-01
3.419597357601649179e-01,4.224785188119488666e-01
4.507781982996634795e-01,6.910051146272845335e-01
3.549889211722221938e-01,4.607976587999239038e-01
3.461965133934632455e-01,4.258027700744930200e-01
3.097822410119523417e-01,3.787295204191860609e-01
2.274262598990383077e-01,2.114475135412534623e-01
2.371396802362275846e-01,2.264927858632694857e-01
2.617946339407224987e-01,2.776007515082327126e-01
2.979206691911025495e-01,3.345343195818505366e-01
4.572971574014629281e-01,7.251326752727906833e-01
2.810712740434108126e-01,3.147354386354259681e-01
1.454357069866888397e-01,1.031481842870093230e-01
3.215629513379779647e-01,3.682083951222577256e-01
3.261122030025010998e-01,4.162605501295975619e-01
4.195976958558956804e-01,6.067476526150369365e-01
3.873183747547799816e-01,5.207747599562987384e-01
2.266080375941261493e-01,2.109115272615491588e-01
1.403161624024322762e-01,1.044807980110126211e-01
1.551081345081052054e-01,1.090566902624850731e-01
1.459975520631329737e-01,1.068656911253255820e-01
2.197773082207916395e-01,1.975492038036381626e-01
2.855177974008777930e-01,3.307928783191510513e-01
3.212164675064306252e-01,3.619250210256791944e-01
4.301824088155166703e-01,6.346740141503922628e-01
4.701779872276991012e-01,7.781274411075502773e-01
3.919076838169922028e-01,5.520608163040058303e-01
2.304491678700885671e-01,2.374302951566842901e-01
9.331814759171004614e-02,4.462373497895304186e-02
2.961451950559357837e-01,3.303790996113205036e-01
2.378974608193803741e-01,2.507549998758543119e-01
3.686102242930696105e-01,4.958066888413725781e-01
4.453895717425047640e-01,7.132728846900023845e-01
4.918710413528951664e-01,8.428105214051084815e-01
2.562152983414931473e-01,2.665577559162698451e-01
2.880592133254737952e-01,3.520409329456535286e-01
2.471151782820288911e-01,2.698698407813918676e-01
6.167077589170938401e-02,1.388462535414433652e-02
1.277416620965682315e-01,9.231585421050994555e-02
2.377220843655551141e-01,2.605229394623407302e-01
1.920930986692897247e-01,1.967333558253444581e-01
2.363178222246579974e-01,2.323193462701841350e-01
3.059314436734764664e-01,3.550441389136791415e-01
2.747057982507771778e-01,2.900438592205792365e-01
3.637763402928602674e-01,4.893733266904474188e-01
1.946851150822690446e-01,1.672625940211639461e-01
1.444269618172719927e-01,1.015364638687486221e-01
9.389711696591104828e-02,3.902377361630883501e-02
8.518002530096750735e-02,4.274073974917152324e-02
1.196838914714601215e-01,7.782271721197410452e-02
1.931630370236428751e-01,1.798633042503371138e-01
2.489384236255794414e-01,2.529846020856660882e-01
5.007795314444453139e-01,8.525986733752529689e-01
5.224626228252553517e-01,9.709878030103505919e-01
4.974833472734538353e-01,8.627288079230457374e-01
4.845996739881085480e-01,8.127230441365036473e-01
3.843235135904196076e-01,5.294312670217217187e-01
4.160396857199240572e-01,6.351150950751868196e-01
4.313833632691216891e-01,6.364295166527489389e-01
4.022033049228115331e-01,5.671442178109075138e-01
4.131490452478845943e-01,5.959816393187056249e-01
4.179379593434792706e-01,6.013696323911218444e-01
4.593866770655146148e-01,7.505108354279589333e-01
2.538114898905486916e-01,2.668513735888767835e-01
3.618341774357294871e-01,4.851338898328529936e-01
4.419400672744331349e-01,6.795866042704191701e-01
4.432214156183876819e-01,6.748059450821933813e-01
3.341413919848631453e-01,4.075948744986812033e-01
2.867857463125165762e-01,3.339766005660138593e-01
4.870869528984356212e-01,8.223639917571172742e-01
4.366421982851976247e-01,6.958318290949353502e-01
4.421163173431080229e-01,6.730331741979130866e-01
4.586619982098972259e-01,7.170140678595628980e-01
5.058118115128160674e-01,9.487779068143231687e-01
4.278581530424732104e-01,6.383300417665469517e-01
4.690756100924939331e-01,8.001209237797811680e-01
3.438005625171257074e-01,4.324744674825124480e-01
2.764883624607598622e-01,2.988134062165302418e-01
3.959360342734276061e-01,5.429808367347580544e-01
4.083396539368103761e-01,5.877358985237891575e-01
2.235703682509887491e-01,2.086769513525711106e-01
1.174035955611803517e-01,6.324257111602515913e-02
3.584224137264970245e-01,4.844995830779298962e-01
4.875307245112871501e-01,8.073980878720051768e-01
3.734722306275020665e-01,4.824563397265413389e-01
3.380068932703407247e-01,4.081465537952140843e-01
2.863519387948214590e-01,3.380712218829608484e-01
4.294209610287629819e-01,6.352269147161534457e-01
3.757356569213810560e-01,5.305563081179538454e-01
3.169517385214706273e-01,3.935670965928628195e-01
2.862746241445739415e-01,3.181478720101815760e-01
1.701603668120504897e-01,1.293847754374110870e-01
1.031728908263538080e-01,4.875885465181759720e-02
2.938824874507607876e-01,3.392469950216926988e-01
2.722950576889047181e-01,3.095156191062188311e-01
3.859865022953924973e-01,5.193297786121219284e-01
3.594585314477862781e-01,4.803015782758076613e-01
4.146044298814097750e-01,5.942339815347765786e-01
2.690392289339345044e-01,2.871217521807398754e-01
2.445144590095567616e-01,2.458377967584347845e-01
1.686712311877022474e-01,1.276654187645191729e-01
1.673981367147013011e-01,1.516933671320562782e-01
2.754641155329546898e-01,3.287543587387787847e-01
2.524576342389913131e-01,2.540629060579252529e-01
1.122787421251737472e-01,5.598747873925557367e-02
2.449146568143279468e-01,2.454101217084958264e-01
1.372348763519268544e-01,9.549570860423861607e-02
3.463926920061407011e-01,4.347103166876526981e-01
5.548270660944623622e-02,1.077878581542041081e-02
6.564970774787706742e-02,1.436162910095354142e-02
6.277455386425725981e-02,1.572874356613316107e-02
1.916247173483540955e-01,1.695659537379499426e-01
2.733740867393281704e-01,2.907219311920243299e-01
3.954714376855206215e-01,5.991099641112918039e-01
4.165277695366723654e-01,6.157593186519697559e-01
4.850421170529564119e-01,8.526338838107463403e-01
4.779726401772529942e-01,8.243866549479292871e-01
4.743273332389476571e-01,7.765706080123461197e-01
4.291416586489182894e-01,6.755538095952062783e-01
5.070411422363089171e-01,9.090970477681220574e-01
4.929827922937159435e-01,8.783347037855602224e-01
3.844381512458445727e-01,5.534603882107437256e-01
3.211952884445948286e-01,3.874325830902742851e-01
3.040919569970935710e-01,3.725211754644094375e-01
4.305910272717160536e-01,6.446084192424081927e-01
4.579084225847184220e-01,7.445797268668923330e-01
4.558558412781503755e-01,7.152407439919710175e-01
4.112372711512469747e-01,5.813307954206559103e-01
1.659829902524851963e-01,1.345195043209878316e-01
9.355061082171409192e-02,4.327434493251995640e-02
2.086036461405716413e-01,1.998843466429109095e-01
1.612497315197291003e-01,1.338457044626707448e-01
3.572112518490160316e-01,4.567538510216156977e-01
3.257027760674560124e-01,3.808651122464288274e-01
4.235429030269517447e-01,6.159444933228859220e-01
3.289931075523151449e-01,4.161763579768423815e-01
2.239177772189862026e-01,2.053197067870055903e-01
2.883361551826280067e-01,3.407284713394760356e-01
2.935337136466740215e-01,3.268237037290986913e-01
1.772100022153643428e-01,1.473481158876274455e-01
1.862989113689816623e-01,1.593539296955766571e-01
1.835057214693898153e-01,1.641968564675035935e-01
3.084662260754876817e-01,3.501914383858658053e-01
4.056222090533133096e-01,5.726965122994573942e-01
5.264921508151101381e-01,9.876148174469210339e-01
5.051848133643210836e-01,9.455387579966836320e-01
4.235610443761028132e-01,6.425669486833083255e-01
4.691982304784018676e-01,7.724073262613799784e-01
4.968835604860495359e-01,8.549815691428502840e-01
4.630155074627857470e-01,7.745712438132280608e-01
4.612246273048558609e-01,7.448288758345900096e-01
3.993717335332053753e-01,5.686870919819599912e-01
5.164123379706594408e-01,9.644793644652185360e-01
5.136289913155658304e-01,9.243793911017317289e-01
5.256958027357018226e-01,9.680568590788769523e-01
5.167673598975439653e-01,9.938747609331313182e-01
4.446274971864819237e-01,6.836464330651081944e-01
4.446274971864819237e-01,6.836464330651081944e-01
3.647573067366411959e-01,4.990057730145984194e-01
2.491905878598526802e-01,2.515152389660284538e-01
1.125615750165976786e-01,6.570587332226532351e-02
1.716146895344121126e-01,1.432582186022663961e-01
8.682855422849786176e-02,3.135578773971747085e-02
1.947530709999922005e-01,1.833541340990985646e-01
3.532093642876533157e-01,4.867407777844204864e-01
4.731213287631839681e-01,7.820061796644238727e-01
5.101051814032024900e-01,9.340582907412267044e-01
5.156013963627726904e-01,9.098370044232929610e-01
3.660233062744678301e-01,4.813053263217280109e-01
3.642636845045295058e-01,4.845977566223760857e-01
4.268389989447844424e-01,6.855025676048820404e-01
4.752507830243027365e-01,7.929178240805282440e-01
1.761114842769935240e-01,1.477646144639212511e-01
1.152887331498855111e-01,7.124256762500620621e-02
1.674556858019485839e-01,1.301519199875561528e-01
1.214442133415081226e-01,7.062466414820094129e-02
8.276933776240952279e-02,4.299940135534266461e-02
1.536577716332486465e-01,1.261365718277062120e-01
2.155130693039865042e-01,2.068785779794440616e-01
1.764777302137813808e-01,1.405482803681993575e-01
1.075865306002549565e-01,6.331967258646110930e-02
9.692609940311570915e-02,4.319058153422536406e-02
1.549668562674868244e-01,1.128228622340853582e-01
1.959958775358647265e-01,1.944853571650642099e-01
3.342035785459249730e-01,4.082668222993228180e-01
3.355970254593363400e-01,4.283643654783902410e-01
2.385157246718792867e-01,2.680231824475492464e-01
1.359641369086628249e-01,8.316248099999909438e-02
9.846146107993160312e-02,3.905943271558061369e-02
7.634526255446774656e-02,3.019194173983026641e-02
1.847596481201678742e-01,1.578726827752800488e-01
1.212413734994214759e-01,6.792413275877046130e-02
2.356190404907923808e-01,2.438872758556607789e-01
1.575424455695773607e-01,1.309049429046311719e-01
2.372349146584728508e-01,2.536070157195627894e-01
3.173933697646670327e-01,3.698167479980336569e-01
3.802041482915768933e-01,5.092526867226535581e-01
4.361025972756663593e-01,6.742350637466563157e-01
4.657358260590661048e-01,7.360399706515756701e-01
4.331004174416020480e-01,6.978999238955667650e-01
5.210565648821620099e-01,9.420076550022935535e-01
5.098871189834026652e-01,9.572310835172654908e-01
4.755074788413309883e-01,8.243814432468427045e-01
4.730932419036599779e-01,7.843236137362239457e-01
3.522300462584583292e-01,4.384267964366722059e-01
3.484373589891697209e-01,4.314359605402620090e-01
2.026062438391080800e-01,1.817421628577596537e-01
1.343124645845232557e-01,8.181661166529721751e-02
8.314422319828894403e-02,3.065060001109441365e-02
3.893389657250379554e-01,5.577878875607885645e-01
4.898572429430336772e-01,8.505876103280485268e-01
4.496607090019015263e-01,7.011567506121719751e-01
4.441109236256032267e-01,6.730374942230405999e-01
5.295384863213680182e-01,9.848874224579540204e-01
4.656987855970780577e-01,7.405047367495192212e-01
5.127592191073796490e-01,9.182728311898248341e-01
4.691155057450469013e-01,7.568005881192380047e-01
5.302269895705622460e-01,9.984937805854889881e-01
5.302269895705622460e-01,9.984937805854889881e-01
5.302269895705622460e-01,9.984937805854889881e-01
4.641853118824074698e-01,7.365160674262930529e-01
5.169678087507654229e-01,9.343608529483482528e-01
5.225097961091870191e-01,9.600394420471680679e-01
3.779637809040329866e-01,5.255621117183564284e-01
3.189437133650765976e-01,4.082484774277988504e-01
1.172773031744099026e-01,7.283006196869322435e-02
5.875529356200859254e-02,5.600967212551155594e-03
1.562573567816291087e-01,1.263131530725421503e-01
1.429966525984077141e-01,9.108354863107945287e-02
1.838208120672673029e-01,1.434547903088676524e-01
4.127775783369938001e-01,5.847817190456157110e-01
4.291256469385291705e-01,6.460517386144505325e-01
3.638701273148226001e-01,4.776435975925642508e-01
2.343559371989944740e-01,2.226682361111456399e-01
3.403371821812752884e-01,4.306302582310737037e-01
2.951781360912604790e-01,3.279416843089578149e-01
2.483582161370636587e-01,2.635204163306386071e-01
6.151910637781887736e-02,1.881163321446840953e-02
1.135927000971583695e-01,7.093878092158799331e-02
2.497523419829382196e-01,2.486330590270923180e-01
2.249288385126097245e-01,2.030383764535308722e-01
2.202912398338449096e-01,2.011518312278098020e-01
1.274138579269213645e-01,9.019339100675766163e-02
3.553905178967416423e-01,4.472117915608112559e-01
3.499647784059004008e-01,4.482933274907788257e-01
2.547741911142937243e-01,2.506402823156966830e-01
3.765787538408925106e-01,5.039201002442893484e-01
2.561632598122676741e-01,2.577417094812023413e-01
3.415410365102236057e-01,4.471540834263961206e-01
5.070004273355086521e-01,8.868854557985459408e-01
4.280103365717939368e-01,6.290746442193948518e-01
5.136753295784871609e-01,9.042308701318529929e-01
3.855705347970864727e-01,5.689562557909477736e-01
4.243794771787303688e-01,6.224805544563086768e-01
3.668268181937209826e-01,5.036789833774493186e-01
3.145060693966209575e-01,3.840632928321165984e-01
3.630098797849742875e-01,4.743191144031352890e-01
3.994159207974280479e-01,5.556080401010348169e-01
3.511921718888842969e-01,4.467904538930184133e-01
3.200427649857469636e-01,3.937069161588930832e-01
1.525840926429414546e-01,1.115949906782005285e-01
6.314368285620933219e-02,1.168387003782322964e-02
1.830443325418769918e-01,1.460934263369148278e-01
1.263219516888789418e-01,8.813887741961876077e-02
2.238654660614309289e-01,2.010622928688111655e-01
1.551107015348772711e-01,1.316987570749658110e-01
2.760988721511097310e-01,3.222183754879288098e-01
4.003615703674111015e-01,5.723032308391278189e-01
