pd,pb
4.749623114133966206e-01,9.995017966936536880e-01
4.749623114133966206e-01,9.995017966936536880e-01
4.749623114133966206e-01,9.995017966936536880e-01
4.751542753904312022e-01,9.998013230516596961e-01
4.751542753904312022e-01,9.998013230516596961e-01
4.751542753904312022e-01,9.998013230516596961e-01
4.751542753904312022e-01,9.998013230516596961e-01
4.751542753904312022e-01,9.998013230516596961e-01
4.750970862004492701e-01,9.996091103372458653e-01
4.750970862004492701e-01,9.996091103372458653e-01
4.750970862004492701e-01,9.996091103372458653e-01
4.750970862004492701e-01,9.996091103372458653e-01
4.750970862004492701e-01,9.996091103372458653e-01
4.750970862004492701e-01,9.996091103372458653e-01
4.750970862004492701e-01,9.996091103372458653e-01
4.750970862004492701e-01,9.996091103372458653e-01
4.750970862004492701e-01,9.996091103372458653e-01
4.750970862004492701e-01,9.996091103372458653e-01
4.750970862004492701e-01,9.996091103372458653e-01
4.750970862004492701e-01,9.996091103372458653e-01
4.750970862004492701e-01,9.996091103372458653e-01
4.750970862004492701e-01,9.996091103372458653e-01
4.750970862004492701e-01,9.996091103372458653e-01
4.750970862004492701e-01,9.996091103372458653e-01
4.750970862004492701e-01,9.996091103372458653e-01
4.750970862004492701e-01,9.996091103372458653e-01
4.750970862004492701e-01,9.996091103372458653e-01
4.750970862004492701e-01,9.996091103372458653e-01
4.750970862004492701e-01,9.996091103372458653e-01
4.750970862004492701e-01,9.996091103372458653e-01
4.750970862004492701e-01,9.996091103372458653e-01
4.750970862004492701e-01,9.996091103372458653e-01
4.750970862004492701e-01,9.996091103372458653e-01
4.750970862004492701e-01,9.996091103372458653e-01
4.750970862004492701e-01,9.996091103372458653e-01
4.750970862004492701e-01,9.996091103372458653e-01
4.753978381970985767e-01,9.999389514301503246e-01
4.753978381970985767e-01,9.999389514301503246e-01
4.753978381970985767e-01,9.999389514301503246e-01
4.753978381970985767e-01,9.999389514301503246e-01
4.753978381970985767e-01,9.999389514301503246e-01
4.753978381970985767e-01,9.999389514301503246e-01
4.753978381970985767e-01,9.999389514301503246e-01
4.753978381970985767e-01,9.999389514301503246e-01
4.753978381970985767e-01,9.999389514301503246e-01
4.753978381970985767e-01,9.999389514301503246e-01
4.753978381970985767e-01,9.999389514301503246e-01
4.753978381970985767e-01,9.999389514301503246e-01
4.753978381970985767e-01,9.999389514301503246e-01
4.753978381970985767e-01,9.999389514301503246e-01
4.753978381970985767e-01,9.999389514301503246e-01
4.753978381970985767e-01,9.999389514301503246e-01
4.753978381970985767e-01,9.999389514301503246e-01
4.753978381970985767e-01,9.999389514301503246e-01
4.753978381970985767e-01,9.999389514301503246e-01
4.753978381970985767e-01,9.999389514301503246e-01
4.753978381970985767e-01,9.999389514301503246e-01
4.753978381970985767e-01,9.999389514301503246e-01
4.753978381970985767e-01,9.999389514301503246e-01
4.753978381970985767e-01,9.999389514301503246e-01
4.753978381970985767e-01,9.999389514301503246e-01
4.753978381970985767e-01,9.999389514301503246e-01
4.753978381970985767e-01,9.999389514301503246e-01
4.753978381970985767e-01,9.999389514301503246e-01
4.753978381970985767e-01,9.999389514301503246e-01
4.753978381970985767e-01,9.999389514301503246e-01
4.753978381970985767e-01,9.999389514301503246e-01
4.753978381970985767e-01,9.999389514301503246e-01
4.753978381970985767e-01,9.999389514301503246e-01
4.753978381970985767e-01,9.999389514301503246e-01
4.753978381970985767e-01,9.999389514301503246e-01
4.753978381970985767e-01,9.999389514301503246e-01
4.753978381970985767e-01,9.999389514301503246e-01
4.753978381970985767e-01,9.999389514301503246e-01
4.753978381970985767e-01,9.999389514301503246e-01
4.753978381970985767e-01,9.999389514301503246e-01
4.753978381970985767e-01,9.999389514301503246e-01
4.753978381970985767e-01,9.999389514301503246e-01
4.753978381970985767e-01,9.999389514301503246e-01
4.750663099364784703e-01,9.997308344354935983e-01
4.750663099364784703e-01,9.997308344354935983e-01
4.750663099364784703e-01,9.997308344354935983e-01
4.750663099364784703e-01,9.997308344354935983e-01
4.750663099364784703e-01,9.997308344354935983e-01
4.750663099364784703e-01,9.997308344354935983e-01
4.750663099364784703e-01,9.997308344354935983e-01
4.750663099364784703e-01,9.997308344354935983e-01
4.750663099364784703e-01,9.997308344354935983e-01
4.750663099364784703e-01,9.997308344354935983e-01
4.750663099364784703e-01,9.997308344354935983e-01
4.750663099364784703e-01,9.997308344354935983e-01
4.750663099364784703e-01,9.997308344354935983e-01
4.750663099364784703e-01,9.997308344354935983e-01
4.750663099364784703e-01,9.997308344354935983e-01
4.750663099364784703e-01,9.997308344354935983e-01
4.750663099364784703e-01,9.997308344354935983e-01
4.750663099364784703e-01,9.997308344354935983e-01
4.750663099364784703e-01,9.997308344354935983e-01
4.750663099364784703e-01,9.997308344354935983e-01
4.750663099364784703e-01,9.997308344354935983e-01
4.752607197109623982e-01,9.998547107237161224e-01
4.752607197109623982e-01,9.998547107237161224e-01
4.752607197109623982e-01,9.998547107237161224e-01
4.752607197109623982e-01,9.998547107237161224e-01
4.752607197109623982e-01,9.998547107237161224e-01
4.752607197109623982e-01,9.998547107237161224e-01
4.752607197109623982e-01,9.998547107237161224e-01
4.752607197109623982e-01,9.998547107237161224e-01
4.752607197109623982e-01,9.998547107237161224e-01
4.752607197109623982e-01,9.998547107237161224e-01
4.752607197109623982e-01,9.998547107237161224e-01
4.752607197109623982e-01,9.998547107237161224e-01
4.752607197109623982e-01,9.998547107237161224e-01
4.752607197109623982e-01,9.998547107237161224e-01
4.752607197109623982e-01,9.998547107237161224e-01
4.752607197109623982e-01,9.998547107237161224e-01
4.752607197109623982e-01,9.998547107237161224e-01
4.752607197109623982e-01,9.998547107237161224e-01
4.752607197109623982e-01,9.998547107237161224e-01
4.752607197109623982e-01,9.998547107237161224e-01
4.752607197109623982e-01,9.998547107237161224e-01
4.752607197109623982e-01,9.998547107237161224e-01
4.747911426391504541e-01,9.986986769816619258e-01
4.745754750984900738e-01,9.995097261334945360e-01
4.748300929724404429e-01,9.990498406115261298e-01
4.748300929724404429e-01,9.990498406115261298e-01
4.748300929724404429e-01,9.990498406115261298e-01
4.748300929724404429e-01,9.990498406115261298e-01
4.749083259749893315e-01,9.988611537263373252e-01
4.749083259749893315e-01,9.988611537263373252e-01
4.749083259749893315e-01,9.988611537263373252e-01
4.749083259749893315e-01,9.988611537263373252e-01
4.749083259749893315e-01,9.988611537263373252e-01
4.747769347847101695e-01,9.985887669553961121e-01
4.747873719128687942e-01,9.991133409089172357e-01
4.747873719128687942e-01,9.991133409089172357e-01
4.750165315428767077e-01,9.996647326557190905e-01
4.750165315428767077e-01,9.996647326557190905e-01
4.750165315428767077e-01,9.996647326557190905e-01
4.750165315428767077e-01,9.996647326557190905e-01
4.750165315428767077e-01,9.996647326557190905e-01
4.749989270955182197e-01,9.996941115694695235e-01
4.749989270955182197e-01,9.996941115694695235e-01
4.749989270955182197e-01,9.996941115694695235e-01
4.749989270955182197e-01,9.996941115694695235e-01
4.749989270955182197e-01,9.996941115694695235e-01
4.749989270955182197e-01,9.996941115694695235e-01
4.749989270955182197e-01,9.996941115694695235e-01
4.749989270955182197e-01,9.996941115694695235e-01
4.749989270955182197e-01,9.996941115694695235e-01
4.749989270955182197e-01,9.996941115694695235e-01
4.752845356983870784e-01,9.999281509973599880e-01
4.752845356983870784e-01,9.999281509973599880e-01
4.752845356983870784e-01,9.999281509973599880e-01
4.752845356983870784e-01,9.999281509973599880e-01
4.752845356983870784e-01,9.999281509973599880e-01
4.752845356983870784e-01,9.999281509973599880e-01
4.752845356983870784e-01,9.999281509973599880e-01
4.752845356983870784e-01,9.999281509973599880e-01
4.752845356983870784e-01,9.999281509973599880e-01
4.752845356983870784e-01,9.999281509973599880e-01
4.752845356983870784e-01,9.999281509973599880e-01
4.752845356983870784e-01,9.999281509973599880e-01
4.752845356983870784e-01,9.999281509973599880e-01
4.752845356983870784e-01,9.999281509973599880e-01
4.752845356983870784e-01,9.999281509973599880e-01
4.752845356983870784e-01,9.999281509973599880e-01
4.752667814879695807e-01,9.999706367657152928e-01
4.752667814879695807e-01,9.999706367657152928e-01
4.752667814879695807e-01,9.999706367657152928e-01
4.752667814879695807e-01,9.999706367657152928e-01
4.752667814879695807e-01,9.999706367657152928e-01
4.752667814879695807e-01,9.999706367657152928e-01
4.752667814879695807e-01,9.999706367657152928e-01
4.752667814879695807e-01,9.999706367657152928e-01
4.752667814879695807e-01,9.999706367657152928e-01
4.752667814879695807e-01,9.999706367657152928e-01
4.752667814879695807e-01,9.999706367657152928e-01
4.752667814879695807e-01,9.999706367657152928e-01
4.752667814879695807e-01,9.999706367657152928e-01
4.752667814879695807e-01,9.999706367657152928e-01
4.752667814879695807e-01,9.999706367657152928e-01
4.752667814879695807e-01,9.999706367657152928e-01
4.752667814879695807e-01,9.999706367657152928e-01
4.752667814879695807e-01,9.999706367657152928e-01
4.752667814879695807e-01,9.999706367657152928e-01
4.752667814879695807e-01,9.999706367657152928e-01
4.752667814879695807e-01,9.999706367657152928e-01
4.752667814879695807e-01,9.999706367657152928e-01
4.752667814879695807e-01,9.999706367657152928e-01
4.752667814879695807e-01,9.999706367657152928e-01
4.752667814879695807e-01,9.999706367657152928e-01
4.752667814879695807e-01,9.999706367657152928e-01
4.752667814879695807e-01,9.999706367657152928e-01
4.752667814879695807e-01,9.999706367657152928e-01
4.752667814879695807e-01,9.999706367657152928e-01
4.752667814879695807e-01,9.999706367657152928e-01
4.752667814879695807e-01,9.999706367657152928e-01
4.752667814879695807e-01,9.999706367657152928e-01
4.752667814879695807e-01,9.999706367657152928e-01
4.752808389883753093e-01,9.999925260744397804e-01
4.752808389883753093e-01,9.999925260744397804e-01
4.752808389883753093e-01,9.999925260744397804e-01
4.752808389883753093e-01,9.999925260744397804e-01
4.752808389883753093e-01,9.999925260744397804e-01
4.752808389883753093e-01,9.999925260744397804e-01
4.752808389883753093e-01,9.999925260744397804e-01
4.752808389883753093e-01,9.999925260744397804e-01
4.752808389883753093e-01,9.999925260744397804e-01
4.752808389883753093e-01,9.999925260744397804e-01
4.752808389883753093e-01,9.999925260744397804e-01
4.752808389883753093e-01,9.999925260744397804e-01
4.752808389883753093e-01,9.999925260744397804e-01
4.752808389883753093e-01,9.999925260744397804e-01
4.752808389883753093e-01,9.999925260744397804e-01
4.752808389883753093e-01,9.999925260744397804e-01
4.752808389883753093e-01,9.999925260744397804e-01
4.752808389883753093e-01,9.999925260744397804e-01
4.752808389883753093e-01,9.999925260744397804e-01
4.752808389883753093e-01,9.999925260744397804e-01
4.752808389883753093e-01,9.999925260744397804e-01
4.752808389883753093e-01,9.999925260744397804e-01
4.752909413881723499e-01,9.998518811620892288e-01
4.752909413881723499e-01,9.998518811620892288e-01
4.752909413881723499e-01,9.998518811620892288e-01
4.752909413881723499e-01,9.998518811620892288e-01
4.752909413881723499e-01,9.998518811620892288e-01
4.752909413881723499e-01,9.998518811620892288e-01
4.752909413881723499e-01,9.998518811620892288e-01
4.752909413881723499e-01,9.998518811620892288e-01
4.752909413881723499e-01,9.998518811620892288e-01
4.752909413881723499e-01,9.998518811620892288e-01
4.752909413881723499e-01,9.998518811620892288e-01
4.752909413881723499e-01,9.998518811620892288e-01
4.752909413881723499e-01,9.998518811620892288e-01
4.752909413881723499e-01,9.998518811620892288e-01
4.752909413881723499e-01,9.998518811620892288e-01
4.752909413881723499e-01,9.998518811620892288e-01
4.752909413881723499e-01,9.998518811620892288e-01
4.752383645337593943e-01,9.997895170848964952e-01
4.749599372257531371e-01,9.999978309684095512e-01
4.749599372257531371e-01,9.999978309684095512e-01
4.749599372257531371e-01,9.999978309684095512e-01
4.749599372257531371e-01,9.999978309684095512e-01
4.749599372257531371e-01,9.999978309684095512e-01
4.749599372257531371e-01,9.999978309684095512e-01
4.748598160275084301e-01,9.996699737709079381e-01
4.748598160275084301e-01,9.996699737709079381e-01
4.748598160275084301e-01,9.996699737709079381e-01
4.748598160275084301e-01,9.996699737709079381e-01
4.748598160275084301e-01,9.996699737709079381e-01
4.748598160275084301e-01,9.996699737709079381e-01
4.748598160275084301e-01,9.996699737709079381e-01
4.750079437856645770e-01,9.990739250178883868e-01
4.750079437856645770e-01,9.990739250178883868e-01
4.750079437856645770e-01,9.990739250178883868e-01
4.750079437856645770e-01,9.990739250178883868e-01
4.750079437856645770e-01,9.990739250178883868e-01
4.750079437856645770e-01,9.990739250178883868e-01
4.750079437856645770e-01,9.990739250178883868e-01
4.750079437856645770e-01,9.990739250178883868e-01
4.753431042757340075e-01,9.995747446165023087e-01
4.753543022652536032e-01,9.996470728943365192e-01
4.753543022652536032e-01,9.996470728943365192e-01
4.753543022652536032e-01,9.996470728943365192e-01
4.753543022652536032e-01,9.996470728943365192e-01
4.750085424950555302e-01,9.993215170918563484e-01
4.749846918379276861e-01,9.998375941069532757e-01
4.749846918379276861e-01,9.998375941069532757e-01
4.749846918379276861e-01,9.998375941069532757e-01
4.749846918379276861e-01,9.998375941069532757e-01
4.749846918379276861e-01,9.998375941069532757e-01
4.749846918379276861e-01,9.998375941069532757e-01
4.749846918379276861e-01,9.998375941069532757e-01
4.749846918379276861e-01,9.998375941069532757e-01
4.749846918379276861e-01,9.998375941069532757e-01
4.749846918379276861e-01,9.998375941069532757e-01
4.749846918379276861e-01,9.998375941069532757e-01
4.749846918379276861e-01,9.998375941069532757e-01
4.749846918379276861e-01,9.998375941069532757e-01
4.749846918379276861e-01,9.998375941069532757e-01
4.749846918379276861e-01,9.998375941069532757e-01
4.749846918379276861e-01,9.998375941069532757e-01
4.749846918379276861e-01,9.998375941069532757e-01
4.749846918379276861e-01,9.998375941069532757e-01
4.749846918379276861e-01,9.998375941069532757e-01
4.749846918379276861e-01,9.998375941069532757e-01
4.749846918379276861e-01,9.998375941069532757e-01
4.749846918379276861e-01,9.998375941069532757e-01
4.749846918379276861e-01,9.998375941069532757e-01
4.749846918379276861e-01,9.998375941069532757e-01
4.749846918379276861e-01,9.998375941069532757e-01
4.749846918379276861e-01,9.998375941069532757e-01
4.749846918379276861e-01,9.998375941069532757e-01
4.749846918379276861e-01,9.998375941069532757e-01
4.749846918379276861e-01,9.998375941069532757e-01
4.749846918379276861e-01,9.998375941069532757e-01
4.749846918379276861e-01,9.998375941069532757e-01
4.749846918379276861e-01,9.998375941069532757e-01
4.749846918379276861e-01,9.998375941069532757e-01
4.751192349592336939e-01,9.994837754411999287e-01
4.751192349592336939e-01,9.994837754411999287e-01
4.751192349592336939e-01,9.994837754411999287e-01
4.751192349592336939e-01,9.994837754411999287e-01
4.751192349592336939e-01,9.994837754411999287e-01
4.751192349592336939e-01,9.994837754411999287e-01
4.751192349592336939e-01,9.994837754411999287e-01
4.751192349592336939e-01,9.994837754411999287e-01
4.751192349592336939e-01,9.994837754411999287e-01
4.751192349592336939e-01,9.994837754411999287e-01
4.751192349592336939e-01,9.994837754411999287e-01
4.751192349592336939e-01,9.994837754411999287e-01
4.751192349592336939e-01,9.994837754411999287e-01
4.751192349592336939e-01,9.994837754411999287e-01
4.751192349592336939e-01,9.994837754411999287e-01
4.751192349592336939e-01,9.994837754411999287e-01
4.751192349592336939e-01,9.994837754411999287e-01
4.751192349592336939e-01,9.994837754411999287e-01
4.751192349592336939e-01,9.994837754411999287e-01
4.749769784953380425e-01,9.997653025816375383e-01
4.749769784953380425e-01,9.997653025816375383e-01
4.749769784953380425e-01,9.997653025816375383e-01
4.749769784953380425e-01,9.997653025816375383e-01
4.749769784953380425e-01,9.997653025816375383e-01
4.750755953029291434e-01,9.998113145124704060e-01
4.750755953029291434e-01,9.998113145124704060e-01
4.750755953029291434e-01,9.998113145124704060e-01
4.750755953029291434e-01,9.998113145124704060e-01
4.750755953029291434e-01,9.998113145124704060e-01
4.750755953029291434e-01,9.998113145124704060e-01
4.750755953029291434e-01,9.998113145124704060e-01
4.750755953029291434e-01,9.998113145124704060e-01
4.750755953029291434e-01,9.998113145124704060e-01
4.750755953029291434e-01,9.998113145124704060e-01
4.750755953029291434e-01,9.998113145124704060e-01
4.750755953029291434e-01,9.998113145124704060e-01
4.750755953029291434e-01,9.998113145124704060e-01
4.750755953029291434e-01,9.998113145124704060e-01
4.750755953029291434e-01,9.998113145124704060e-01
4.750755953029291434e-01,9.998113145124704060e-01
4.750755953029291434e-01,9.998113145124704060e-01
4.750755953029291434e-01,9.998113145124704060e-01
4.750755953029291434e-01,9.998113145124704060e-01
4.750755953029291434e-01,9.998113145124704060e-01
4.750755953029291434e-01,9.998113145124704060e-01
4.750755953029291434e-01,9.998113145124704060e-01
4.750755953029291434e-01,9.998113145124704060e-01
4.750755953029291434e-01,9.998113145124704060e-01
4.750755953029291434e-01,9.998113145124704060e-01
4.750755953029291434e-01,9.998113145124704060e-01
4.750755953029291434e-01,9.998113145124704060e-01
4.750755953029291434e-01,9.998113145124704060e-01
4.750755953029291434e-01,9.998113145124704060e-01
4.750755953029291434e-01,9.998113145124704060e-01
4.750755953029291434e-01,9.998113145124704060e-01
4.750755953029291434e-01,9.998113145124704060e-01
4.750755953029291434e-01,9.998113145124704060e-01
4.750755953029291434e-01,9.998113145124704060e-01
4.750755953029291434e-01,9.998113145124704060e-01
4.750755953029291434e-01,9.998113145124704060e-01
4.750755953029291434e-01,9.998113145124704060e-01
4.750521717554638812e-01,9.998947582944412993e-01
4.750521717554638812e-01,9.998947582944412993e-01
4.750521717554638812e-01,9.998947582944412993e-01
4.750521717554638812e-01,9.998947582944412993e-01
4.750521717554638812e-01,9.998947582944412993e-01
4.750521717554638812e-01,9.998947582944412993e-01
4.750521717554638812e-01,9.998947582944412993e-01
4.750521717554638812e-01,9.998947582944412993e-01
4.750521717554638812e-01,9.998947582944412993e-01
4.750521717554638812e-01,9.998947582944412993e-01
4.750521717554638812e-01,9.998947582944412993e-01
4.750521717554638812e-01,9.998947582944412993e-01
4.750521717554638812e-01,9.998947582944412993e-01
4.750521717554638812e-01,9.998947582944412993e-01
4.750521717554638812e-01,9.998947582944412993e-01
4.750521717554638812e-01,9.998947582944412993e-01
4.750521717554638812e-01,9.998947582944412993e-01
4.750521717554638812e-01,9.998947582944412993e-01
4.750521717554638812e-01,9.998947582944412993e-01
4.750521717554638812e-01,9.998947582944412993e-01
4.750521717554638812e-01,9.998947582944412993e-01
4.750521717554638812e-01,9.998947582944412993e-01
4.750521717554638812e-01,9.998947582944412993e-01
4.750521717554638812e-01,9.998947582944412993e-01
4.750521717554638812e-01,9.998947582944412993e-01
4.750521717554638812e-01,9.998947582944412993e-01
4.750521717554638812e-01,9.998947582944412993e-01
4.750521717554638812e-01,9.998947582944412993e-01
4.750521717554638812e-01,9.998947582944412993e-01
4.750521717554638812e-01,9.998947582944412993e-01
4.750521717554638812e-01,9.998947582944412993e-01
4.750521717554638812e-01,9.998947582944412993e-01
4.750521717554638812e-01,9.998947582944412993e-01
4.750521717554638812e-01,9.998947582944412993e-01
4.750521717554638812e-01,9.998947582944412993e-01
4.750521717554638812e-01,9.998947582944412993e-01
4.750521717554638812e-01,9.998947582944412993e-01
4.750521717554638812e-01,9.998947582944412993e-01
4.750521717554638812e-01,9.998947582944412993e-01
4.750572716338769541e-01,9.999911007010993114e-01
4.750572716338769541e-01,9.999911007010993114e-01
4.750572716338769541e-01,9.999911007010993114e-01
4.750572716338769541e-01,9.999911007010993114e-01
4.750572716338769541e-01,9.999911007010993114e-01
4.750572716338769541e-01,9.999911007010993114e-01
4.750572716338769541e-01,9.999911007010993114e-01
4.750572716338769541e-01,9.999911007010993114e-01
4.750572716338769541e-01,9.999911007010993114e-01
4.750572716338769541e-01,9.999911007010993114e-01
4.750572716338769541e-01,9.999911007010993114e-01
4.750572716338769541e-01,9.999911007010993114e-01
4.750572716338769541e-01,9.999911007010993114e-01
4.750572716338769541e-01,9.999911007010993114e-01
4.750572716338769541e-01,9.999911007010993114e-01
4.750572716338769541e-01,9.999911007010993114e-01
4.750572716338769541e-01,9.999911007010993114e-01
4.750572716338769541e-01,9.999911007010993114e-01
4.750572716338769541e-01,9.999911007010993114e-01
4.750572716338769541e-01,9.999911007010993114e-01
4.750572716338769541e-01,9.999911007010993114e-01
4.750572716338769541e-01,9.999911007010993114e-01
4.750572716338769541e-01,9.999911007010993114e-01
4.750572716338769541e-01,9.999911007010993114e-01
4.750572716338769541e-01,9.999911007010993114e-01
4.750572716338769541e-01,9.999911007010993114e-01
4.750572716338769541e-01,9.999911007010993114e-01
4.750572716338769541e-01,9.999911007010993114e-01
4.750572716338769541e-01,9.999911007010993114e-01
4.750572716338769541e-01,9.999911007010993114e-01
4.750572716338769541e-01,9.999911007010993114e-01
4.750572716338769541e-01,9.999911007010993114e-01
4.750572716338769541e-01,9.999911007010993114e-01
4.750572716338769541e-01,9.999911007010993114e-01
4.750572716338769541e-01,9.999911007010993114e-01
4.750572716338769541e-01,9.999911007010993114e-01
4.750572716338769541e-01,9.999911007010993114e-01
4.750572716338769541e-01,9.999911007010993114e-01
4.750572716338769541e-01,9.999911007010993114e-01
4.750572716338769541e-01,9.999911007010993114e-01
4.750572716338769541e-01,9.999911007010993114e-01
4.750572716338769541e-01,9.999911007010993114e-01
4.750572716338769541e-01,9.999911007010993114e-01
4.750572716338769541e-01,9.999911007010993114e-01
4.750572716338769541e-01,9.999911007010993114e-01
4.750572716338769541e-01,9.999911007010993114e-01
4.750572716338769541e-01,9.999911007010993114e-01
4.750572716338769541e-01,9.999911007010993114e-01
4.750572716338769541e-01,9.999911007010993114e-01
4.750572716338769541e-01,9.999911007010993114e-01
4.750495332832256334e-01,9.998908924828833200e-01
4.750495332832256334e-01,9.998908924828833200e-01
4.750495332832256334e-01,9.998908924828833200e-01
4.750495332832256334e-01,9.998908924828833200e-01
4.749680325824318095e-01,9.994919197845308911e-01
4.749680325824318095e-01,9.994919197845308911e-01
4.749680325824318095e-01,9.994919197845308911e-01
4.749680325824318095e-01,9.994919197845308911e-01
4.749680325824318095e-01,9.994919197845308911e-01
4.749680325824318095e-01,9.994919197845308911e-01
4.749680325824318095e-01,9.994919197845308911e-01
4.749680325824318095e-01,9.994919197845308911e-01
4.749071377820083817e-01,9.999788616524692975e-01
4.749071377820083817e-01,9.999788616524692975e-01
4.749071377820083817e-01,9.999788616524692975e-01
4.749071377820083817e-01,9.999788616524692975e-01
4.749071377820083817e-01,9.999788616524692975e-01
4.749071377820083817e-01,9.999788616524692975e-01
4.749071377820083817e-01,9.999788616524692975e-01
4.749071377820083817e-01,9.999788616524692975e-01
4.749071377820083817e-01,9.999788616524692975e-01
4.749071377820083817e-01,9.999788616524692975e-01
4.749071377820083817e-01,9.999788616524692975e-01
4.749071377820083817e-01,9.999788616524692975e-01
4.749071377820083817e-01,9.999788616524692975e-01
4.748740763631237871e-01,9.991302401443377112e-01
4.748740763631237871e-01,9.991302401443377112e-01
4.750280123320567705e-01,9.992339031275254690e-01
4.750280123320567705e-01,9.992339031275254690e-01
4.750280123320567705e-01,9.992339031275254690e-01
4.750280123320567705e-01,9.992339031275254690e-01
4.750280123320567705e-01,9.992339031275254690e-01
4.748788197877629735e-01,9.999791067554754109e-01
4.748788197877629735e-01,9.999791067554754109e-01
4.748968244241623671e-01,9.998480624414090023e-01
4.753919522784612606e-01,9.999911258480822518e-01
4.753919522784612606e-01,9.999911258480822518e-01
4.753919522784612606e-01,9.999911258480822518e-01
4.753919522784612606e-01,9.999911258480822518e-01
4.753919522784612606e-01,9.999911258480822518e-01
4.753919522784612606e-01,9.999911258480822518e-01
4.753919522784612606e-01,9.999911258480822518e-01
4.753919522784612606e-01,9.999911258480822518e-01
4.753919522784612606e-01,9.999911258480822518e-01
4.753919522784612606e-01,9.999911258480822518e-01
4.753919522784612606e-01,9.999911258480822518e-01
4.753919522784612606e-01,9.999911258480822518e-01
4.753919522784612606e-01,9.999911258480822518e-01
4.753919522784612606e-01,9.999911258480822518e-01
4.753919522784612606e-01,9.999911258480822518e-01
4.751100082744763031e-01,9.997971084405697928e-01
4.751100082744763031e-01,9.997971084405697928e-01
4.751100082744763031e-01,9.997971084405697928e-01
4.751100082744763031e-01,9.997971084405697928e-01
4.751100082744763031e-01,9.997971084405697928e-01
4.751100082744763031e-01,9.997971084405697928e-01
4.751100082744763031e-01,9.997971084405697928e-01
4.751100082744763031e-01,9.997971084405697928e-01
4.751100082744763031e-01,9.997971084405697928e-01
4.751100082744763031e-01,9.997971084405697928e-01
4.751100082744763031e-01,9.997971084405697928e-01
4.751100082744763031e-01,9.997971084405697928e-01
4.751100082744763031e-01,9.997971084405697928e-01
4.751100082744763031e-01,9.997971084405697928e-01
4.751100082744763031e-01,9.997971084405697928e-01
4.749454571131367930e-01,9.998292888911219922e-01
4.749454571131367930e-01,9.998292888911219922e-01
4.749454571131367930e-01,9.998292888911219922e-01
4.749454571131367930e-01,9.998292888911219922e-01
4.749454571131367930e-01,9.998292888911219922e-01
4.749454571131367930e-01,9.998292888911219922e-01
4.749454571131367930e-01,9.998292888911219922e-01
4.749454571131367930e-01,9.998292888911219922e-01
4.749454571131367930e-01,9.998292888911219922e-01
4.749454571131367930e-01,9.998292888911219922e-01
4.749454571131367930e-01,9.998292888911219922e-01
4.752844183641298792e-01,9.997291982487395146e-01
4.752932598299638434e-01,9.997350369788192692e-01
4.752932598299638434e-01,9.997350369788192692e-01
4.752932598299638434e-01,9.997350369788192692e-01
4.752932598299638434e-01,9.997350369788192692e-01
4.752932598299638434e-01,9.997350369788192692e-01
4.752932598299638434e-01,9.997350369788192692e-01
4.750900225893324169e-01,9.992786245495861586e-01
4.750900225893324169e-01,9.992786245495861586e-01
4.752350149467796658e-01,9.997464140762221119e-01
4.752350149467796658e-01,9.997464140762221119e-01
4.752350149467796658e-01,9.997464140762221119e-01
4.752350149467796658e-01,9.997464140762221119e-01
4.752350149467796658e-01,9.997464140762221119e-01
4.752350149467796658e-01,9.997464140762221119e-01
4.752350149467796658e-01,9.997464140762221119e-01
4.752350149467796658e-01,9.997464140762221119e-01
4.752350149467796658e-01,9.997464140762221119e-01
4.752350149467796658e-01,9.997464140762221119e-01
4.752350149467796658e-01,9.997464140762221119e-01
4.752350149467796658e-01,9.997464140762221119e-01
4.752350149467796658e-01,9.997464140762221119e-01
4.752350149467796658e-01,9.997464140762221119e-01
4.752350149467796658e-01,9.997464140762221119e-01
4.752350149467796658e-01,9.997464140762221119e-01
4.752350149467796658e-01,9.997464140762221119e-01
4.752350149467796658e-01,9.997464140762221119e-01
4.752350149467796658e-01,9.997464140762221119e-01
4.752031826445032303e-01,9.996965656479963602e-01
4.752031826445032303e-01,9.996965656479963602e-01
4.752031826445032303e-01,9.996965656479963602e-01
4.752031826445032303e-01,9.996965656479963602e-01
4.752031826445032303e-01,9.996965656479963602e-01
4.752031826445032303e-01,9.996965656479963602e-01
4.752031826445032303e-01,9.996965656479963602e-01
4.752031826445032303e-01,9.996965656479963602e-01
4.753642858517861391e-01,9.999905803145101579e-01
4.753642858517861391e-01,9.999905803145101579e-01
4.753642858517861391e-01,9.999905803145101579e-01
4.753642858517861391e-01,9.999905803145101579e-01
4.753642858517861391e-01,9.999905803145101579e-01
4.753642858517861391e-01,9.999905803145101579e-01
4.753642858517861391e-01,9.999905803145101579e-01
4.753642858517861391e-01,9.999905803145101579e-01
4.753642858517861391e-01,9.999905803145101579e-01
4.753642858517861391e-01,9.999905803145101579e-01
4.753642858517861391e-01,9.999905803145101579e-01
4.753642858517861391e-01,9.999905803145101579e-01
4.753642858517861391e-01,9.999905803145101579e-01
4.753642858517861391e-01,9.999905803145101579e-01
4.753642858517861391e-01,9.999905803145101579e-01
4.753642858517861391e-01,9.999905803145101579e-01
4.753642858517861391e-01,9.999905803145101579e-01
4.753642858517861391e-01,9.999905803145101579e-01
4.753642858517861391e-01,9.999905803145101579e-01
4.753642858517861391e-01,9.999905803145101579e-01
4.753642858517861391e-01,9.999905803145101579e-01
4.753642858517861391e-01,9.999905803145101579e-01
4.753642858517861391e-01,9.999905803145101579e-01
4.753642858517861391e-01,9.999905803145101579e-01
4.753642858517861391e-01,9.999905803145101579e-01
4.753642858517861391e-01,9.999905803145101579e-01
4.753642858517861391e-01,9.999905803145101579e-01
4.753642858517861391e-01,9.999905803145101579e-01
4.752346952891532972e-01,9.997775582126682270e-01
4.752346952891532972e-01,9.997775582126682270e-01
4.750784263274662744e-01,9.996627048815495131e-01
4.750784263274662744e-01,9.996627048815495131e-01
4.750784263274662744e-01,9.996627048815495131e-01
4.751113437260777728e-01,9.995366350808720934e-01
4.751113437260777728e-01,9.995366350808720934e-01
4.751113437260777728e-01,9.995366350808720934e-01
4.751113437260777728e-01,9.995366350808720934e-01
4.751113437260777728e-01,9.995366350808720934e-01
4.750142694437624047e-01,9.999616699883678850e-01
4.750142694437624047e-01,9.999616699883678850e-01
4.750142694437624047e-01,9.999616699883678850e-01
4.750142694437624047e-01,9.999616699883678850e-01
4.750142694437624047e-01,9.999616699883678850e-01
4.750142694437624047e-01,9.999616699883678850e-01
4.750142694437624047e-01,9.999616699883678850e-01
4.750142694437624047e-01,9.999616699883678850e-01
4.750142694437624047e-01,9.999616699883678850e-01
4.750142694437624047e-01,9.999616699883678850e-01
4.750142694437624047e-01,9.999616699883678850e-01
4.750142694437624047e-01,9.999616699883678850e-01
4.750142694437624047e-01,9.999616699883678850e-01
4.750142694437624047e-01,9.999616699883678850e-01
4.750142694437624047e-01,9.999616699883678850e-01
4.750142694437624047e-01,9.999616699883678850e-01
4.750142694437624047e-01,9.999616699883678850e-01
4.750142694437624047e-01,9.999616699883678850e-01
4.752458222251131348e-01,9.998860141381314959e-01
4.752458222251131348e-01,9.998860141381314959e-01
4.752458222251131348e-01,9.998860141381314959e-01
4.752458222251131348e-01,9.998860141381314959e-01
4.753719094544958668e-01,9.999176384171980514e-01
4.753719094544958668e-01,9.999176384171980514e-01
4.753719094544958668e-01,9.999176384171980514e-01
4.753719094544958668e-01,9.999176384171980514e-01
4.753719094544958668e-01,9.999176384171980514e-01
4.753719094544958668e-01,9.999176384171980514e-01
4.753719094544958668e-01,9.999176384171980514e-01
4.753719094544958668e-01,9.999176384171980514e-01
4.753719094544958668e-01,9.999176384171980514e-01
4.753719094544958668e-01,9.999176384171980514e-01
4.753719094544958668e-01,9.999176384171980514e-01
4.753719094544958668e-01,9.999176384171980514e-01
4.753719094544958668e-01,9.999176384171980514e-01
4.752451758615014454e-01,9.998198721825107826e-01
4.752451758615014454e-01,9.998198721825107826e-01
4.752451758615014454e-01,9.998198721825107826e-01
4.752451758615014454e-01,9.998198721825107826e-01
4.752451758615014454e-01,9.998198721825107826e-01
4.752451758615014454e-01,9.998198721825107826e-01
4.752451758615014454e-01,9.998198721825107826e-01
4.752451758615014454e-01,9.998198721825107826e-01
4.752451758615014454e-01,9.998198721825107826e-01
4.752451758615014454e-01,9.998198721825107826e-01
4.752451758615014454e-01,9.998198721825107826e-01
4.752451758615014454e-01,9.998198721825107826e-01
4.752451758615014454e-01,9.998198721825107826e-01
4.752451758615014454e-01,9.998198721825107826e-01
4.752451758615014454e-01,9.998198721825107826e-01
4.752451758615014454e-01,9.998198721825107826e-01
4.752451758615014454e-01,9.998198721825107826e-01
4.752451758615014454e-01,9.998198721825107826e-01
4.752451758615014454e-01,9.998198721825107826e-01
4.752451758615014454e-01,9.998198721825107826e-01
4.752451758615014454e-01,9.998198721825107826e-01
4.752451758615014454e-01,9.998198721825107826e-01
4.752451758615014454e-01,9.998198721825107826e-01
4.752451758615014454e-01,9.998198721825107826e-01
4.752451758615014454e-01,9.998198721825107826e-01
4.752451758615014454e-01,9.998198721825107826e-01
4.752451758615014454e-01,9.998198721825107826e-01
4.752451758615014454e-01,9.998198721825107826e-01
4.752451758615014454e-01,9.998198721825107826e-01
4.752451758615014454e-01,9.998198721825107826e-01
4.752451758615014454e-01,9.998198721825107826e-01
4.752451758615014454e-01,9.998198721825107826e-01
4.752451758615014454e-01,9.998198721825107826e-01
4.752451758615014454e-01,9.998198721825107826e-01
4.752451758615014454e-01,9.998198721825107826e-01
4.752451758615014454e-01,9.998198721825107826e-01
4.752451758615014454e-01,9.998198721825107826e-01
4.752451758615014454e-01,9.998198721825107826e-01
4.752451758615014454e-01,9.998198721825107826e-01
4.752451758615014454e-01,9.998198721825107826e-01
4.752451758615014454e-01,9.998198721825107826e-01
4.752451758615014454e-01,9.998198721825107826e-01
4.752451758615014454e-01,9.998198721825107826e-01
4.752451758615014454e-01,9.998198721825107826e-01
4.752451758615014454e-01,9.998198721825107826e-01
4.752451758615014454e-01,9.998198721825107826e-01
4.752451758615014454e-01,9.998198721825107826e-01
4.752451758615014454e-01,9.998198721825107826e-01
4.752451758615014454e-01,9.998198721825107826e-01
4.752451758615014454e-01,9.998198721825107826e-01
4.752451758615014454e-01,9.998198721825107826e-01
4.752451758615014454e-01,9.998198721825107826e-01
4.752451758615014454e-01,9.998198721825107826e-01
4.752451758615014454e-01,9.998198721825107826e-01
4.752451758615014454e-01,9.998198721825107826e-01
4.752451758615014454e-01,9.998198721825107826e-01
4.752451758615014454e-01,9.998198721825107826e-01
4.752451758615014454e-01,9.998198721825107826e-01
4.752451758615014454e-01,9.998198721825107826e-01
4.752451758615014454e-01,9.998198721825107826e-01
4.752451758615014454e-01,9.998198721825107826e-01
4.750160518915526597e-01,9.998197020179899752e-01
4.750160518915526597e-01,9.998197020179899752e-01
4.750160518915526597e-01,9.998197020179899752e-01
4.750160518915526597e-01,9.998197020179899752e-01
4.750656132456577696e-01,9.992194704090489044e-01
4.750656132456577696e-01,9.992194704090489044e-01
4.750656132456577696e-01,9.992194704090489044e-01
4.750656132456577696e-01,9.992194704090489044e-01
4.750656132456577696e-01,9.992194704090489044e-01
4.750972500586294611e-01,9.995730746802611311e-01
4.750972500586294611e-01,9.995730746802611311e-01
4.750972500586294611e-01,9.995730746802611311e-01
4.750972500586294611e-01,9.995730746802611311e-01
4.750972500586294611e-01,9.995730746802611311e-01
4.750972500586294611e-01,9.995730746802611311e-01
4.750972500586294611e-01,9.995730746802611311e-01
4.750972500586294611e-01,9.995730746802611311e-01
4.750972500586294611e-01,9.995730746802611311e-01
4.750972500586294611e-01,9.995730746802611311e-01
4.750972500586294611e-01,9.995730746802611311e-01
4.750972500586294611e-01,9.995730746802611311e-01
4.750972500586294611e-01,9.995730746802611311e-01
4.750972500586294611e-01,9.995730746802611311e-01
4.750972500586294611e-01,9.995730746802611311e-01
4.750651205800495158e-01,9.999232504984406633e-01
4.750651205800495158e-01,9.999232504984406633e-01
4.750651205800495158e-01,9.999232504984406633e-01
4.750651205800495158e-01,9.999232504984406633e-01
4.750651205800495158e-01,9.999232504984406633e-01
4.750651205800495158e-01,9.999232504984406633e-01
4.750651205800495158e-01,9.999232504984406633e-01
4.750651205800495158e-01,9.999232504984406633e-01
4.750651205800495158e-01,9.999232504984406633e-01
4.750651205800495158e-01,9.999232504984406633e-01
4.750651205800495158e-01,9.999232504984406633e-01
4.750651205800495158e-01,9.999232504984406633e-01
4.750651205800495158e-01,9.999232504984406633e-01
4.751110284098853387e-01,9.998869191624278896e-01
4.751110284098853387e-01,9.998869191624278896e-01
4.751110284098853387e-01,9.998869191624278896e-01
4.751110284098853387e-01,9.998869191624278896e-01
4.751110284098853387e-01,9.998869191624278896e-01
4.751110284098853387e-01,9.998869191624278896e-01
4.751110284098853387e-01,9.998869191624278896e-01
4.751110284098853387e-01,9.998869191624278896e-01
4.751110284098853387e-01,9.998869191624278896e-01
4.751110284098853387e-01,9.998869191624278896e-01
4.751110284098853387e-01,9.998869191624278896e-01
4.751110284098853387e-01,9.998869191624278896e-01
4.751110284098853387e-01,9.998869191624278896e-01
4.751110284098853387e-01,9.998869191624278896e-01
4.751110284098853387e-01,9.998869191624278896e-01
4.751110284098853387e-01,9.998869191624278896e-01
4.751110284098853387e-01,9.998869191624278896e-01
4.751110284098853387e-01,9.998869191624278896e-01
4.751110284098853387e-01,9.998869191624278896e-01
4.751110284098853387e-01,9.998869191624278896e-01
4.751110284098853387e-01,9.998869191624278896e-01
4.751110284098853387e-01,9.998869191624278896e-01
4.751110284098853387e-01,9.998869191624278896e-01
4.751110284098853387e-01,9.998869191624278896e-01
4.751110284098853387e-01,9.998869191624278896e-01
4.751110284098853387e-01,9.998869191624278896e-01
4.751110284098853387e-01,9.998869191624278896e-01
4.751110284098853387e-01,9.998869191624278896e-01
4.751110284098853387e-01,9.998869191624278896e-01
4.751110284098853387e-01,9.998869191624278896e-01
4.751110284098853387e-01,9.998869191624278896e-01
4.751110284098853387e-01,9.998869191624278896e-01
4.751110284098853387e-01,9.998869191624278896e-01
4.751110284098853387e-01,9.998869191624278896e-01
4.751110284098853387e-01,9.998869191624278896e-01
4.751110284098853387e-01,9.998869191624278896e-01
4.751110284098853387e-01,9.998869191624278896e-01
4.751110284098853387e-01,9.998869191624278896e-01
4.751110284098853387e-01,9.998869191624278896e-01
4.751110284098853387e-01,9.998869191624278896e-01
4.751110284098853387e-01,9.998869191624278896e-01
4.751110284098853387e-01,9.998869191624278896e-01
4.747944671571653896e-01,9.988068051850738094e-01
4.747944671571653896e-01,9.988068051850738094e-01
4.747944671571653896e-01,9.988068051850738094e-01
4.754807609006964642e-01,9.998405508248483509e-01
4.754807609006964642e-01,9.998405508248483509e-01
4.748043141239045029e-01,9.999536360757199649e-01
4.748043141239045029e-01,9.999536360757199649e-01
4.748043141239045029e-01,9.999536360757199649e-01
4.748043141239045029e-01,9.999536360757199649e-01
4.749611086338164090e-01,9.998826307937103142e-01
4.749611086338164090e-01,9.998826307937103142e-01
4.749611086338164090e-01,9.998826307937103142e-01
4.749611086338164090e-01,9.998826307937103142e-01
4.749611086338164090e-01,9.998826307937103142e-01
4.749611086338164090e-01,9.998826307937103142e-01
4.749611086338164090e-01,9.998826307937103142e-01
4.749611086338164090e-01,9.998826307937103142e-01
4.749611086338164090e-01,9.998826307937103142e-01
4.749611086338164090e-01,9.998826307937103142e-01
4.750308670148516432e-01,9.999605064989821601e-01
4.750308670148516432e-01,9.999605064989821601e-01
4.750308670148516432e-01,9.999605064989821601e-01
4.750308670148516432e-01,9.999605064989821601e-01
4.750308670148516432e-01,9.999605064989821601e-01
4.750308670148516432e-01,9.999605064989821601e-01
4.749820316975990053e-01,9.997342456171769420e-01
4.749820316975990053e-01,9.997342456171769420e-01
4.749820316975990053e-01,9.997342456171769420e-01
4.749820316975990053e-01,9.997342456171769420e-01
4.749820316975990053e-01,9.997342456171769420e-01
4.749820316975990053e-01,9.997342456171769420e-01
4.749820316975990053e-01,9.997342456171769420e-01
4.749820316975990053e-01,9.997342456171769420e-01
4.749820316975990053e-01,9.997342456171769420e-01
4.749820316975990053e-01,9.997342456171769420e-01
4.749820316975990053e-01,9.997342456171769420e-01
4.749820316975990053e-01,9.997342456171769420e-01
4.749820316975990053e-01,9.997342456171769420e-01
4.749820316975990053e-01,9.997342456171769420e-01
4.749820316975990053e-01,9.997342456171769420e-01
4.749820316975990053e-01,9.997342456171769420e-01
4.749820316975990053e-01,9.997342456171769420e-01
4.749820316975990053e-01,9.997342456171769420e-01
4.750772506529066241e-01,9.992362219741732776e-01
4.750772506529066241e-01,9.992362219741732776e-01
4.750772506529066241e-01,9.992362219741732776e-01
4.753394209598434950e-01,9.995705144480517834e-01
4.753394209598434950e-01,9.995705144480517834e-01
4.746174001562676326e-01,9.983632965134811021e-01
4.756883448616390786e-01,9.999282556582151926e-01
4.749082899532039992e-01,9.987460888185981656e-01
4.754881312752479716e-01,9.999263094022303733e-01
4.754347729985024529e-01,9.997479718995224696e-01
4.754347729985024529e-01,9.997479718995224696e-01
4.752987609432512417e-01,9.999466061191439881e-01
4.752987609432512417e-01,9.999466061191439881e-01
4.752987609432512417e-01,9.999466061191439881e-01
4.752987609432512417e-01,9.999466061191439881e-01
4.752987609432512417e-01,9.999466061191439881e-01
4.752987609432512417e-01,9.999466061191439881e-01
4.752987609432512417e-01,9.999466061191439881e-01
4.752987609432512417e-01,9.999466061191439881e-01
4.752987609432512417e-01,9.999466061191439881e-01
4.752987609432512417e-01,9.999466061191439881e-01
4.752987609432512417e-01,9.999466061191439881e-01
4.752987609432512417e-01,9.999466061191439881e-01
4.752987609432512417e-01,9.999466061191439881e-01
4.752987609432512417e-01,9.999466061191439881e-01
4.752987609432512417e-01,9.999466061191439881e-01
4.752987609432512417e-01,9.999466061191439881e-01
4.752987609432512417e-01,9.999466061191439881e-01
4.752987609432512417e-01,9.999466061191439881e-01
4.752987609432512417e-01,9.999466061191439881e-01
4.752987609432512417e-01,9.999466061191439881e-01
4.752987609432512417e-01,9.999466061191439881e-01
4.752987609432512417e-01,9.999466061191439881e-01
4.752987609432512417e-01,9.999466061191439881e-01
4.752987609432512417e-01,9.999466061191439881e-01
4.752987609432512417e-01,9.999466061191439881e-01
4.752987609432512417e-01,9.999466061191439881e-01
4.752987609432512417e-01,9.999466061191439881e-01
4.752987609432512417e-01,9.999466061191439881e-01
4.752987609432512417e-01,9.999466061191439881e-01
4.752987609432512417e-01,9.999466061191439881e-01
4.752987609432512417e-01,9.999466061191439881e-01
4.751254734388112300e-01,9.998267836725824864e-01
4.751254734388112300e-01,9.998267836725824864e-01
4.751254734388112300e-01,9.998267836725824864e-01
4.751254734388112300e-01,9.998267836725824864e-01
4.751254734388112300e-01,9.998267836725824864e-01
4.750399616644463974e-01,9.997759262652601286e-01
4.750399616644463974e-01,9.997759262652601286e-01
4.750399616644463974e-01,9.997759262652601286e-01
4.752978620475489246e-01,9.997930887550338097e-01
4.752978620475489246e-01,9.997930887550338097e-01
4.752978620475489246e-01,9.997930887550338097e-01
4.752978620475489246e-01,9.997930887550338097e-01
4.752978620475489246e-01,9.997930887550338097e-01
4.752978620475489246e-01,9.997930887550338097e-01
4.752978620475489246e-01,9.997930887550338097e-01
4.752978620475489246e-01,9.997930887550338097e-01
4.750024265579435023e-01,9.994228626030995377e-01
4.750024265579435023e-01,9.994228626030995377e-01
4.750024265579435023e-01,9.994228626030995377e-01
4.750024265579435023e-01,9.994228626030995377e-01
4.750024265579435023e-01,9.994228626030995377e-01
4.750024265579435023e-01,9.994228626030995377e-01
4.750024265579435023e-01,9.994228626030995377e-01
4.750024265579435023e-01,9.994228626030995377e-01
4.751407018603027721e-01,9.995063501197427591e-01
4.751407018603027721e-01,9.995063501197427591e-01
4.751407018603027721e-01,9.995063501197427591e-01
4.751407018603027721e-01,9.995063501197427591e-01
4.751407018603027721e-01,9.995063501197427591e-01
4.751407018603027721e-01,9.995063501197427591e-01
4.751407018603027721e-01,9.995063501197427591e-01
4.750502047866316246e-01,9.999698473872996596e-01
4.750502047866316246e-01,9.999698473872996596e-01
4.750502047866316246e-01,9.999698473872996596e-01
4.750502047866316246e-01,9.999698473872996596e-01
4.750502047866316246e-01,9.999698473872996596e-01
4.750502047866316246e-01,9.999698473872996596e-01
4.750502047866316246e-01,9.999698473872996596e-01
4.750502047866316246e-01,9.999698473872996596e-01
4.750502047866316246e-01,9.999698473872996596e-01
4.753274893647299604e-01,9.997298538966391535e-01
4.753274893647299604e-01,9.997298538966391535e-01
4.752007430290328682e-01,9.997065316578742644e-01
4.752120709113519803e-01,9.997661576503452663e-01
4.752120709113519803e-01,9.997661576503452663e-01
4.752120709113519803e-01,9.997661576503452663e-01
4.752120709113519803e-01,9.997661576503452663e-01
4.752120709113519803e-01,9.997661576503452663e-01
4.752120709113519803e-01,9.997661576503452663e-01
4.752120709113519803e-01,9.997661576503452663e-01
4.752120709113519803e-01,9.997661576503452663e-01
4.752120709113519803e-01,9.997661576503452663e-01
4.752120709113519803e-01,9.997661576503452663e-01
4.752120709113519803e-01,9.997661576503452663e-01
4.752120709113519803e-01,9.997661576503452663e-01
4.752120709113519803e-01,9.997661576503452663e-01
4.752120709113519803e-01,9.997661576503452663e-01
4.752120709113519803e-01,9.997661576503452663e-01
4.752120709113519803e-01,9.997661576503452663e-01
4.752120709113519803e-01,9.997661576503452663e-01
4.752120709113519803e-01,9.997661576503452663e-01
4.752120709113519803e-01,9.997661576503452663e-01
4.752381184319928176e-01,9.996240039844913605e-01
4.752381184319928176e-01,9.996240039844913605e-01
4.752381184319928176e-01,9.996240039844913605e-01
4.752381184319928176e-01,9.996240039844913605e-01
4.752381184319928176e-01,9.996240039844913605e-01
4.752654119360704699e-01,9.995033630641344535e-01
4.752654119360704699e-01,9.995033630641344535e-01
4.752654119360704699e-01,9.995033630641344535e-01
4.752654119360704699e-01,9.995033630641344535e-01
4.752654119360704699e-01,9.995033630641344535e-01
4.752654119360704699e-01,9.995033630641344535e-01
4.752654119360704699e-01,9.995033630641344535e-01
4.752654119360704699e-01,9.995033630641344535e-01
4.752654119360704699e-01,9.995033630641344535e-01
4.752654119360704699e-01,9.995033630641344535e-01
4.749833339727069226e-01,9.994920668653358709e-01
4.749833339727069226e-01,9.994920668653358709e-01
4.749833339727069226e-01,9.994920668653358709e-01
4.749833339727069226e-01,9.994920668653358709e-01
4.749833339727069226e-01,9.994920668653358709e-01
4.749833339727069226e-01,9.994920668653358709e-01
4.753498797858490832e-01,9.995678699491076236e-01
4.753498797858490832e-01,9.995678699491076236e-01
4.753498797858490832e-01,9.995678699491076236e-01
4.753498797858490832e-01,9.995678699491076236e-01
4.753498797858490832e-01,9.995678699491076236e-01
4.753498797858490832e-01,9.995678699491076236e-01
4.753498797858490832e-01,9.995678699491076236e-01
4.753498797858490832e-01,9.995678699491076236e-01
4.753498797858490832e-01,9.995678699491076236e-01
4.753498797858490832e-01,9.995678699491076236e-01
4.753498797858490832e-01,9.995678699491076236e-01
4.749002120086147638e-01,9.998065683634322909e-01
4.749002120086147638e-01,9.998065683634322909e-01
4.749002120086147638e-01,9.998065683634322909e-01
4.749002120086147638e-01,9.998065683634322909e-01
4.749002120086147638e-01,9.998065683634322909e-01
4.749002120086147638e-01,9.998065683634322909e-01
4.749002120086147638e-01,9.998065683634322909e-01
4.749002120086147638e-01,9.998065683634322909e-01
4.749002120086147638e-01,9.998065683634322909e-01
4.749002120086147638e-01,9.998065683634322909e-01
4.749002120086147638e-01,9.998065683634322909e-01
4.749002120086147638e-01,9.998065683634322909e-01
4.749002120086147638e-01,9.998065683634322909e-01
4.749002120086147638e-01,9.998065683634322909e-01
4.749002120086147638e-01,9.998065683634322909e-01
4.749002120086147638e-01,9.998065683634322909e-01
4.749002120086147638e-01,9.998065683634322909e-01
4.752859358679554780e-01,9.996577319195164568e-01
4.753643160887396912e-01,9.998552256907677904e-01
4.753643160887396912e-01,9.998552256907677904e-01
4.753643160887396912e-01,9.998552256907677904e-01
4.753643160887396912e-01,9.998552256907677904e-01
4.753643160887396912e-01,9.998552256907677904e-01
4.753643160887396912e-01,9.998552256907677904e-01
4.753643160887396912e-01,9.998552256907677904e-01
4.753643160887396912e-01,9.998552256907677904e-01
4.753643160887396912e-01,9.998552256907677904e-01
4.753643160887396912e-01,9.998552256907677904e-01
4.753643160887396912e-01,9.998552256907677904e-01
4.753643160887396912e-01,9.998552256907677904e-01
4.753643160887396912e-01,9.998552256907677904e-01
4.753643160887396912e-01,9.998552256907677904e-01
4.753643160887396912e-01,9.998552256907677904e-01
4.753643160887396912e-01,9.998552256907677904e-01
4.753643160887396912e-01,9.998552256907677904e-01
4.753643160887396912e-01,9.998552256907677904e-01
4.753643160887396912e-01,9.998552256907677904e-01
4.752183698217209429e-01,9.997066837929515781e-01
4.752183698217209429e-01,9.997066837929515781e-01
4.752183698217209429e-01,9.997066837929515781e-01
4.752183698217209429e-01,9.997066837929515781e-01
4.752183698217209429e-01,9.997066837929515781e-01
4.752183698217209429e-01,9.997066837929515781e-01
4.752183698217209429e-01,9.997066837929515781e-01
4.752183698217209429e-01,9.997066837929515781e-01
4.752183698217209429e-01,9.997066837929515781e-01
4.620666010817776614e-01,9.483619118693661365e-01
4.519739572526292326e-01,9.128663005348892634e-01
4.483015639044085066e-01,9.007334624387806077e-01
4.496430863324767380e-01,9.025345267260105331e-01
4.538066813908617769e-01,9.209461499028596121e-01
4.534487386733654923e-01,9.185721374301839548e-01
4.571000400104880401e-01,9.303375400734035239e-01
4.594046897316473865e-01,9.390938997331964577e-01
4.552730190860296289e-01,9.240643296518032956e-01
4.545377874148679997e-01,9.229987477692002118e-01
4.566421964036602166e-01,9.291941603145084105e-01
4.557524299784090904e-01,9.258984727038673812e-01
4.528243316782931127e-01,9.140644811905030975e-01
4.473717721289991456e-01,8.992650627419795928e-01
4.476650308483798302e-01,8.963189648849371194e-01
4.500312043112123517e-01,9.040301609505099201e-01
4.474721990144439054e-01,8.994833708841541986e-01
4.595012000891184889e-01,9.417884660071974556e-01
4.575118294936643681e-01,9.334284703064495980e-01
4.623425466314675103e-01,9.487265795114315781e-01
4.531564286893132731e-01,9.152541229571341530e-01
4.586147112978843365e-01,9.339834766992265447e-01
4.590143263754750125e-01,9.393787903867327760e-01
4.553737452889770609e-01,9.252707877941049874e-01
4.538342790209434763e-01,9.240257188215132977e-01
4.628111230655337915e-01,9.534605386934206228e-01
4.602740009276719002e-01,9.405309890328079625e-01
4.662529329303758963e-01,9.620160025028881012e-01
4.733418465956907850e-01,9.897326481889817673e-01
4.724380014241861825e-01,9.848737617467482330e-01
4.718384443057516697e-01,9.856317787274946340e-01
4.737599349278113214e-01,9.929676233918436346e-01
4.751509034920775032e-01,9.958507143372277159e-01
4.737064443273095726e-01,9.915881328696050101e-01
4.753658248708342304e-01,9.966744117118601087e-01
4.700023069830669975e-01,9.806951230048890356e-01
4.731799807102015087e-01,9.876827083573157529e-01
4.725950877709562681e-01,9.844907090610909295e-01
4.736540841046100736e-01,9.873786169979306138e-01
4.752706206031372949e-01,9.938785651704833413e-01
4.751738226596366466e-01,9.942998957210027466e-01
4.683640524964193252e-01,9.728523075498701767e-01
4.692855006858787092e-01,9.745622623626547520e-01
4.722608047535790110e-01,9.866281489422593642e-01
4.754228254214036831e-01,9.949829011785948918e-01
4.727678990258525893e-01,9.892456327135442651e-01
4.736241910919791187e-01,9.939022191337871792e-01
4.731961055451899267e-01,9.898009221743384600e-01
4.743901186558614480e-01,9.969522078927305353e-01
4.721294259208181354e-01,9.874175509637568293e-01
4.723555774806933449e-01,9.883644384000909167e-01
4.676427604559519335e-01,9.691509948503173044e-01
4.641656529210447246e-01,9.527984634198587433e-01
4.572401186983031107e-01,9.318925274297633621e-01
4.615790276429758698e-01,9.454458573438444535e-01
4.574108535318359703e-01,9.302970208511505135e-01
4.530876489332221202e-01,9.159382321234909030e-01
4.470934279182772753e-01,8.980450222920854930e-01
4.480742619763886658e-01,9.028567955669482004e-01
4.419013569657445628e-01,8.809082039713169721e-01
4.407132062587515997e-01,8.746563148167029178e-01
4.455333564625156284e-01,8.904268561042391061e-01
4.447458429515179779e-01,8.879572676341801474e-01
4.502809895244225813e-01,9.044982507974078656e-01
4.523206188243765191e-01,9.137144629887892222e-01
4.554151253604338256e-01,9.247786100642845231e-01
4.532252848775610299e-01,9.159271259528400932e-01
4.476434975470177102e-01,8.985550619161175590e-01
4.541380265413722528e-01,9.209651857343964521e-01
4.580189558695120788e-01,9.338146514501370898e-01
4.532726688800580161e-01,9.180535502425003491e-01
4.627802764290522286e-01,9.513279448607701028e-01
4.584385188405583067e-01,9.361335922915372532e-01
4.664560399773008403e-01,9.654718738768477415e-01
4.630986888536308688e-01,9.540855659495520724e-01
4.588039856707197273e-01,9.382056959907529858e-01
4.628164820689788517e-01,9.491744607914833765e-01
4.653479637797888202e-01,9.623691080149144872e-01
4.725173010510985150e-01,9.905085337925851885e-01
4.745615668154442024e-01,9.946955691968841773e-01
4.719916846016811163e-01,9.869842192450249962e-01
4.673638108218819975e-01,9.677299832973040861e-01
4.639031937336967615e-01,9.536444741024806548e-01
4.717166511439452870e-01,9.826697861146692636e-01
4.727183582994031741e-01,9.884779693428904501e-01
4.705578234993729736e-01,9.804865602894748955e-01
4.725695958530925500e-01,9.847008555893433934e-01
4.751271811915845356e-01,9.958296409680506001e-01
4.753603781638326420e-01,9.951312640345796323e-01
4.719580993334959174e-01,9.843734278955640349e-01
4.699006687227638146e-01,9.780454146964245865e-01
4.673952993304249515e-01,9.669138116671944783e-01
4.702557228083146246e-01,9.770459190842011310e-01
4.716642594493545837e-01,9.814055443262118539e-01
4.674969270798995380e-01,9.702386713064514723e-01
4.596826164603846077e-01,9.386601337831216307e-01
4.635209392526317695e-01,9.526751738059204833e-01
4.622107467897406119e-01,9.498033588430722096e-01
4.600222457513792329e-01,9.416125096967891128e-01
4.661363395899621453e-01,9.633256374226510932e-01
4.718026476775414313e-01,9.853393927903884020e-01
4.746389366457436365e-01,9.930159490501687669e-01
4.702150393644812798e-01,9.769801012394485618e-01
4.676305928092645559e-01,9.660213385722141721e-01
4.675800462830039805e-01,9.682763226066387618e-01
4.630939978895530218e-01,9.535529706594376709e-01
4.588452044517818407e-01,9.372216613379169559e-01
4.623950546741882328e-01,9.499620850635421831e-01
4.587062863050995754e-01,9.321696279807148988e-01
4.629649847961785913e-01,9.528951759543695665e-01
4.602412887886496162e-01,9.452586423869719923e-01
4.577220829383742973e-01,9.317207904823743281e-01
4.633816868358368035e-01,9.533378282437459106e-01
4.644624727786586527e-01,9.580325332890328172e-01
4.601883512811761889e-01,9.423816111187991451e-01
4.506202830503771573e-01,9.114409692162426246e-01
4.533642298995748665e-01,9.192398802275969505e-01
4.607731562322435193e-01,9.436923931816864064e-01
4.579988098505224925e-01,9.324970989837797486e-01
4.578268819516280175e-01,9.366812253242188246e-01
4.573833280739560969e-01,9.316367340049760415e-01
4.519316813430270252e-01,9.127428008437964424e-01
4.526258666106116602e-01,9.117834674911434734e-01
4.527301020381263585e-01,9.157286843829991474e-01
4.585209929635188919e-01,9.343008483195351932e-01
4.608457312065869504e-01,9.450151741424376306e-01
4.612324751103537013e-01,9.446931076378214387e-01
4.583296658228264153e-01,9.376025530126469443e-01
4.614626495587813015e-01,9.460583424785647955e-01
4.578291958286917485e-01,9.334067150072798968e-01
4.668998720122450874e-01,9.650805011225058738e-01
4.679773847484526295e-01,9.701840783785633526e-01
4.698796048506105327e-01,9.808512900483886687e-01
4.649413421800386859e-01,9.607273016259780807e-01
4.548080809594069462e-01,9.223981214106450333e-01
4.630380616966073282e-01,9.489073161434807835e-01
4.659138730009033669e-01,9.636215387955381351e-01
4.591535820172403248e-01,9.424489609374235854e-01
4.638455038679089593e-01,9.535226318209547580e-01
4.731288580403217869e-01,9.854230683306340888e-01
4.754520894555226418e-01,9.976134176713440382e-01
4.726867836984690041e-01,9.882150162713229102e-01
4.756400970322556820e-01,9.960150147846649205e-01
4.748802319779115710e-01,9.956656495562333786e-01
4.668196537514617828e-01,9.681074226275897532e-01
4.662876592879056648e-01,9.634958770852940502e-01
4.671533108635356757e-01,9.680154843124225694e-01
4.586831610828227546e-01,9.351388026222514638e-01
4.622973763736184516e-01,9.493746677033562120e-01
4.751939246603315015e-01,9.939186080718072080e-01
4.696613744968283766e-01,9.736697332076240663e-01
4.694498312497445980e-01,9.763077774469700598e-01
4.674066423976327989e-01,9.686429043435639263e-01
4.714714480938593799e-01,9.842802792846013782e-01
4.727462332883656249e-01,9.887182723305965037e-01
4.652014475207857935e-01,9.579834243878214695e-01
4.618067701037221195e-01,9.485761406575069499e-01
4.584043231462794354e-01,9.345706552647180532e-01
4.591431406265435999e-01,9.364787948860873179e-01
4.607280430927968018e-01,9.437713795050818311e-01
4.580825135836252282e-01,9.337414296670959457e-01
4.579283915563029939e-01,9.363769129708185979e-01
4.559969708661665289e-01,9.263601719789278377e-01
4.523037237156672941e-01,9.115245829002180944e-01
4.502494218504629608e-01,9.074431766523631815e-01
4.506963743198912353e-01,9.111241049962345295e-01
4.469737854012293954e-01,8.938155714171887034e-01
4.486850182572007517e-01,9.008911878218337499e-01
4.514835806746886337e-01,9.085024629038083166e-01
4.498735522551983723e-01,9.070449526463111312e-01
4.515417885359699346e-01,9.135152694560505493e-01
4.517099248225361907e-01,9.131877829376816580e-01
4.591819404003852356e-01,9.361166237741839202e-01
4.550241871347371903e-01,9.238347039182162046e-01
4.534567949531692621e-01,9.180489433615263151e-01
4.503512967309169501e-01,9.074079084735657830e-01
4.459360497452284910e-01,8.931354456042495116e-01
4.466652085711838027e-01,8.939158374617319769e-01
4.483147063286840872e-01,9.014896890506045590e-01
4.525491716380035112e-01,9.138591532410261786e-01
4.456644739720488357e-01,8.909738035387460009e-01
4.465166881385854158e-01,8.933504478355082101e-01
4.437482311383755818e-01,8.852253995602491488e-01
4.385550832987422654e-01,8.659860508341308272e-01
4.319802324874945088e-01,8.475884026234761226e-01
4.291755675307523110e-01,8.369228643908814824e-01
4.326855052886007802e-01,8.470410844172495679e-01
4.386715051568018109e-01,8.668337861845739623e-01
4.358877299727562105e-01,8.610809871006319671e-01
4.383130030251437548e-01,8.666243180294342929e-01
4.370465510922762475e-01,8.618044662166908232e-01
4.349636672408374594e-01,8.561182360843193617e-01
4.384453231832340925e-01,8.656855082530083845e-01
4.450692128414131532e-01,8.918844753763625066e-01
4.474304257021784470e-01,8.968316794300614792e-01
4.501381135634860420e-01,9.069260859278787112e-01
4.486176182426523384e-01,8.997335834695382450e-01
4.562936590719101626e-01,9.277152616138888419e-01
4.617172740962314226e-01,9.469969997790634864e-01
4.482850653808889141e-01,9.022161412368324696e-01
4.528933751270633468e-01,9.131542670555815588e-01
4.508497351642865025e-01,9.077748475559911379e-01
4.525930305822853938e-01,9.158540259874774492e-01
4.574093443743878495e-01,9.286249304846007080e-01
4.572638258812902201e-01,9.290384322203314449e-01
4.605233484705075209e-01,9.402523895295465950e-01
4.584483513153606027e-01,9.319786174448944083e-01
4.557777736643111588e-01,9.233139160065597650e-01
4.482607544919090525e-01,8.990496753835772736e-01
4.464441840578218246e-01,8.925279208606605730e-01
4.427523371999764201e-01,8.801109331454894935e-01
4.442471790273594956e-01,8.851038519588262377e-01
4.433706583778937449e-01,8.873761695222502910e-01
4.478400586775099779e-01,8.993063562498126995e-01
4.511014284787042139e-01,9.064922979165027650e-01
4.484650798268293714e-01,9.018287704122370796e-01
4.409884710927159390e-01,8.740508064557136469e-01
4.494776817585848794e-01,9.058167555520688641e-01
4.497313966003518848e-01,9.073800280693651299e-01
4.471046353952077279e-01,8.970381139940851734e-01
4.592984226080192856e-01,9.379306756556885505e-01
4.591645529476843790e-01,9.369328897483475416e-01
4.658356826890363567e-01,9.603985355395980861e-01
4.743174270341468657e-01,9.948890715545004593e-01
4.740478199670321025e-01,9.917958287112063065e-01
4.745653477256747133e-01,9.952413565792996852e-01
4.748604222697984101e-01,9.929091152762451467e-01
4.704567730682281956e-01,9.808802187315200927e-01
4.729732762392365175e-01,9.883433372798599015e-01
4.761829624142079331e-01,9.988627184217897526e-01
4.699951868743715289e-01,9.771707552099672123e-01
4.722138888775095356e-01,9.871392383761663503e-01
4.717479032650067072e-01,9.857050722058035008e-01
4.664614523542507940e-01,9.664638297451201288e-01
4.594300981011752438e-01,9.409587478224025192e-01
4.578970217933693854e-01,9.326379581463731805e-01
4.563046302926778153e-01,9.281357111825671025e-01
4.605693214143098957e-01,9.402618822116705077e-01
4.616985501925440771e-01,9.486541802472805429e-01
4.621443259700476203e-01,9.528890231813862410e-01
4.731298393574421834e-01,9.896942305300981957e-01
4.687624672049724439e-01,9.748423433641288938e-01
4.699198233774352085e-01,9.786377294981226660e-01
4.732334138729796802e-01,9.909422096004604219e-01
4.752447432987846332e-01,9.965375060458884215e-01
4.715229430839319447e-01,9.845322080389817820e-01
4.713380431736183818e-01,9.829146554421824833e-01
4.701383653269843310e-01,9.764282167778405297e-01
4.747518086039591023e-01,9.959892109633791124e-01
4.761519679426646223e-01,9.998364472716678719e-01
4.735908293320454931e-01,9.938078166338752961e-01
4.744877474942787998e-01,9.929773046571656048e-01
4.729266659003980022e-01,9.883733278158702840e-01
4.748747009023616683e-01,9.963048581082007971e-01
4.744936222386003100e-01,9.956843381945934546e-01
4.724317165194652501e-01,9.884752735371552523e-01
4.707208985914155264e-01,9.796374235304672329e-01
4.640996258714710776e-01,9.570135380994430063e-01
4.599318970720148170e-01,9.407981347236018532e-01
4.621266560074197560e-01,9.480971010296277424e-01
4.734787479762587181e-01,9.905455948332676508e-01
4.732712443416631776e-01,9.901365334836393917e-01
4.706746895400871211e-01,9.821545494817185418e-01
4.674958040668492076e-01,9.685617379398786531e-01
4.653068567716077686e-01,9.617894953976704464e-01
4.645610521936179294e-01,9.578314273758283814e-01
4.673985886031884474e-01,9.683875866845176317e-01
4.685983372751585385e-01,9.728463380318298492e-01
4.689799651256066348e-01,9.723737685086054627e-01
4.762579989624639021e-01,9.999612488498829110e-01
4.676301026414952933e-01,9.725108862382467745e-01
4.716204973691343616e-01,9.798726151409529184e-01
4.680221873702350988e-01,9.711313146840080401e-01
4.715662689293305121e-01,9.872970937567026040e-01
4.739775523206390950e-01,9.956706196224188732e-01
4.625940841632010248e-01,9.496501190633146461e-01
4.652271098357774193e-01,9.584325400139397377e-01
4.635125129660651044e-01,9.525340066022132124e-01
4.572766161882169667e-01,9.305880741873543416e-01
4.667362843785943793e-01,9.659984507431201850e-01
4.741246750619331762e-01,9.938129102590930186e-01
4.729954500237411041e-01,9.902903490875029080e-01
4.753755535792548170e-01,9.945858915729209881e-01
4.738895183788212617e-01,9.915253297194677184e-01
4.679519698556486307e-01,9.691929450828608017e-01
4.676593618224582083e-01,9.694822350991970650e-01
4.681240160448642551e-01,9.701408141447809275e-01
4.699013143555357264e-01,9.760383290695034963e-01
4.635991335028070703e-01,9.521283095647535832e-01
4.625427243072773864e-01,9.486952039310441176e-01
4.584691301918278894e-01,9.341893628834135876e-01
4.528872322847090071e-01,9.154217582015240495e-01
4.569752417198715277e-01,9.311506876040759328e-01
4.560854295803783431e-01,9.247178078670237333e-01
4.554034281867000988e-01,9.257068564324250071e-01
4.604969800211433650e-01,9.421815171901013475e-01
4.560806298922302493e-01,9.273640959953712848e-01
4.599144780002303312e-01,9.396520052300387782e-01
4.579278611022896128e-01,9.361279416625677419e-01
4.544118461590310187e-01,9.196895925780699255e-01
4.493242324181109804e-01,9.019290935836984380e-01
4.456664055366908461e-01,8.922088592885030200e-01
4.484705260011763728e-01,9.022887834791752937e-01
4.542636116663817392e-01,9.229180001459700300e-01
4.611754764357083869e-01,9.438848510064148378e-01
4.667790735181340245e-01,9.657394773388994214e-01
4.754312262725061133e-01,9.990680386210608610e-01
4.734884632182101982e-01,9.901335063026928118e-01
4.724155560079029703e-01,9.875982829287850429e-01
4.669445357056355994e-01,9.656969328078013337e-01
4.671554696142624086e-01,9.649945093736925772e-01
4.629020340760580665e-01,9.516651736142609508e-01
4.648045891184182654e-01,9.592448211210042874e-01
4.632987260591889811e-01,9.527015476636859770e-01
4.710617287902918449e-01,9.812665451064194189e-01
4.689791952348723592e-01,9.720552571812685061e-01
4.719257257380223836e-01,9.829458735123381974e-01
4.679022784708132265e-01,9.717129750281354728e-01
4.640887674162713639e-01,9.568792341049848771e-01
4.738832033013617440e-01,9.946199737623073744e-01
4.674021024989774564e-01,9.702036522579374767e-01
4.631523953997399579e-01,9.520405463362857645e-01
4.637079740193373323e-01,9.551893090013620080e-01
4.609998114640104228e-01,9.437387663393517201e-01
4.581465369554801326e-01,9.353762147755996237e-01
4.595305413413796058e-01,9.393635842373480038e-01
4.631306346962851817e-01,9.542669370093845860e-01
4.627108845902673795e-01,9.523648989375518292e-01
4.649087984734040502e-01,9.604996850699641930e-01
4.720497024576644773e-01,9.830590314421079334e-01
4.713781283941719802e-01,9.813861699367777414e-01
4.733351653041167340e-01,9.875803028311095355e-01
4.702501167417289518e-01,9.794280446357888081e-01
4.741623669730101187e-01,9.944195161662144899e-01
4.755189632194666838e-01,9.974202416030615304e-01
4.743566199818161078e-01,9.933905304999356423e-01
4.686813653033318761e-01,9.718923408780417716e-01
4.712869177027370626e-01,9.861967463684107038e-01
4.697246965234454508e-01,9.751629253449268786e-01
4.710706807102443827e-01,9.810781794605668571e-01
4.659335474778841246e-01,9.627620105346625934e-01
4.635106441009894107e-01,9.564722303142038085e-01
4.707673864590982693e-01,9.813094900083044747e-01
4.754078013508289402e-01,9.984708760449915177e-01
4.688977932893715894e-01,9.724173051026367975e-01
4.727803431358642561e-01,9.871554808860083519e-01
4.734675930336308958e-01,9.900135811460123447e-01
4.717409968422895394e-01,9.815053531636391826e-01
4.762952050842910734e-01,9.994267100424918393e-01
4.738171316855180892e-01,9.915621543770867241e-01
4.702213114546963668e-01,9.824772408929214329e-01
4.756698786329442985e-01,9.977480441955515200e-01
4.745152870086320473e-01,9.914201859727005406e-01
4.713468049341453248e-01,9.812747572835580634e-01
4.716809018620489735e-01,9.844935970708031947e-01
4.653707960612917249e-01,9.598824169717875554e-01
4.618076236411147173e-01,9.485571939990169454e-01
4.562001042040652599e-01,9.286794028869386208e-01
4.582561883439841277e-01,9.335060967613022509e-01
4.746236964334033526e-01,9.964794418507749718e-01
4.752107247218633757e-01,9.969469814278605346e-01
4.696318644456232150e-01,9.713252935863680992e-01
4.616615841098498096e-01,9.495005097005829731e-01
4.629977095314778968e-01,9.535358107279080508e-01
4.629801390697175223e-01,9.534505039834664242e-01
4.614616786288940342e-01,9.445820494944681123e-01
4.524129230428442505e-01,9.141455500325549322e-01
4.586232583905242577e-01,9.354285403167602597e-01
4.629306794610144049e-01,9.540023434791770063e-01
4.587487838692471120e-01,9.385951678580234381e-01
4.634840265041164642e-01,9.549087994567206916e-01
4.657342411515041913e-01,9.592880157718537415e-01
4.674660889991752444e-01,9.680782012956262728e-01
4.613001189269008151e-01,9.442231320061941213e-01
4.579918713865227531e-01,9.352309870932565827e-01
4.696018721079929792e-01,9.773592228702658868e-01
4.708838385174020646e-01,9.802053538073476346e-01
4.696131134808381180e-01,9.745868058423773350e-01
4.626368822816772086e-01,9.480507562314707259e-01
4.697309574389072484e-01,9.770194128168767644e-01
4.677786852164798059e-01,9.698285985692539635e-01
4.666739589359407692e-01,9.660152177988216016e-01
4.583240770772797346e-01,9.306712401050434291e-01
4.489475419330041794e-01,9.003928575750425045e-01
4.555426949573884721e-01,9.236006874325664029e-01
4.608790286219983656e-01,9.446463200890082845e-01
4.548932642393794801e-01,9.228137199588974937e-01
4.578183822515396462e-01,9.340102285769750212e-01
4.594252867404118312e-01,9.385633596880309515e-01
4.544123379450338840e-01,9.208142277884218130e-01
4.549526256814645508e-01,9.221478913596945493e-01
4.566546622784183329e-01,9.279341303916240902e-01
4.490771691566987633e-01,9.040405880488409096e-01
4.491898545682766475e-01,9.025861377675103991e-01
4.553614333400419767e-01,9.261557486451966748e-01
4.642598860557864970e-01,9.560248221771552313e-01
4.581254376062154354e-01,9.342879874105999294e-01
4.594818015549378964e-01,9.394693967519799349e-01
4.555117149054617176e-01,9.246364547125018873e-01
4.608233990617023879e-01,9.434557005067180091e-01
4.559929389553410428e-01,9.247103912184498897e-01
4.482113783205850521e-01,8.968559262804643994e-01
4.439767709202638857e-01,8.870384674091285060e-01
4.511243935862134236e-01,9.098624796246077562e-01
4.554000210994761932e-01,9.260468943539128528e-01
4.533535545349433038e-01,9.174635665872736823e-01
4.602036310883560466e-01,9.411874686195138562e-01
4.681816425810265692e-01,9.712325615150855240e-01
4.626690164112071679e-01,9.502193731362078566e-01
4.575287033952155080e-01,9.360822271359512392e-01
4.550335350042016835e-01,9.248911680212967834e-01
4.594532538692220336e-01,9.388547219607964456e-01
4.625192210084857480e-01,9.496938664696616961e-01
4.578156482640247105e-01,9.374230017679929805e-01
4.552169600884172218e-01,9.267197649749796540e-01
4.598574824395403882e-01,9.401162096208994789e-01
4.679565323401648214e-01,9.728031111645477624e-01
4.671834163727932032e-01,9.683786676558839845e-01
4.702886457503120399e-01,9.783021009729044870e-01
4.740303942030973383e-01,9.929306801396391435e-01
4.755278491418413744e-01,9.993706441631317050e-01
4.737144184291970928e-01,9.930656637121679786e-01
4.712396621563815780e-01,9.826482362394274306e-01
4.663394071309480138e-01,9.646170581048794102e-01
4.571812066640884575e-01,9.301392121897675835e-01
4.531461713969691663e-01,9.180368193103899399e-01
4.569436757744445021e-01,9.311160597461523025e-01
4.605744974867190811e-01,9.425955151700204926e-01
4.624410529684983007e-01,9.493375650595901050e-01
4.628723788442038467e-01,9.507027813832334973e-01
4.701941565789257149e-01,9.777251861507429975e-01
4.652956040639478763e-01,9.585716954306054971e-01
4.614271662785005002e-01,9.451900897665859169e-01
4.611031977366839563e-01,9.449748948129530479e-01
4.569194439988903400e-01,9.318866711168768413e-01
4.613910696497640629e-01,9.463682115677979345e-01
4.634244840098132867e-01,9.524831144753600487e-01
4.615018443852771934e-01,9.457768675851305762e-01
4.643193576473625406e-01,9.585161357541934768e-01
4.531743636428480770e-01,9.185466770906914880e-01
4.517068496271845479e-01,9.095175128618513405e-01
4.539594722007325167e-01,9.219613276404492463e-01
4.650087376268598471e-01,9.559356266204073194e-01
4.708790548401739495e-01,9.784989552139898850e-01
4.753821800723269098e-01,9.985639896384126413e-01
4.671013865003335597e-01,9.648113796209867310e-01
4.558828268985484766e-01,9.237607521453435888e-01
4.561106697722068781e-01,9.274124676976026604e-01
4.551920225538141906e-01,9.242707412524244770e-01
4.498346842828281344e-01,9.040599826895555635e-01
4.486897269925491649e-01,8.992868151225997808e-01
4.443255659981614758e-01,8.854938310985787098e-01
4.408021519115201681e-01,8.743166159012457639e-01
4.530880920211401985e-01,9.164076526186331062e-01
4.552621895359289517e-01,9.224266470913380367e-01
4.573383853757925221e-01,9.336879642727280437e-01
4.514530498213638610e-01,9.116251289897338017e-01
4.474588995483044784e-01,8.965898170522630384e-01
4.511432054314414852e-01,9.140916247154521335e-01
4.624763459487961081e-01,9.499658449672327976e-01
4.756903809178087417e-01,9.994802707419105925e-01
4.693496907857037659e-01,9.737702238653479503e-01
4.731672411218111884e-01,9.889144854066580503e-01
4.687964146758855644e-01,9.742896289138457400e-01
4.671250370992301448e-01,9.687032883195776378e-01
4.587495582328563470e-01,9.385029073384232312e-01
4.592319466638363212e-01,9.402746330481708270e-01
4.637669608332116167e-01,9.534114601260039734e-01
4.594150984890281175e-01,9.401520667009499732e-01
4.551751742414749669e-01,9.235708955947560250e-01
4.475808601464241199e-01,8.978933267854339872e-01
4.541670387000775189e-01,9.185196535673282314e-01
4.467930769787870626e-01,8.946614077409313914e-01
4.503460314458891389e-01,9.089505543056626280e-01
4.477845245734941027e-01,8.985169122083982440e-01
4.418964703891312684e-01,8.775394331694928995e-01
4.481429219849439316e-01,8.978850440744919892e-01
4.512420161210229930e-01,9.121713294587040499e-01
4.508581486896854895e-01,9.078587592654686622e-01
4.561595795941887910e-01,9.299133272783811632e-01
4.570136627785482131e-01,9.292024940865498683e-01
4.526887490591400831e-01,9.163655759615981777e-01
4.398516778335485600e-01,8.736171947004973681e-01
4.394271663354099022e-01,8.721397389080710605e-01
4.356401078475349298e-01,8.595797064713629476e-01
4.300709937097794699e-01,8.381296623883982555e-01
4.202623277426691950e-01,8.085347355756894450e-01
4.110085462474713514e-01,7.786088509338539021e-01
4.092265958462554809e-01,7.756388407080071490e-01
4.034256186561061552e-01,7.548756782170122914e-01
4.065370826656212189e-01,7.681324391497924564e-01
4.103758202028806035e-01,7.795030818639190340e-01
4.103383411513040757e-01,7.788323247468131871e-01
4.201536758050407050e-01,8.081447384579858451e-01
4.231990471326643188e-01,8.179676085397944441e-01
4.206225081691611356e-01,8.110823972398879533e-01
4.222901165414071900e-01,8.144381325796767879e-01
4.181495150929110949e-01,8.001306681941141585e-01
4.171582627886660788e-01,7.995778304617497945e-01
4.145030280004131651e-01,7.914283426796001608e-01
4.719620844867039589e-01,9.863471239914030075e-01
4.744646930694677023e-01,9.912684341462676407e-01
4.683961004485899249e-01,9.692849809791238558e-01
4.610884899239710566e-01,9.476189607986034158e-01
4.561675093650112700e-01,9.262494232788692772e-01
4.611549998083291357e-01,9.463225992987901458e-01
4.582808426289587400e-01,9.353366623411588643e-01
4.656412522517231478e-01,9.630502604536881339e-01
4.623214419201062686e-01,9.501652060933580835e-01
4.644561007668319141e-01,9.602440196888604174e-01
4.550084225770856250e-01,9.269921081162576515e-01
4.558379910049048522e-01,9.235196180355247364e-01
4.563594002803195160e-01,9.275840087227241737e-01
4.520698743956930721e-01,9.134548585490800399e-01
4.557075330302801097e-01,9.232108582291820298e-01
4.524743586259682981e-01,9.163198610243495912e-01
4.576956624850314070e-01,9.326158127523470620e-01
4.562477490186637730e-01,9.265833583808046336e-01
4.542186603619811636e-01,9.206220427711468979e-01
4.532830224474469483e-01,9.183983819911774038e-01
4.493390218105831058e-01,9.035311419106111241e-01
4.485954150918082806e-01,8.987864612925794416e-01
4.500807179127105373e-01,9.061673901805120668e-01
4.526417443128265550e-01,9.138211693372729760e-01
4.475133650137222419e-01,8.963723371694335418e-01
4.507299415888889049e-01,9.076454029900311582e-01
4.388348705258403593e-01,8.698821776384476623e-01
4.478197570165395325e-01,9.011425363558525081e-01
4.521136181740432747e-01,9.116510489182545474e-01
4.584159547811633151e-01,9.367918542755167000e-01
4.608620545243098388e-01,9.422603990217967018e-01
4.488606062382606843e-01,9.024712098887696099e-01
4.564083454635494697e-01,9.251655672619006898e-01
4.432573057168121555e-01,8.825175072518891550e-01
4.436590450123442109e-01,8.852053125665114708e-01
4.583071503043663619e-01,9.338045928806437690e-01
4.598289280886586061e-01,9.425023367588267753e-01
4.582857866194628982e-01,9.365092590065935418e-01
4.651906547396279512e-01,9.605691734259542702e-01
4.614845051501748618e-01,9.476719021101133178e-01
4.645936433988400727e-01,9.554280337246962018e-01
4.668431790217644206e-01,9.661141064519976895e-01
4.664931581874808830e-01,9.636028820876333389e-01
4.596270206275339110e-01,9.378592913656164098e-01
4.581620191223227945e-01,9.327369007149487468e-01
4.682413218977397040e-01,9.747813177588043887e-01
4.706335297285753061e-01,9.783333089429909757e-01
4.638676958157862962e-01,9.556038529482780985e-01
4.620703082735808098e-01,9.489234399943581311e-01
4.542966896064801752e-01,9.196253777893871328e-01
4.601303390487498923e-01,9.380862054968487351e-01
4.674069296529344553e-01,9.664167419803056935e-01
4.675806377902599342e-01,9.664794866255163042e-01
4.595770165117658013e-01,9.366150709264933205e-01
4.599770814738077807e-01,9.404897856427978375e-01
4.535404232890550835e-01,9.158172865950859887e-01
4.573993876124495261e-01,9.297457071513418603e-01
4.566478158173639668e-01,9.279049061657338449e-01
4.564834574009369317e-01,9.309316564619625201e-01
4.613147674787837493e-01,9.442188312437159725e-01
4.615687118987589210e-01,9.476051732961756624e-01
4.612314727959750948e-01,9.460895921590135593e-01
4.636035002190462828e-01,9.560976937569541922e-01
4.550970039331967976e-01,9.233736128268310583e-01
4.566047791745773687e-01,9.274420262163844964e-01
4.551918156258313308e-01,9.245096164491564128e-01
4.583006369084764442e-01,9.345136874762874912e-01
4.590359411574937987e-01,9.384609275016770891e-01
4.567616593616152798e-01,9.290969564397655311e-01
4.619147898188190049e-01,9.472670693811621190e-01
4.663504089019017695e-01,9.647256866364379846e-01
4.743744569891440999e-01,9.949236198564250788e-01
4.724709155205600308e-01,9.869021910864984592e-01
4.714552671947723761e-01,9.827894608706616575e-01
4.744249548327950095e-01,9.921685777315225607e-01
4.737850294754849534e-01,9.919567978188922330e-01
4.664191370572005058e-01,9.635718307742718869e-01
4.663839819097160833e-01,9.649014810433633738e-01
4.720200025152208601e-01,9.851764314834627889e-01
4.743268737960253945e-01,9.955024373187040254e-01
4.748782278606243357e-01,9.945901595151428465e-01
4.724385175426448757e-01,9.864432742201962867e-01
4.755846167725593654e-01,9.960445848420769188e-01
4.672296436640759332e-01,9.676952380024230749e-01
4.718178321320510848e-01,9.835911940411889987e-01
4.692538992978030343e-01,9.760842876168268623e-01
4.602293269481709248e-01,9.430079597960934201e-01
4.532039299176973679e-01,9.191016517592650592e-01
4.593084857742874005e-01,9.390278561295946069e-01
4.532424045593219097e-01,9.151201101353040324e-01
4.503470852521903600e-01,9.073946104500312249e-01
4.503719545883929642e-01,9.057355569037109921e-01
4.573116860481185597e-01,9.351708338500634987e-01
4.684125566778749583e-01,9.708690067483067843e-01
4.674048720579866423e-01,9.644540927282103659e-01
4.647595796405969981e-01,9.611496022248078308e-01
4.740479900722267548e-01,9.903498889881907630e-01
4.721594898924820205e-01,9.863742807221912434e-01
4.725586656621852955e-01,9.858060739201904843e-01
4.708685851585886484e-01,9.824212717339516621e-01
3.459004656663910993e-01,6.038314339643779949e-01
3.457421603716974157e-01,6.007276577544118368e-01
3.460538718566230632e-01,6.015521173818394463e-01
3.467101019891058455e-01,6.058228272517227619e-01
3.547980246557797535e-01,6.249044670575640836e-01
3.659925138477648776e-01,6.546540868252955780e-01
3.737157066467016175e-01,6.723618224503847829e-01
3.676070020970828023e-01,6.582183804967119967e-01
3.670118418509960012e-01,6.552773603589190365e-01
3.634132419105740031e-01,6.488405020124587974e-01
3.770018437839164904e-01,6.828329290043242406e-01
3.786971927901560675e-01,6.879692697042177896e-01
3.815052125691407725e-01,6.939019875892836753e-01
3.957938113523091772e-01,7.333207924797519039e-01
4.138864555050575933e-01,7.856872490130143438e-01
4.061650478912967599e-01,7.673289548091620782e-01
4.138012629157628020e-01,7.872195369381292940e-01
4.183056329568559661e-01,7.999358844437830518e-01
4.132983414205243511e-01,7.883441562634202482e-01
4.143322884828272157e-01,7.902508325437298531e-01
4.049800598292510601e-01,7.617137520806972484e-01
4.106533992290697932e-01,7.771842518188080140e-01
4.161480724426362965e-01,7.984188444140726260e-01
4.193553780050535140e-01,8.076587277623626937e-01
4.215730934525672158e-01,8.093378206602005465e-01
4.247051895078543526e-01,8.218469561211632080e-01
4.226884449134243327e-01,8.158636389737289329e-01
4.198688248559444003e-01,8.084027020413711018e-01
4.213349556864430245e-01,8.118564885179497814e-01
4.131346005444636038e-01,7.842917585974152894e-01
4.121026227566249034e-01,7.808920131208192394e-01
4.129844346008366140e-01,7.833899996835284041e-01
4.130502483661470103e-01,7.872387903007217469e-01
4.140762288816604575e-01,7.897797962399124572e-01
4.200132387280509638e-01,8.064853534660703094e-01
4.139678364577591974e-01,7.893754649917359423e-01
4.105273799446057525e-01,7.763864348364791779e-01
4.211462593010855127e-01,8.100865306764928331e-01
4.259214691061756763e-01,8.239737510308100532e-01
4.167046697736296879e-01,7.970579576642738973e-01
4.185927732249101751e-01,8.019780341042624938e-01
4.163601749362800808e-01,7.963376107857871311e-01
4.127533495236220817e-01,7.832503039072257200e-01
4.144672099220767514e-01,7.899670812290062738e-01
4.118363634297787512e-01,7.812329905389646667e-01
4.085098754472834548e-01,7.739051318692359294e-01
4.202427413779559195e-01,8.069378461039427020e-01
4.276233584894362227e-01,8.294141180473981745e-01
4.245139937232701444e-01,8.196282092914142225e-01
4.369834688668352007e-01,8.618249931374214468e-01
4.305767429263336887e-01,8.405434110181296825e-01
4.385579638450795015e-01,8.691524353374681100e-01
4.439351058229264457e-01,8.849813056101881736e-01
4.425853034296324817e-01,8.805821689534922836e-01
4.471606911932221595e-01,8.959877501094396512e-01
4.483038861102257022e-01,8.997406902446513088e-01
4.388791782079026760e-01,8.663127968966349846e-01
4.360062536404003541e-01,8.596879475582318575e-01
4.422358783518194891e-01,8.769846590557365262e-01
4.289015086120433473e-01,8.356733267446947444e-01
4.294219763718929439e-01,8.352636108909754498e-01
4.270131612425598910e-01,8.274097997972482688e-01
4.190149160148376462e-01,8.063056106874225692e-01
4.089231161720718877e-01,7.734693681922888420e-01
3.987423198638126998e-01,7.466783936047864945e-01
4.060849543794920469e-01,7.648663978621343951e-01
4.028155378318029611e-01,7.560565586433832808e-01
4.019227751219431322e-01,7.523552630683607578e-01
3.952027673651117290e-01,7.340665031875962532e-01
3.975435465650666300e-01,7.389801705785986607e-01
3.854922919055400743e-01,7.054712221787539095e-01
3.925677265516795411e-01,7.249415946113280107e-01
3.955367123882065350e-01,7.348929381568811703e-01
3.992425985197513016e-01,7.449871589552742313e-01
4.014505083613433278e-01,7.499907393129303657e-01
4.054608043585042343e-01,7.657690639030816371e-01
4.101053360235412115e-01,7.745755911709156782e-01
4.200946943739193862e-01,8.091055177163435363e-01
4.266646573754013239e-01,8.268948584723798678e-01
4.260405173163442916e-01,8.264385894727774851e-01
4.226869345658210708e-01,8.158288547271964619e-01
4.231944801610821316e-01,8.163165229343276597e-01
4.219439140489449347e-01,8.111404573359721759e-01
4.238952658319740663e-01,8.243564908568573601e-01
4.271587005577199836e-01,8.295217436402165800e-01
4.224468663090731324e-01,8.143265865036787288e-01
4.189837854636698777e-01,8.040353793691975559e-01
4.142015042275613568e-01,7.884069894953197322e-01
4.207772761264766959e-01,8.137980063571401690e-01
4.033100321855627168e-01,7.606169024610653917e-01
3.956295510339938870e-01,7.356851125552139603e-01
4.050810567880722135e-01,7.644798202866704973e-01
4.108713843340789929e-01,7.784838180524789042e-01
4.113504537484347079e-01,7.822641619457668671e-01
4.175859665121286479e-01,7.984709147427534459e-01
4.145861354706726343e-01,7.901366566213792186e-01
4.140450100827852142e-01,7.871802962215609378e-01
4.193166393156130822e-01,8.038289921969759000e-01
4.269550769833533321e-01,8.309764013902420920e-01
4.242143728418587001e-01,8.210047007722304224e-01
4.669807094746104559e-01,9.637552907076990527e-01
4.732603872227380548e-01,9.885965834092275140e-01
4.754412705142466722e-01,9.986623486701352581e-01
4.718833020525899369e-01,9.842131388327596264e-01
4.755835244413373908e-01,9.966628332243682165e-01
4.749505249308409449e-01,9.936300923292334941e-01
4.742461812997030846e-01,9.913719666795410834e-01
4.731901182806899642e-01,9.879517552659865531e-01
4.731493640928096100e-01,9.899121844247934510e-01
4.763727762871005633e-01,9.996674982593729553e-01
4.718098342640535958e-01,9.852740352782557443e-01
4.706995787331926806e-01,9.809264788238220012e-01
4.730724355844545537e-01,9.874778164265569647e-01
4.733076438108367312e-01,9.888918826060473233e-01
4.749686307181111289e-01,9.955236876137434354e-01
4.739978426014533341e-01,9.955819357998937358e-01
4.754277295347774102e-01,9.989053980489626117e-01
4.746136959891019136e-01,9.930971477285676086e-01
4.757195909138463019e-01,9.989368477745145247e-01
4.757693267039358465e-01,9.973922893311951698e-01
4.744912785675815536e-01,9.943815087547805964e-01
4.705012088316506969e-01,9.772507524806594015e-01
4.653737442150013837e-01,9.591988977997357724e-01
4.686774321538323962e-01,9.738078791655462307e-01
4.745331851343769780e-01,9.980800068039421546e-01
4.702308830251192839e-01,9.786921448424137360e-01
4.727846675655522635e-01,9.882648581006523436e-01
4.727846675655522635e-01,9.882648581006523436e-01
4.730966857801365832e-01,9.902040970034523548e-01
4.743826540882816745e-01,9.943654399280263956e-01
4.739755968601561120e-01,9.928034189679286747e-01
4.746337743038341883e-01,9.936217966022660164e-01
4.699066807497477294e-01,9.750822179468419115e-01
4.726266520088299172e-01,9.914209588250068039e-01
4.693385215377929298e-01,9.755500469599011071e-01
4.670609406712491474e-01,9.649358114640136375e-01
4.708886289157946936e-01,9.812363179978096372e-01
4.734990853903563446e-01,9.894313043598652602e-01
4.707627273777846844e-01,9.806406357108019556e-01
4.632366789629903669e-01,9.532696359143791875e-01
4.638818976087983881e-01,9.545623091388804049e-01
4.630566072028816649e-01,9.533779097663713786e-01
4.678788585244658127e-01,9.678013067851259921e-01
4.666081864964674586e-01,9.649117731184991831e-01
4.656790065096723108e-01,9.617324410524895617e-01
4.649048882799911575e-01,9.601373724580831714e-01
4.620846202118640833e-01,9.476319818479467250e-01
4.625205937712499882e-01,9.486834832440197429e-01
4.696915002291182639e-01,9.751714528910745416e-01
4.712547950834728994e-01,9.853233310002534884e-01
4.708221910551512734e-01,9.797612303089207053e-01
4.709920020441351607e-01,9.802522340705420723e-01
4.713015342013606168e-01,9.855580811238185968e-01
4.739380249286397340e-01,9.923763196606298909e-01
4.751987843631366171e-01,9.983095170243254657e-01
4.752691412434750240e-01,9.960293789199272663e-01
4.727709563530467785e-01,9.819882285351959617e-01
4.691628999356831087e-01,9.772177515733685427e-01
4.681216444929218179e-01,9.719009492237390413e-01
4.740576120977507690e-01,9.921084892058974480e-01
4.706345413567877833e-01,9.838716172361199330e-01
4.747711519678328163e-01,9.939233109700325031e-01
4.747680197827517934e-01,9.956774907663604735e-01
4.735556276874016146e-01,9.897158383211969168e-01
4.757017347520258732e-01,9.978341907458614379e-01
4.729452882587923401e-01,9.891387989432528505e-01
4.727537624960884699e-01,9.881313051606386288e-01
4.741746045294474299e-01,9.935933869762033632e-01
4.724379316623334435e-01,9.875620021389772685e-01
4.711063616095235718e-01,9.820490770370504663e-01
4.614158900781529238e-01,9.464366432670525686e-01
4.574646719911422132e-01,9.295613896469879789e-01
4.558115021193713812e-01,9.268427274009246597e-01
4.570480982687104565e-01,9.337672772359999485e-01
4.461877686521056874e-01,8.953341907797925936e-01
4.489148301029108334e-01,9.023253127839281351e-01
4.464470790329077010e-01,8.924595459628789085e-01
4.496914573222451916e-01,9.070557984582902078e-01
4.527382941255197468e-01,9.169628745191974462e-01
4.470370444939969490e-01,8.930534586329333946e-01
4.479896295843650567e-01,9.006719002021286169e-01
4.480744811983706777e-01,9.002373500313901600e-01
4.476895396079033640e-01,8.970810374760441741e-01
4.471067152208603734e-01,8.975825012028016969e-01
4.497931463987364098e-01,9.031623420781493827e-01
4.439166722598787418e-01,8.826372160489541763e-01
4.434489904887595757e-01,8.827373128959805637e-01
4.497238460347014466e-01,9.023385545741234859e-01
4.444216820970723347e-01,8.845916346677997755e-01
4.464277344163592454e-01,8.931167672900995891e-01
4.432908861982817195e-01,8.824996012077670482e-01
4.408977896568140320e-01,8.765220143969035815e-01
4.414361128502224396e-01,8.791182369384771267e-01
4.421128679177474541e-01,8.783850866131164281e-01
4.444456520123221677e-01,8.878177826942732498e-01
4.471279723134796158e-01,8.949040374706049850e-01
4.527489070983768404e-01,9.165663131826363719e-01
4.576911759664348822e-01,9.296848510044871672e-01
4.613404653902085650e-01,9.456626889674626391e-01
4.600474619533212461e-01,9.433946578304779340e-01
4.641694907104709777e-01,9.544785319025804737e-01
4.606373907802773782e-01,9.423058987404530074e-01
4.602505196382416508e-01,9.405185848546278038e-01
4.562449337920361225e-01,9.271457319050014911e-01
4.607196097016970082e-01,9.433540999488838619e-01
4.639605653931390683e-01,9.568667693274292008e-01
4.686316284365452667e-01,9.727193540580408859e-01
4.692248069220644191e-01,9.751840988846460778e-01
4.677853246557639455e-01,9.691906506105246732e-01
4.678029955214646485e-01,9.698357291785933976e-01
4.713740410432007977e-01,9.833349630967231914e-01
4.638453609256761312e-01,9.540444054149029851e-01
4.718975597385460241e-01,9.852670857340709576e-01
4.712409050295540691e-01,9.826024163531534850e-01
4.746873023352815024e-01,9.935999267089404841e-01
4.744623645844980864e-01,9.942155380845979495e-01
4.667341149078680917e-01,9.655491703016404470e-01
4.613947556116618220e-01,9.462109350480275571e-01
4.572647388669537349e-01,9.308881787709125666e-01
4.586610255190510799e-01,9.338816461508041566e-01
4.628394740351833292e-01,9.536411871190957346e-01
4.625637201388169695e-01,9.537383748278439599e-01
4.595115171050882519e-01,9.384241996917445094e-01
4.529668042781401782e-01,9.133348206491858079e-01
4.536969244790148847e-01,9.187284941964003471e-01
4.577253798671778173e-01,9.316461631618558892e-01
4.540785377639048881e-01,9.221105162422111867e-01
4.548406681794445183e-01,9.234531948177526761e-01
4.583245630443525398e-01,9.342896715115932560e-01
4.513780939568131090e-01,9.106967771829369562e-01
4.550056767733237084e-01,9.238569262786229253e-01
4.572456336895240891e-01,9.301729649338643657e-01
4.522120891784752184e-01,9.149090705908434762e-01
4.512709213419685561e-01,9.088910301376680323e-01
4.559549406987559728e-01,9.273782756113366776e-01
4.510187546130490777e-01,9.082642038088345471e-01
4.577387878498158647e-01,9.323002730960632256e-01
4.665585713089765996e-01,9.636254349645021477e-01
4.575776497295596656e-01,9.317458079472786814e-01
4.683282871971853334e-01,9.708917828664545002e-01
4.719413129377847405e-01,9.851603742444464684e-01
4.750038899664988934e-01,9.935615130985452348e-01
4.725292149172966027e-01,9.847229744314917044e-01
4.672447793282351047e-01,9.662716254958796380e-01
4.650267439308168327e-01,9.584547015549165216e-01
4.665418299995847118e-01,9.632224862791629594e-01
4.725943225009454629e-01,9.865815185033662837e-01
4.742261534504317311e-01,9.943090401229822684e-01
4.731351241129085339e-01,9.911410886822890065e-01
4.719413521965367675e-01,9.880229395772494039e-01
4.681766228281437625e-01,9.729588341726791434e-01
4.746318956805138933e-01,9.947719307193880756e-01
4.742350997506497023e-01,9.936643056950761332e-01
4.736489365880526825e-01,9.934769664799166788e-01
4.709645399519906128e-01,9.833499375392750208e-01
4.720233494229528204e-01,9.887507007409660487e-01
4.723241187814608000e-01,9.857336416850754901e-01
4.690958971585000858e-01,9.728778986106270121e-01
4.677233737536871661e-01,9.700469803403103386e-01
4.731603057200826634e-01,9.896588115561162358e-01
4.720598497081642808e-01,9.846869381804139731e-01
4.696919770624369272e-01,9.741474733733921365e-01
4.654959501564934765e-01,9.598470155954073046e-01
4.655793222026232137e-01,9.586464010017022863e-01
4.722662482120331129e-01,9.831745320445243186e-01
4.756698068891240805e-01,9.998979707816511020e-01
4.719361797978569029e-01,9.831122876409831290e-01
4.688974980517695568e-01,9.737645972320512211e-01
4.758485557773926566e-01,9.977736030970637549e-01
4.697091338479523204e-01,9.798541499703228297e-01
4.678842571723645372e-01,9.700484142217328243e-01
4.695836463503023084e-01,9.713872711223773271e-01
4.747093903749000643e-01,9.968761849823756238e-01
4.729481169308031863e-01,9.876806005062669369e-01
4.681357882064223208e-01,9.723122957515623055e-01
4.738365359401837673e-01,9.955381394357731839e-01
4.660175652115467471e-01,9.637871440321835736e-01
4.654115456631694459e-01,9.616939993279008947e-01
4.642652804927080434e-01,9.578892598477957154e-01
4.655813952815889833e-01,9.595204909243679747e-01
4.633006476337463986e-01,9.545823756889332268e-01
4.658810233326940997e-01,9.606279971619240410e-01
4.750394833764684521e-01,9.993729138083110586e-01
4.638359836071120346e-01,9.552166938591565293e-01
4.638986636972222133e-01,9.559692213164746599e-01
4.599888711707294520e-01,9.426671270861289864e-01
4.587891396551678769e-01,9.384957127220339146e-01
4.571601058700291431e-01,9.292319827219122086e-01
4.525323810896787480e-01,9.147327898073907004e-01
4.594786290708778864e-01,9.376766697842877640e-01
4.544620019278775569e-01,9.207016128000464761e-01
4.525495418948543014e-01,9.160690371709636626e-01
4.482080143401143135e-01,9.027116365629638262e-01
4.552395507605851988e-01,9.242999487420520133e-01
4.513629062376526280e-01,9.092137269071070005e-01
4.530737283545462901e-01,9.167344914141719592e-01
4.592472177463938765e-01,9.361091221233902582e-01
4.578530267319521618e-01,9.325875822916355196e-01
4.472504875717769890e-01,8.943156863146136670e-01
4.496332301696789879e-01,9.037097594747411922e-01
4.666163346121035005e-01,9.668038983151970855e-01
4.586319944870695942e-01,9.365286879928934605e-01
4.594525230522419346e-01,9.422679025329124824e-01
4.587078692109795020e-01,9.359861677998307927e-01
4.553520932921484299e-01,9.258594725930484604e-01
4.535148895994398077e-01,9.179193848733400163e-01
4.595518553690060570e-01,9.401841852529581045e-01
4.612079237207051818e-01,9.451330724636555214e-01
4.717556841246397514e-01,9.833880925269822271e-01
4.747609300106966912e-01,9.977268795351637021e-01
4.737624698981425797e-01,9.924919643593939078e-01
4.743843823534630300e-01,9.945382190441741654e-01
4.743872391516982812e-01,9.924491009781977180e-01
4.726138576181661000e-01,9.899612398477632969e-01
4.736392382669900036e-01,9.910932779374563850e-01
4.720429992357378923e-01,9.842581600589382917e-01
4.685790155734446683e-01,9.732066804690182593e-01
4.705432949481578309e-01,9.809518030556357848e-01
4.665180083028088731e-01,9.648656193717468632e-01
4.659607283680388679e-01,9.634858542196408360e-01
4.757152011849590800e-01,9.995140352236603354e-01
4.732338760376170739e-01,9.896530304807164002e-01
4.702868391502371126e-01,9.790844520746033730e-01
4.548536675916882710e-01,9.227051134035887392e-01
4.498795548854814808e-01,9.032832274518858284e-01
4.575351383602137556e-01,9.338708256053771528e-01
4.539840845294560445e-01,9.176688017634934136e-01
4.509986169211313567e-01,9.106182782943861298e-01
4.520646560135053726e-01,9.147090127021275663e-01
4.548831473078158716e-01,9.218620924108352765e-01
4.580275715846625073e-01,9.331300634533450378e-01
4.499705515636108211e-01,9.039860176333078812e-01
4.502099055474447220e-01,9.066654598165195811e-01
4.510730707479467805e-01,9.078429694997239841e-01
4.572424775744036163e-01,9.314274513836233726e-01
4.569141524203720883e-01,9.300217454861068322e-01
4.487741432022619437e-01,9.020839649235241620e-01
4.484000651368031387e-01,8.983148167757697422e-01
4.495197679240903743e-01,9.039757437179878341e-01
4.518973004481354749e-01,9.134403477358750134e-01
4.494686256135680402e-01,9.021513791991224718e-01
4.497814493536381741e-01,9.044036713136033301e-01
4.416361856439236511e-01,8.792397161175480313e-01
4.346367071500094048e-01,8.534787275698382247e-01
4.312026169109539064e-01,8.433404392923491422e-01
4.308714574766294159e-01,8.439575143485037456e-01
4.448361679682957259e-01,8.860289323837537978e-01
4.455280500145041844e-01,8.890401426601911572e-01
4.384226564045208829e-01,8.636885044859189398e-01
4.418495501543941439e-01,8.789073039649752950e-01
4.384840874685646539e-01,8.681321155971589709e-01
4.326922652211662168e-01,8.478392487777381969e-01
4.334780844072598227e-01,8.497137461322811225e-01
4.393063062778021499e-01,8.682123652903154243e-01
4.440519456545233279e-01,8.856898833083862721e-01
4.433743868225439866e-01,8.816216231388345204e-01
4.445502908480467030e-01,8.876114510455546114e-01
4.440547436173762907e-01,8.872248595238998448e-01
4.474282218256371291e-01,8.958001132731803207e-01
4.359365720101244235e-01,8.569048046985359157e-01
4.397450952293490700e-01,8.696040448124178202e-01
4.455008299358977908e-01,8.903999994627417314e-01
4.477933466234326199e-01,8.983569074512525177e-01
4.475172695952238655e-01,8.994184704687806509e-01
4.532445775124986365e-01,9.178991311626659710e-01
4.554318472609106272e-01,9.260383431936218823e-01
4.445878401585246498e-01,8.881237678895610443e-01
4.450950849964127043e-01,8.877421942879555328e-01
4.442405316279741112e-01,8.864444233828466801e-01
4.440259551429518448e-01,8.873047226172080526e-01
4.520150804947416501e-01,9.107088164435257482e-01
4.471834542786862210e-01,8.993776120576417732e-01
4.435040160763123462e-01,8.828188518819980457e-01
4.438922026993274983e-01,8.844016347520980981e-01
4.477080812206941096e-01,8.973873318518826858e-01
4.393913306889764003e-01,8.701187527511926589e-01
4.434984407724744671e-01,8.845847685789686166e-01
4.459253994090347506e-01,8.895705232567429066e-01
4.466861091817811991e-01,8.938433931386539077e-01
4.524110730200996411e-01,9.126558582668258257e-01
4.569266626187715175e-01,9.296612221824401834e-01
4.531992883040279474e-01,9.178079972742849701e-01
4.525626716257560855e-01,9.149352485243804622e-01
4.451213943509831905e-01,8.871554069877892745e-01
4.446979624844432100e-01,8.871121475286524172e-01
4.468034907306594472e-01,8.946164066837480888e-01
4.471461362524777328e-01,8.949823855564313924e-01
4.556035363643340941e-01,9.254958515832989452e-01
4.511663433736494699e-01,9.092454165480141626e-01
4.417650019861878441e-01,8.782394049999883157e-01
4.394620489124707596e-01,8.675226073965756068e-01
4.406267950722414506e-01,8.752945241837670753e-01
4.375835573002710976e-01,8.633897606785340129e-01
4.376424866540502001e-01,8.619926992145440225e-01
4.466868437589225915e-01,8.913141009468182885e-01
4.436446853392831402e-01,8.849887114475546435e-01
4.539166577355276955e-01,9.178773579687751205e-01
4.469247534713522430e-01,8.929326926729391767e-01
4.470960547529849727e-01,8.994153657254753131e-01
4.507445671389290198e-01,9.095902841331184874e-01
4.802610670995271502e-01,9.999843133408632401e-01
4.802610670995271502e-01,9.999843133408632401e-01
4.802610670995271502e-01,9.999843133408632401e-01
4.802610670995271502e-01,9.999843133408632401e-01
4.802610670995271502e-01,9.999843133408632401e-01
4.802610670995271502e-01,9.999843133408632401e-01
4.802610670995271502e-01,9.999843133408632401e-01
4.802610670995271502e-01,9.999843133408632401e-01
4.802610670995271502e-01,9.999843133408632401e-01
4.802610670995271502e-01,9.999843133408632401e-01
4.802610670995271502e-01,9.999843133408632401e-01
4.802610670995271502e-01,9.999843133408632401e-01
4.802610670995271502e-01,9.999843133408632401e-01
4.802610670995271502e-01,9.999843133408632401e-01
4.802610670995271502e-01,9.999843133408632401e-01
4.802610670995271502e-01,9.999843133408632401e-01
4.802610670995271502e-01,9.999843133408632401e-01
4.802610670995271502e-01,9.999843133408632401e-01
4.802610670995271502e-01,9.999843133408632401e-01
4.802610670995271502e-01,9.999843133408632401e-01
4.802610670995271502e-01,9.999843133408632401e-01
4.802610670995271502e-01,9.999843133408632401e-01
4.802610670995271502e-01,9.999843133408632401e-01
4.802610670995271502e-01,9.999843133408632401e-01
4.802610670995271502e-01,9.999843133408632401e-01
4.802610670995271502e-01,9.999843133408632401e-01
4.802610670995271502e-01,9.999843133408632401e-01
4.802610670995271502e-01,9.999843133408632401e-01
4.802610670995271502e-01,9.999843133408632401e-01
4.802610670995271502e-01,9.999843133408632401e-01
4.802610670995271502e-01,9.999843133408632401e-01
4.802610670995271502e-01,9.999843133408632401e-01
4.802610670995271502e-01,9.999843133408632401e-01
4.801573544035011576e-01,9.999273615074545374e-01
4.801573544035011576e-01,9.999273615074545374e-01
4.801573544035011576e-01,9.999273615074545374e-01
4.801573544035011576e-01,9.999273615074545374e-01
4.801573544035011576e-01,9.999273615074545374e-01
4.801573544035011576e-01,9.999273615074545374e-01
4.801573544035011576e-01,9.999273615074545374e-01
4.801573544035011576e-01,9.999273615074545374e-01
4.801573544035011576e-01,9.999273615074545374e-01
4.801573544035011576e-01,9.999273615074545374e-01
4.801573544035011576e-01,9.999273615074545374e-01
4.801573544035011576e-01,9.999273615074545374e-01
4.801573544035011576e-01,9.999273615074545374e-01
4.801573544035011576e-01,9.999273615074545374e-01
4.801573544035011576e-01,9.999273615074545374e-01
4.801573544035011576e-01,9.999273615074545374e-01
4.801573544035011576e-01,9.999273615074545374e-01
4.801573544035011576e-01,9.999273615074545374e-01
4.801573544035011576e-01,9.999273615074545374e-01
4.801573544035011576e-01,9.999273615074545374e-01
4.801573544035011576e-01,9.999273615074545374e-01
4.801573544035011576e-01,9.999273615074545374e-01
4.801573544035011576e-01,9.999273615074545374e-01
4.801573544035011576e-01,9.999273615074545374e-01
4.801573544035011576e-01,9.999273615074545374e-01
4.801573544035011576e-01,9.999273615074545374e-01
4.801573544035011576e-01,9.999273615074545374e-01
4.801573544035011576e-01,9.999273615074545374e-01
4.801573544035011576e-01,9.999273615074545374e-01
4.801573544035011576e-01,9.999273615074545374e-01
4.801573544035011576e-01,9.999273615074545374e-01
4.801573544035011576e-01,9.999273615074545374e-01
4.801573544035011576e-01,9.999273615074545374e-01
4.801573544035011576e-01,9.999273615074545374e-01
4.801573544035011576e-01,9.999273615074545374e-01
4.801573544035011576e-01,9.999273615074545374e-01
4.801573544035011576e-01,9.999273615074545374e-01
4.801573544035011576e-01,9.999273615074545374e-01
4.801573544035011576e-01,9.999273615074545374e-01
4.801573544035011576e-01,9.999273615074545374e-01
4.801573544035011576e-01,9.999273615074545374e-01
4.801573544035011576e-01,9.999273615074545374e-01
4.801573544035011576e-01,9.999273615074545374e-01
4.801573544035011576e-01,9.999273615074545374e-01
4.801573544035011576e-01,9.999273615074545374e-01
4.801573544035011576e-01,9.999273615074545374e-01
4.801573544035011576e-01,9.999273615074545374e-01
4.801573544035011576e-01,9.999273615074545374e-01
4.801573544035011576e-01,9.999273615074545374e-01
4.801573544035011576e-01,9.999273615074545374e-01
4.801573544035011576e-01,9.999273615074545374e-01
4.801573544035011576e-01,9.999273615074545374e-01
4.801573544035011576e-01,9.999273615074545374e-01
4.801573544035011576e-01,9.999273615074545374e-01
4.801573544035011576e-01,9.999273615074545374e-01
4.800340657904569319e-01,9.999214807146370454e-01
4.801038567666231494e-01,9.997476707169172805e-01
4.803654774350616941e-01,9.999889899490621570e-01
4.803654774350616941e-01,9.999889899490621570e-01
4.803654774350616941e-01,9.999889899490621570e-01
4.803654774350616941e-01,9.999889899490621570e-01
4.803654774350616941e-01,9.999889899490621570e-01
4.803654774350616941e-01,9.999889899490621570e-01
4.803654774350616941e-01,9.999889899490621570e-01
4.803654774350616941e-01,9.999889899490621570e-01
4.803654774350616941e-01,9.999889899490621570e-01
4.803654774350616941e-01,9.999889899490621570e-01
4.801897070703765591e-01,9.995840010129586339e-01
4.800857735570522311e-01,9.994456794844658321e-01
4.800857735570522311e-01,9.994456794844658321e-01
4.800857735570522311e-01,9.994456794844658321e-01
4.800857735570522311e-01,9.994456794844658321e-01
4.800857735570522311e-01,9.994456794844658321e-01
4.800857735570522311e-01,9.994456794844658321e-01
4.800857735570522311e-01,9.994456794844658321e-01
4.800857735570522311e-01,9.994456794844658321e-01
4.803952917881149642e-01,9.999693848835915500e-01
4.802429555522018667e-01,9.994448266346290799e-01
4.802429555522018667e-01,9.994448266346290799e-01
4.800724466460977724e-01,9.994389558576967092e-01
4.800724466460977724e-01,9.994389558576967092e-01
4.800724466460977724e-01,9.994389558576967092e-01
4.800724466460977724e-01,9.994389558576967092e-01
4.800724466460977724e-01,9.994389558576967092e-01
4.800724466460977724e-01,9.994389558576967092e-01
4.801929564193949118e-01,9.997242175557530253e-01
4.801929564193949118e-01,9.997242175557530253e-01
4.801929564193949118e-01,9.997242175557530253e-01
4.801929564193949118e-01,9.997242175557530253e-01
4.801929564193949118e-01,9.997242175557530253e-01
4.801929564193949118e-01,9.997242175557530253e-01
4.801929564193949118e-01,9.997242175557530253e-01
4.801929564193949118e-01,9.997242175557530253e-01
4.801929564193949118e-01,9.997242175557530253e-01
4.801929564193949118e-01,9.997242175557530253e-01
4.801929564193949118e-01,9.997242175557530253e-01
4.801929564193949118e-01,9.997242175557530253e-01
4.801929564193949118e-01,9.997242175557530253e-01
4.801929564193949118e-01,9.997242175557530253e-01
4.801929564193949118e-01,9.997242175557530253e-01
4.801929564193949118e-01,9.997242175557530253e-01
4.801929564193949118e-01,9.997242175557530253e-01
4.801929564193949118e-01,9.997242175557530253e-01
4.801929564193949118e-01,9.997242175557530253e-01
4.801929564193949118e-01,9.997242175557530253e-01
4.801929564193949118e-01,9.997242175557530253e-01
4.801929564193949118e-01,9.997242175557530253e-01
4.801929564193949118e-01,9.997242175557530253e-01
4.801929564193949118e-01,9.997242175557530253e-01
4.801929564193949118e-01,9.997242175557530253e-01
4.801929564193949118e-01,9.997242175557530253e-01
4.801929564193949118e-01,9.997242175557530253e-01
4.801929564193949118e-01,9.997242175557530253e-01
4.801929564193949118e-01,9.997242175557530253e-01
4.801929564193949118e-01,9.997242175557530253e-01
4.801929564193949118e-01,9.997242175557530253e-01
4.801929564193949118e-01,9.997242175557530253e-01
4.801929564193949118e-01,9.997242175557530253e-01
4.801929564193949118e-01,9.997242175557530253e-01
4.801929564193949118e-01,9.997242175557530253e-01
4.801929564193949118e-01,9.997242175557530253e-01
4.801929564193949118e-01,9.997242175557530253e-01
4.801929564193949118e-01,9.997242175557530253e-01
4.801929564193949118e-01,9.997242175557530253e-01
4.801929564193949118e-01,9.997242175557530253e-01
4.801929564193949118e-01,9.997242175557530253e-01
4.801929564193949118e-01,9.997242175557530253e-01
4.801929564193949118e-01,9.997242175557530253e-01
4.801929564193949118e-01,9.997242175557530253e-01
4.801929564193949118e-01,9.997242175557530253e-01
4.801929564193949118e-01,9.997242175557530253e-01
4.801929564193949118e-01,9.997242175557530253e-01
4.801929564193949118e-01,9.997242175557530253e-01
4.801929564193949118e-01,9.997242175557530253e-01
4.801929564193949118e-01,9.997242175557530253e-01
4.801929564193949118e-01,9.997242175557530253e-01
4.801929564193949118e-01,9.997242175557530253e-01
4.801929564193949118e-01,9.997242175557530253e-01
4.801929564193949118e-01,9.997242175557530253e-01
4.801929564193949118e-01,9.997242175557530253e-01
4.801929564193949118e-01,9.997242175557530253e-01
4.801929564193949118e-01,9.997242175557530253e-01
4.801929564193949118e-01,9.997242175557530253e-01
4.801929564193949118e-01,9.997242175557530253e-01
4.801929564193949118e-01,9.997242175557530253e-01
4.801929564193949118e-01,9.997242175557530253e-01
4.801929564193949118e-01,9.997242175557530253e-01
4.801929564193949118e-01,9.997242175557530253e-01
4.801929564193949118e-01,9.997242175557530253e-01
4.801929564193949118e-01,9.997242175557530253e-01
4.801929564193949118e-01,9.997242175557530253e-01
4.801929564193949118e-01,9.997242175557530253e-01
4.801929564193949118e-01,9.997242175557530253e-01
4.801929564193949118e-01,9.997242175557530253e-01
4.801929564193949118e-01,9.997242175557530253e-01
4.801929564193949118e-01,9.997242175557530253e-01
4.801929564193949118e-01,9.997242175557530253e-01
4.801929564193949118e-01,9.997242175557530253e-01
4.801929564193949118e-01,9.997242175557530253e-01
4.801929564193949118e-01,9.997242175557530253e-01
4.801929564193949118e-01,9.997242175557530253e-01
4.801929564193949118e-01,9.997242175557530253e-01
4.801929564193949118e-01,9.997242175557530253e-01
4.801929564193949118e-01,9.997242175557530253e-01
4.801929564193949118e-01,9.997242175557530253e-01
4.801929564193949118e-01,9.997242175557530253e-01
4.801929564193949118e-01,9.997242175557530253e-01
4.801316080358136729e-01,9.998012155549461655e-01
4.801316080358136729e-01,9.998012155549461655e-01
4.801316080358136729e-01,9.998012155549461655e-01
4.801316080358136729e-01,9.998012155549461655e-01
4.801316080358136729e-01,9.998012155549461655e-01
4.801316080358136729e-01,9.998012155549461655e-01
4.801316080358136729e-01,9.998012155549461655e-01
4.801316080358136729e-01,9.998012155549461655e-01
4.801316080358136729e-01,9.998012155549461655e-01
4.801316080358136729e-01,9.998012155549461655e-01
4.801316080358136729e-01,9.998012155549461655e-01
4.801316080358136729e-01,9.998012155549461655e-01
4.801316080358136729e-01,9.998012155549461655e-01
4.801316080358136729e-01,9.998012155549461655e-01
4.801316080358136729e-01,9.998012155549461655e-01
4.801316080358136729e-01,9.998012155549461655e-01
4.801316080358136729e-01,9.998012155549461655e-01
4.801316080358136729e-01,9.998012155549461655e-01
4.801316080358136729e-01,9.998012155549461655e-01
4.801316080358136729e-01,9.998012155549461655e-01
4.801316080358136729e-01,9.998012155549461655e-01
4.802119490599149332e-01,9.998938247682872538e-01
4.802119490599149332e-01,9.998938247682872538e-01
4.802119490599149332e-01,9.998938247682872538e-01
4.802119490599149332e-01,9.998938247682872538e-01
4.802119490599149332e-01,9.998938247682872538e-01
4.802119490599149332e-01,9.998938247682872538e-01
4.802119490599149332e-01,9.998938247682872538e-01
4.802119490599149332e-01,9.998938247682872538e-01
4.802119490599149332e-01,9.998938247682872538e-01
4.802119490599149332e-01,9.998938247682872538e-01
4.802119490599149332e-01,9.998938247682872538e-01
4.802119490599149332e-01,9.998938247682872538e-01
4.802119490599149332e-01,9.998938247682872538e-01
4.802119490599149332e-01,9.998938247682872538e-01
4.802119490599149332e-01,9.998938247682872538e-01
4.802119490599149332e-01,9.998938247682872538e-01
4.802119490599149332e-01,9.998938247682872538e-01
4.802119490599149332e-01,9.998938247682872538e-01
4.802119490599149332e-01,9.998938247682872538e-01
4.802119490599149332e-01,9.998938247682872538e-01
4.802119490599149332e-01,9.998938247682872538e-01
4.802119490599149332e-01,9.998938247682872538e-01
4.802119490599149332e-01,9.998938247682872538e-01
4.802119490599149332e-01,9.998938247682872538e-01
4.802119490599149332e-01,9.998938247682872538e-01
4.802119490599149332e-01,9.998938247682872538e-01
4.802119490599149332e-01,9.998938247682872538e-01
4.802119490599149332e-01,9.998938247682872538e-01
4.802119490599149332e-01,9.998938247682872538e-01
4.802119490599149332e-01,9.998938247682872538e-01
4.802119490599149332e-01,9.998938247682872538e-01
4.802119490599149332e-01,9.998938247682872538e-01
4.802119490599149332e-01,9.998938247682872538e-01
4.802119490599149332e-01,9.998938247682872538e-01
4.802119490599149332e-01,9.998938247682872538e-01
4.802119490599149332e-01,9.998938247682872538e-01
4.802119490599149332e-01,9.998938247682872538e-01
4.802119490599149332e-01,9.998938247682872538e-01
4.802119490599149332e-01,9.998938247682872538e-01
4.802119490599149332e-01,9.998938247682872538e-01
4.802119490599149332e-01,9.998938247682872538e-01
4.802119490599149332e-01,9.998938247682872538e-01
4.802119490599149332e-01,9.998938247682872538e-01
4.802119490599149332e-01,9.998938247682872538e-01
4.802119490599149332e-01,9.998938247682872538e-01
4.802119490599149332e-01,9.998938247682872538e-01
4.802119490599149332e-01,9.998938247682872538e-01
4.802119490599149332e-01,9.998938247682872538e-01
4.802119490599149332e-01,9.998938247682872538e-01
4.802119490599149332e-01,9.998938247682872538e-01
4.802119490599149332e-01,9.998938247682872538e-01
4.802119490599149332e-01,9.998938247682872538e-01
4.802119490599149332e-01,9.998938247682872538e-01
4.802119490599149332e-01,9.998938247682872538e-01
4.802119490599149332e-01,9.998938247682872538e-01
4.802119490599149332e-01,9.998938247682872538e-01
4.802119490599149332e-01,9.998938247682872538e-01
4.802119490599149332e-01,9.998938247682872538e-01
4.802119490599149332e-01,9.998938247682872538e-01
4.802119490599149332e-01,9.998938247682872538e-01
4.802119490599149332e-01,9.998938247682872538e-01
4.802119490599149332e-01,9.998938247682872538e-01
4.802119490599149332e-01,9.998938247682872538e-01
4.802119490599149332e-01,9.998938247682872538e-01
4.802119490599149332e-01,9.998938247682872538e-01
4.802119490599149332e-01,9.998938247682872538e-01
4.802119490599149332e-01,9.998938247682872538e-01
4.802119490599149332e-01,9.998938247682872538e-01
4.802119490599149332e-01,9.998938247682872538e-01
4.802119490599149332e-01,9.998938247682872538e-01
4.802119490599149332e-01,9.998938247682872538e-01
4.802119490599149332e-01,9.998938247682872538e-01
4.802119490599149332e-01,9.998938247682872538e-01
4.802119490599149332e-01,9.998938247682872538e-01
4.802119490599149332e-01,9.998938247682872538e-01
4.802119490599149332e-01,9.998938247682872538e-01
4.802119490599149332e-01,9.998938247682872538e-01
4.802119490599149332e-01,9.998938247682872538e-01
4.802119490599149332e-01,9.998938247682872538e-01
4.801690838715789722e-01,9.998367492241507781e-01
4.801690838715789722e-01,9.998367492241507781e-01
4.801690838715789722e-01,9.998367492241507781e-01
4.801690838715789722e-01,9.998367492241507781e-01
4.801690838715789722e-01,9.998367492241507781e-01
4.801690838715789722e-01,9.998367492241507781e-01
4.801690838715789722e-01,9.998367492241507781e-01
4.800877281599092439e-01,9.999605120382580870e-01
4.800877281599092439e-01,9.999605120382580870e-01
4.800877281599092439e-01,9.999605120382580870e-01
4.800877281599092439e-01,9.999605120382580870e-01
4.800877281599092439e-01,9.999605120382580870e-01
4.800877281599092439e-01,9.999605120382580870e-01
4.800877281599092439e-01,9.999605120382580870e-01
4.800877281599092439e-01,9.999605120382580870e-01
4.800877281599092439e-01,9.999605120382580870e-01
4.800877281599092439e-01,9.999605120382580870e-01
4.800877281599092439e-01,9.999605120382580870e-01
4.800877281599092439e-01,9.999605120382580870e-01
4.800877281599092439e-01,9.999605120382580870e-01
4.800877281599092439e-01,9.999605120382580870e-01
4.800877281599092439e-01,9.999605120382580870e-01
4.800877281599092439e-01,9.999605120382580870e-01
4.800877281599092439e-01,9.999605120382580870e-01
4.800877281599092439e-01,9.999605120382580870e-01
4.800877281599092439e-01,9.999605120382580870e-01
4.800877281599092439e-01,9.999605120382580870e-01
4.800877281599092439e-01,9.999605120382580870e-01
4.800877281599092439e-01,9.999605120382580870e-01
4.800877281599092439e-01,9.999605120382580870e-01
4.800877281599092439e-01,9.999605120382580870e-01
4.800877281599092439e-01,9.999605120382580870e-01
4.800877281599092439e-01,9.999605120382580870e-01
4.800877281599092439e-01,9.999605120382580870e-01
4.800877281599092439e-01,9.999605120382580870e-01
4.800877281599092439e-01,9.999605120382580870e-01
4.800877281599092439e-01,9.999605120382580870e-01
4.800877281599092439e-01,9.999605120382580870e-01
4.800877281599092439e-01,9.999605120382580870e-01
4.800877281599092439e-01,9.999605120382580870e-01
4.800877281599092439e-01,9.999605120382580870e-01
4.800877281599092439e-01,9.999605120382580870e-01
4.800877281599092439e-01,9.999605120382580870e-01
4.800877281599092439e-01,9.999605120382580870e-01
4.800877281599092439e-01,9.999605120382580870e-01
4.800877281599092439e-01,9.999605120382580870e-01
4.800877281599092439e-01,9.999605120382580870e-01
4.800877281599092439e-01,9.999605120382580870e-01
4.800877281599092439e-01,9.999605120382580870e-01
4.800877281599092439e-01,9.999605120382580870e-01
4.800877281599092439e-01,9.999605120382580870e-01
4.800877281599092439e-01,9.999605120382580870e-01
4.800877281599092439e-01,9.999605120382580870e-01
4.800877281599092439e-01,9.999605120382580870e-01
4.800877281599092439e-01,9.999605120382580870e-01
4.800877281599092439e-01,9.999605120382580870e-01
4.800877281599092439e-01,9.999605120382580870e-01
4.800877281599092439e-01,9.999605120382580870e-01
4.800877281599092439e-01,9.999605120382580870e-01
4.800877281599092439e-01,9.999605120382580870e-01
4.800877281599092439e-01,9.999605120382580870e-01
4.800299766768969523e-01,9.997668923167419841e-01
4.800299766768969523e-01,9.997668923167419841e-01
4.800299766768969523e-01,9.997668923167419841e-01
4.800299766768969523e-01,9.997668923167419841e-01
4.800299766768969523e-01,9.997668923167419841e-01
4.800299766768969523e-01,9.997668923167419841e-01
4.800299766768969523e-01,9.997668923167419841e-01
4.800299766768969523e-01,9.997668923167419841e-01
4.800299766768969523e-01,9.997668923167419841e-01
4.800299766768969523e-01,9.997668923167419841e-01
4.800299766768969523e-01,9.997668923167419841e-01
4.800299766768969523e-01,9.997668923167419841e-01
4.800299766768969523e-01,9.997668923167419841e-01
4.800299766768969523e-01,9.997668923167419841e-01
4.800299766768969523e-01,9.997668923167419841e-01
4.800299766768969523e-01,9.997668923167419841e-01
4.800299766768969523e-01,9.997668923167419841e-01
4.800299766768969523e-01,9.997668923167419841e-01
4.800299766768969523e-01,9.997668923167419841e-01
4.800299766768969523e-01,9.997668923167419841e-01
4.800299766768969523e-01,9.997668923167419841e-01
4.800299766768969523e-01,9.997668923167419841e-01
4.800299766768969523e-01,9.997668923167419841e-01
4.800299766768969523e-01,9.997668923167419841e-01
4.800299766768969523e-01,9.997668923167419841e-01
4.800299766768969523e-01,9.997668923167419841e-01
4.800299766768969523e-01,9.997668923167419841e-01
4.800299766768969523e-01,9.997668923167419841e-01
4.800299766768969523e-01,9.997668923167419841e-01
4.799268646365498214e-01,9.994936202744085785e-01
4.799268646365498214e-01,9.994936202744085785e-01
4.799268646365498214e-01,9.994936202744085785e-01
4.799268646365498214e-01,9.994936202744085785e-01
4.799268646365498214e-01,9.994936202744085785e-01
4.800892995854251777e-01,9.999408414350886565e-01
4.800892995854251777e-01,9.999408414350886565e-01
4.800892995854251777e-01,9.999408414350886565e-01
4.800892995854251777e-01,9.999408414350886565e-01
4.800892995854251777e-01,9.999408414350886565e-01
4.801548302434744397e-01,9.999260986118069239e-01
4.801548302434744397e-01,9.999260986118069239e-01
4.801548302434744397e-01,9.999260986118069239e-01
4.801548302434744397e-01,9.999260986118069239e-01
4.801548302434744397e-01,9.999260986118069239e-01
4.801548302434744397e-01,9.999260986118069239e-01
4.801548302434744397e-01,9.999260986118069239e-01
4.801548302434744397e-01,9.999260986118069239e-01
4.801548302434744397e-01,9.999260986118069239e-01
4.801548302434744397e-01,9.999260986118069239e-01
4.801548302434744397e-01,9.999260986118069239e-01
4.801548302434744397e-01,9.999260986118069239e-01
4.801548302434744397e-01,9.999260986118069239e-01
4.801548302434744397e-01,9.999260986118069239e-01
4.801548302434744397e-01,9.999260986118069239e-01
4.801548302434744397e-01,9.999260986118069239e-01
4.801548302434744397e-01,9.999260986118069239e-01
4.801548302434744397e-01,9.999260986118069239e-01
4.801548302434744397e-01,9.999260986118069239e-01
4.801548302434744397e-01,9.999260986118069239e-01
4.801548302434744397e-01,9.999260986118069239e-01
4.801548302434744397e-01,9.999260986118069239e-01
4.801548302434744397e-01,9.999260986118069239e-01
4.801548302434744397e-01,9.999260986118069239e-01
4.801548302434744397e-01,9.999260986118069239e-01
4.801548302434744397e-01,9.999260986118069239e-01
4.801548302434744397e-01,9.999260986118069239e-01
4.801548302434744397e-01,9.999260986118069239e-01
4.801548302434744397e-01,9.999260986118069239e-01
4.801548302434744397e-01,9.999260986118069239e-01
4.801548302434744397e-01,9.999260986118069239e-01
4.801548302434744397e-01,9.999260986118069239e-01
4.801548302434744397e-01,9.999260986118069239e-01
4.801038464446406029e-01,9.997770050789970275e-01
4.801038464446406029e-01,9.997770050789970275e-01
4.801038464446406029e-01,9.997770050789970275e-01
4.801038464446406029e-01,9.997770050789970275e-01
4.801038464446406029e-01,9.997770050789970275e-01
4.801038464446406029e-01,9.997770050789970275e-01
4.801038464446406029e-01,9.997770050789970275e-01
4.801038464446406029e-01,9.997770050789970275e-01
4.801038464446406029e-01,9.997770050789970275e-01
4.801038464446406029e-01,9.997770050789970275e-01
4.801038464446406029e-01,9.997770050789970275e-01
4.801038464446406029e-01,9.997770050789970275e-01
4.801038464446406029e-01,9.997770050789970275e-01
4.801038464446406029e-01,9.997770050789970275e-01
4.801038464446406029e-01,9.997770050789970275e-01
4.801038464446406029e-01,9.997770050789970275e-01
4.801038464446406029e-01,9.997770050789970275e-01
4.801038464446406029e-01,9.997770050789970275e-01
4.801038464446406029e-01,9.997770050789970275e-01
4.801038464446406029e-01,9.997770050789970275e-01
4.801038464446406029e-01,9.997770050789970275e-01
4.801038464446406029e-01,9.997770050789970275e-01
4.801038464446406029e-01,9.997770050789970275e-01
4.801038464446406029e-01,9.997770050789970275e-01
4.801038464446406029e-01,9.997770050789970275e-01
4.801038464446406029e-01,9.997770050789970275e-01
4.801038464446406029e-01,9.997770050789970275e-01
4.801038464446406029e-01,9.997770050789970275e-01
4.801038464446406029e-01,9.997770050789970275e-01
4.802878942097172921e-01,9.997176483492258292e-01
4.802878942097172921e-01,9.997176483492258292e-01
4.802878942097172921e-01,9.997176483492258292e-01
4.802878942097172921e-01,9.997176483492258292e-01
4.802878942097172921e-01,9.997176483492258292e-01
4.802878942097172921e-01,9.997176483492258292e-01
4.802878942097172921e-01,9.997176483492258292e-01
4.802878942097172921e-01,9.997176483492258292e-01
4.800897154953052137e-01,9.999053509813495833e-01
4.800897154953052137e-01,9.999053509813495833e-01
4.800897154953052137e-01,9.999053509813495833e-01
4.800897154953052137e-01,9.999053509813495833e-01
4.800897154953052137e-01,9.999053509813495833e-01
4.800897154953052137e-01,9.999053509813495833e-01
4.800897154953052137e-01,9.999053509813495833e-01
4.800544835628964280e-01,9.997562761979541524e-01
4.800544835628964280e-01,9.997562761979541524e-01
4.800544835628964280e-01,9.997562761979541524e-01
4.800544835628964280e-01,9.997562761979541524e-01
4.800544835628964280e-01,9.997562761979541524e-01
4.800544835628964280e-01,9.997562761979541524e-01
4.800544835628964280e-01,9.997562761979541524e-01
4.801369698455574264e-01,9.998230305126840634e-01
4.801369698455574264e-01,9.998230305126840634e-01
4.801369698455574264e-01,9.998230305126840634e-01
4.801369698455574264e-01,9.998230305126840634e-01
4.801369698455574264e-01,9.998230305126840634e-01
4.801369698455574264e-01,9.998230305126840634e-01
4.801369698455574264e-01,9.998230305126840634e-01
4.801369698455574264e-01,9.998230305126840634e-01
4.801369698455574264e-01,9.998230305126840634e-01
4.801369698455574264e-01,9.998230305126840634e-01
4.801369698455574264e-01,9.998230305126840634e-01
4.801369698455574264e-01,9.998230305126840634e-01
4.801369698455574264e-01,9.998230305126840634e-01
4.801369698455574264e-01,9.998230305126840634e-01
4.801369698455574264e-01,9.998230305126840634e-01
4.801369698455574264e-01,9.998230305126840634e-01
4.803146975497559756e-01,9.999871909071145204e-01
4.803146975497559756e-01,9.999871909071145204e-01
4.803146975497559756e-01,9.999871909071145204e-01
4.803146975497559756e-01,9.999871909071145204e-01
4.803146975497559756e-01,9.999871909071145204e-01
4.803146975497559756e-01,9.999871909071145204e-01
4.803146975497559756e-01,9.999871909071145204e-01
4.803146975497559756e-01,9.999871909071145204e-01
4.803146975497559756e-01,9.999871909071145204e-01
4.803146975497559756e-01,9.999871909071145204e-01
4.803146975497559756e-01,9.999871909071145204e-01
4.803146975497559756e-01,9.999871909071145204e-01
4.803146975497559756e-01,9.999871909071145204e-01
4.803146975497559756e-01,9.999871909071145204e-01
4.803146975497559756e-01,9.999871909071145204e-01
4.803146975497559756e-01,9.999871909071145204e-01
4.803146975497559756e-01,9.999871909071145204e-01
4.803146975497559756e-01,9.999871909071145204e-01
4.803146975497559756e-01,9.999871909071145204e-01
4.803146975497559756e-01,9.999871909071145204e-01
4.803146975497559756e-01,9.999871909071145204e-01
4.803146975497559756e-01,9.999871909071145204e-01
4.803146975497559756e-01,9.999871909071145204e-01
4.803146975497559756e-01,9.999871909071145204e-01
4.803084439533967798e-01,9.999562094819501867e-01
4.803084439533967798e-01,9.999562094819501867e-01
4.802017406681975409e-01,9.998190551098320444e-01
4.802017406681975409e-01,9.998190551098320444e-01
4.802017406681975409e-01,9.998190551098320444e-01
4.802017406681975409e-01,9.998190551098320444e-01
4.802017406681975409e-01,9.998190551098320444e-01
4.802017406681975409e-01,9.998190551098320444e-01
4.802017406681975409e-01,9.998190551098320444e-01
4.802017406681975409e-01,9.998190551098320444e-01
4.802017406681975409e-01,9.998190551098320444e-01
4.802017406681975409e-01,9.998190551098320444e-01
4.802017406681975409e-01,9.998190551098320444e-01
4.802017406681975409e-01,9.998190551098320444e-01
4.802017406681975409e-01,9.998190551098320444e-01
4.802017406681975409e-01,9.998190551098320444e-01
4.802017406681975409e-01,9.998190551098320444e-01
4.802017406681975409e-01,9.998190551098320444e-01
4.802017406681975409e-01,9.998190551098320444e-01
4.802017406681975409e-01,9.998190551098320444e-01
4.802017406681975409e-01,9.998190551098320444e-01
4.802017406681975409e-01,9.998190551098320444e-01
4.802017406681975409e-01,9.998190551098320444e-01
4.802017406681975409e-01,9.998190551098320444e-01
4.802017406681975409e-01,9.998190551098320444e-01
4.802017406681975409e-01,9.998190551098320444e-01
4.802017406681975409e-01,9.998190551098320444e-01
4.802017406681975409e-01,9.998190551098320444e-01
4.802017406681975409e-01,9.998190551098320444e-01
4.802017406681975409e-01,9.998190551098320444e-01
4.802017406681975409e-01,9.998190551098320444e-01
4.802017406681975409e-01,9.998190551098320444e-01
4.802017406681975409e-01,9.998190551098320444e-01
4.803969921050592617e-01,9.999323470636249933e-01
4.803969921050592617e-01,9.999323470636249933e-01
4.803969921050592617e-01,9.999323470636249933e-01
4.803161034893957404e-01,9.997688183047656052e-01
4.803161034893957404e-01,9.997688183047656052e-01
4.803161034893957404e-01,9.997688183047656052e-01
4.803161034893957404e-01,9.997688183047656052e-01
4.803161034893957404e-01,9.997688183047656052e-01
4.803161034893957404e-01,9.997688183047656052e-01
4.803161034893957404e-01,9.997688183047656052e-01
4.803161034893957404e-01,9.997688183047656052e-01
4.803161034893957404e-01,9.997688183047656052e-01
4.803161034893957404e-01,9.997688183047656052e-01
4.803161034893957404e-01,9.997688183047656052e-01
4.803161034893957404e-01,9.997688183047656052e-01
4.803161034893957404e-01,9.997688183047656052e-01
4.803161034893957404e-01,9.997688183047656052e-01
4.803161034893957404e-01,9.997688183047656052e-01
4.803161034893957404e-01,9.997688183047656052e-01
4.803161034893957404e-01,9.997688183047656052e-01
4.803161034893957404e-01,9.997688183047656052e-01
4.803161034893957404e-01,9.997688183047656052e-01
4.803161034893957404e-01,9.997688183047656052e-01
4.803161034893957404e-01,9.997688183047656052e-01
4.803161034893957404e-01,9.997688183047656052e-01
4.802025588957398172e-01,9.997801331831862592e-01
4.802025588957398172e-01,9.997801331831862592e-01
4.802025588957398172e-01,9.997801331831862592e-01
4.802025588957398172e-01,9.997801331831862592e-01
4.802025588957398172e-01,9.997801331831862592e-01
4.802025588957398172e-01,9.997801331831862592e-01
4.802025588957398172e-01,9.997801331831862592e-01
4.802025588957398172e-01,9.997801331831862592e-01
4.802025588957398172e-01,9.997801331831862592e-01
4.802025588957398172e-01,9.997801331831862592e-01
4.802025588957398172e-01,9.997801331831862592e-01
4.802025588957398172e-01,9.997801331831862592e-01
4.802025588957398172e-01,9.997801331831862592e-01
4.802025588957398172e-01,9.997801331831862592e-01
4.801020028469872303e-01,9.998740618544523784e-01
4.801020028469872303e-01,9.998740618544523784e-01
4.801020028469872303e-01,9.998740618544523784e-01
4.801020028469872303e-01,9.998740618544523784e-01
4.799794138243004271e-01,9.993711410102277259e-01
4.800028795281566230e-01,9.993956995623880513e-01
4.800028795281566230e-01,9.993956995623880513e-01
4.800028795281566230e-01,9.993956995623880513e-01
4.800028795281566230e-01,9.993956995623880513e-01
4.800028795281566230e-01,9.993956995623880513e-01
4.800028795281566230e-01,9.993956995623880513e-01
4.800028795281566230e-01,9.993956995623880513e-01
4.800028795281566230e-01,9.993956995623880513e-01
4.800028795281566230e-01,9.993956995623880513e-01
4.800028795281566230e-01,9.993956995623880513e-01
4.800028795281566230e-01,9.993956995623880513e-01
4.800028795281566230e-01,9.993956995623880513e-01
4.800028795281566230e-01,9.993956995623880513e-01
4.800028795281566230e-01,9.993956995623880513e-01
4.800028795281566230e-01,9.993956995623880513e-01
4.800028795281566230e-01,9.993956995623880513e-01
4.800028795281566230e-01,9.993956995623880513e-01
4.800028795281566230e-01,9.993956995623880513e-01
4.801583511459743825e-01,9.995597881698163878e-01
4.801583511459743825e-01,9.995597881698163878e-01
4.801583511459743825e-01,9.995597881698163878e-01
4.801583511459743825e-01,9.995597881698163878e-01
4.801583511459743825e-01,9.995597881698163878e-01
4.801583511459743825e-01,9.995597881698163878e-01
4.801583511459743825e-01,9.995597881698163878e-01
4.801583511459743825e-01,9.995597881698163878e-01
4.801583511459743825e-01,9.995597881698163878e-01
4.799271366619519696e-01,9.996346759599759046e-01
4.801370648574170841e-01,9.995777776814278592e-01
4.801370648574170841e-01,9.995777776814278592e-01
4.801370648574170841e-01,9.995777776814278592e-01
4.801370648574170841e-01,9.995777776814278592e-01
4.801370648574170841e-01,9.995777776814278592e-01
4.801370648574170841e-01,9.995777776814278592e-01
4.801296666889174891e-01,9.996005312188954717e-01
4.801296666889174891e-01,9.996005312188954717e-01
4.801296666889174891e-01,9.996005312188954717e-01
4.801296666889174891e-01,9.996005312188954717e-01
4.801296666889174891e-01,9.996005312188954717e-01
4.801296666889174891e-01,9.996005312188954717e-01
4.801296666889174891e-01,9.996005312188954717e-01
4.801296666889174891e-01,9.996005312188954717e-01
4.801296666889174891e-01,9.996005312188954717e-01
4.801296666889174891e-01,9.996005312188954717e-01
4.801296666889174891e-01,9.996005312188954717e-01
4.801296666889174891e-01,9.996005312188954717e-01
4.801296666889174891e-01,9.996005312188954717e-01
4.801296666889174891e-01,9.996005312188954717e-01
4.801296666889174891e-01,9.996005312188954717e-01
4.801296666889174891e-01,9.996005312188954717e-01
4.801296666889174891e-01,9.996005312188954717e-01
4.801697255002853049e-01,9.996480164860147566e-01
4.801697255002853049e-01,9.996480164860147566e-01
4.801697255002853049e-01,9.996480164860147566e-01
4.801697255002853049e-01,9.996480164860147566e-01
4.801697255002853049e-01,9.996480164860147566e-01
4.801697255002853049e-01,9.996480164860147566e-01
4.801697255002853049e-01,9.996480164860147566e-01
4.801697255002853049e-01,9.996480164860147566e-01
4.801697255002853049e-01,9.996480164860147566e-01
4.801697255002853049e-01,9.996480164860147566e-01
4.801697255002853049e-01,9.996480164860147566e-01
4.801697255002853049e-01,9.996480164860147566e-01
4.801697255002853049e-01,9.996480164860147566e-01
4.801697255002853049e-01,9.996480164860147566e-01
4.801697255002853049e-01,9.996480164860147566e-01
4.801697255002853049e-01,9.996480164860147566e-01
4.801697255002853049e-01,9.996480164860147566e-01
4.801697255002853049e-01,9.996480164860147566e-01
4.801697255002853049e-01,9.996480164860147566e-01
4.801697255002853049e-01,9.996480164860147566e-01
4.801697255002853049e-01,9.996480164860147566e-01
4.801697255002853049e-01,9.996480164860147566e-01
4.801697255002853049e-01,9.996480164860147566e-01
4.801697255002853049e-01,9.996480164860147566e-01
4.801697255002853049e-01,9.996480164860147566e-01
4.801697255002853049e-01,9.996480164860147566e-01
4.801697255002853049e-01,9.996480164860147566e-01
4.801697255002853049e-01,9.996480164860147566e-01
4.801697255002853049e-01,9.996480164860147566e-01
4.801697255002853049e-01,9.996480164860147566e-01
4.801697255002853049e-01,9.996480164860147566e-01
4.801697255002853049e-01,9.996480164860147566e-01
4.801697255002853049e-01,9.996480164860147566e-01
4.801697255002853049e-01,9.996480164860147566e-01
4.801697255002853049e-01,9.996480164860147566e-01
4.801697255002853049e-01,9.996480164860147566e-01
4.801697255002853049e-01,9.996480164860147566e-01
4.801697255002853049e-01,9.996480164860147566e-01
4.801697255002853049e-01,9.996480164860147566e-01
4.801697255002853049e-01,9.996480164860147566e-01
4.801697255002853049e-01,9.996480164860147566e-01
4.801697255002853049e-01,9.996480164860147566e-01
4.801697255002853049e-01,9.996480164860147566e-01
4.801697255002853049e-01,9.996480164860147566e-01
4.801697255002853049e-01,9.996480164860147566e-01
4.801697255002853049e-01,9.996480164860147566e-01
4.801697255002853049e-01,9.996480164860147566e-01
4.801697255002853049e-01,9.996480164860147566e-01
4.800925187114403747e-01,9.999925681405930078e-01
4.800925187114403747e-01,9.999925681405930078e-01
4.800925187114403747e-01,9.999925681405930078e-01
4.800925187114403747e-01,9.999925681405930078e-01
4.800925187114403747e-01,9.999925681405930078e-01
4.800925187114403747e-01,9.999925681405930078e-01
4.800925187114403747e-01,9.999925681405930078e-01
4.800925187114403747e-01,9.999925681405930078e-01
4.800925187114403747e-01,9.999925681405930078e-01
4.800925187114403747e-01,9.999925681405930078e-01
4.800925187114403747e-01,9.999925681405930078e-01
4.800925187114403747e-01,9.999925681405930078e-01
4.800925187114403747e-01,9.999925681405930078e-01
4.800925187114403747e-01,9.999925681405930078e-01
4.800925187114403747e-01,9.999925681405930078e-01
4.800925187114403747e-01,9.999925681405930078e-01
4.800925187114403747e-01,9.999925681405930078e-01
4.800925187114403747e-01,9.999925681405930078e-01
4.800925187114403747e-01,9.999925681405930078e-01
4.800925187114403747e-01,9.999925681405930078e-01
4.800925187114403747e-01,9.999925681405930078e-01
4.800925187114403747e-01,9.999925681405930078e-01
4.800925187114403747e-01,9.999925681405930078e-01
4.800925187114403747e-01,9.999925681405930078e-01
4.800925187114403747e-01,9.999925681405930078e-01
4.800925187114403747e-01,9.999925681405930078e-01
4.800925187114403747e-01,9.999925681405930078e-01
4.800925187114403747e-01,9.999925681405930078e-01
4.800925187114403747e-01,9.999925681405930078e-01
4.800925187114403747e-01,9.999925681405930078e-01
4.800925187114403747e-01,9.999925681405930078e-01
4.800925187114403747e-01,9.999925681405930078e-01
4.800925187114403747e-01,9.999925681405930078e-01
4.800925187114403747e-01,9.999925681405930078e-01
4.800925187114403747e-01,9.999925681405930078e-01
4.800925187114403747e-01,9.999925681405930078e-01
4.800925187114403747e-01,9.999925681405930078e-01
4.800925187114403747e-01,9.999925681405930078e-01
4.800925187114403747e-01,9.999925681405930078e-01
4.800925187114403747e-01,9.999925681405930078e-01
4.800925187114403747e-01,9.999925681405930078e-01
4.800925187114403747e-01,9.999925681405930078e-01
4.800925187114403747e-01,9.999925681405930078e-01
4.800925187114403747e-01,9.999925681405930078e-01
4.800925187114403747e-01,9.999925681405930078e-01
4.800925187114403747e-01,9.999925681405930078e-01
4.800925187114403747e-01,9.999925681405930078e-01
4.800925187114403747e-01,9.999925681405930078e-01
4.800925187114403747e-01,9.999925681405930078e-01
4.800925187114403747e-01,9.999925681405930078e-01
4.800925187114403747e-01,9.999925681405930078e-01
4.800925187114403747e-01,9.999925681405930078e-01
4.800925187114403747e-01,9.999925681405930078e-01
4.800925187114403747e-01,9.999925681405930078e-01
4.800925187114403747e-01,9.999925681405930078e-01
4.800925187114403747e-01,9.999925681405930078e-01
4.800925187114403747e-01,9.999925681405930078e-01
4.800925187114403747e-01,9.999925681405930078e-01
4.800925187114403747e-01,9.999925681405930078e-01
4.800925187114403747e-01,9.999925681405930078e-01
4.800925187114403747e-01,9.999925681405930078e-01
4.800925187114403747e-01,9.999925681405930078e-01
4.800925187114403747e-01,9.999925681405930078e-01
4.800925187114403747e-01,9.999925681405930078e-01
4.800925187114403747e-01,9.999925681405930078e-01
4.800925187114403747e-01,9.999925681405930078e-01
4.800925187114403747e-01,9.999925681405930078e-01
4.800925187114403747e-01,9.999925681405930078e-01
4.800925187114403747e-01,9.999925681405930078e-01
4.800925187114403747e-01,9.999925681405930078e-01
4.800925187114403747e-01,9.999925681405930078e-01
4.800925187114403747e-01,9.999925681405930078e-01
4.800925187114403747e-01,9.999925681405930078e-01
4.800925187114403747e-01,9.999925681405930078e-01
4.800925187114403747e-01,9.999925681405930078e-01
4.800925187114403747e-01,9.999925681405930078e-01
4.800925187114403747e-01,9.999925681405930078e-01
4.800925187114403747e-01,9.999925681405930078e-01
4.800925187114403747e-01,9.999925681405930078e-01
4.800925187114403747e-01,9.999925681405930078e-01
4.800925187114403747e-01,9.999925681405930078e-01
4.800925187114403747e-01,9.999925681405930078e-01
4.800925187114403747e-01,9.999925681405930078e-01
4.800925187114403747e-01,9.999925681405930078e-01
4.800925187114403747e-01,9.999925681405930078e-01
4.800925187114403747e-01,9.999925681405930078e-01
4.800925187114403747e-01,9.999925681405930078e-01
4.800925187114403747e-01,9.999925681405930078e-01
4.800925187114403747e-01,9.999925681405930078e-01
4.800925187114403747e-01,9.999925681405930078e-01
4.800925187114403747e-01,9.999925681405930078e-01
4.800925187114403747e-01,9.999925681405930078e-01
4.800925187114403747e-01,9.999925681405930078e-01
4.800925187114403747e-01,9.999925681405930078e-01
4.800925187114403747e-01,9.999925681405930078e-01
4.803378649445499415e-01,9.999855397876463714e-01
4.803378649445499415e-01,9.999855397876463714e-01
4.803378649445499415e-01,9.999855397876463714e-01
4.803378649445499415e-01,9.999855397876463714e-01
4.803378649445499415e-01,9.999855397876463714e-01
4.802890933510099991e-01,9.997465812451610256e-01
4.802890933510099991e-01,9.997465812451610256e-01
4.802890933510099991e-01,9.997465812451610256e-01
4.802890933510099991e-01,9.997465812451610256e-01
4.802890933510099991e-01,9.997465812451610256e-01
4.802450020002922981e-01,9.998079095420522311e-01
4.802450020002922981e-01,9.998079095420522311e-01
4.802450020002922981e-01,9.998079095420522311e-01
4.802450020002922981e-01,9.998079095420522311e-01
4.802450020002922981e-01,9.998079095420522311e-01
4.802450020002922981e-01,9.998079095420522311e-01
4.802450020002922981e-01,9.998079095420522311e-01
4.802450020002922981e-01,9.998079095420522311e-01
4.802450020002922981e-01,9.998079095420522311e-01
4.800160332153263210e-01,9.995305233572551185e-01
4.800160332153263210e-01,9.995305233572551185e-01
4.800160332153263210e-01,9.995305233572551185e-01
4.800160332153263210e-01,9.995305233572551185e-01
4.803766228763897694e-01,9.999101205575792184e-01
4.803766228763897694e-01,9.999101205575792184e-01
4.803766228763897694e-01,9.999101205575792184e-01
4.803766228763897694e-01,9.999101205575792184e-01
4.803766228763897694e-01,9.999101205575792184e-01
4.803766228763897694e-01,9.999101205575792184e-01
4.803766228763897694e-01,9.999101205575792184e-01
4.803766228763897694e-01,9.999101205575792184e-01
4.803766228763897694e-01,9.999101205575792184e-01
4.803766228763897694e-01,9.999101205575792184e-01
4.803766228763897694e-01,9.999101205575792184e-01
4.803766228763897694e-01,9.999101205575792184e-01
4.803766228763897694e-01,9.999101205575792184e-01
4.803766228763897694e-01,9.999101205575792184e-01
4.803766228763897694e-01,9.999101205575792184e-01
4.803766228763897694e-01,9.999101205575792184e-01
4.803766228763897694e-01,9.999101205575792184e-01
4.803766228763897694e-01,9.999101205575792184e-01
4.803766228763897694e-01,9.999101205575792184e-01
4.803766228763897694e-01,9.999101205575792184e-01
4.803766228763897694e-01,9.999101205575792184e-01
4.803766228763897694e-01,9.999101205575792184e-01
4.803766228763897694e-01,9.999101205575792184e-01
4.800296223024344555e-01,9.990375994489155698e-01
4.801122944216585364e-01,9.996427969538271840e-01
4.801122944216585364e-01,9.996427969538271840e-01
4.801122944216585364e-01,9.996427969538271840e-01
4.801122944216585364e-01,9.996427969538271840e-01
4.801874416603284512e-01,9.997488684515837276e-01
4.801874416603284512e-01,9.997488684515837276e-01
4.801874416603284512e-01,9.997488684515837276e-01
4.801874416603284512e-01,9.997488684515837276e-01
4.801874416603284512e-01,9.997488684515837276e-01
4.801874416603284512e-01,9.997488684515837276e-01
4.801874416603284512e-01,9.997488684515837276e-01
4.801874416603284512e-01,9.997488684515837276e-01
4.801874416603284512e-01,9.997488684515837276e-01
4.801874416603284512e-01,9.997488684515837276e-01
4.801874416603284512e-01,9.997488684515837276e-01
4.800273393487796691e-01,9.999067591134652710e-01
4.800273393487796691e-01,9.999067591134652710e-01
4.800273393487796691e-01,9.999067591134652710e-01
4.800273393487796691e-01,9.999067591134652710e-01
4.800273393487796691e-01,9.999067591134652710e-01
4.800273393487796691e-01,9.999067591134652710e-01
4.800273393487796691e-01,9.999067591134652710e-01
4.800273393487796691e-01,9.999067591134652710e-01
4.800273393487796691e-01,9.999067591134652710e-01
4.800273393487796691e-01,9.999067591134652710e-01
4.800273393487796691e-01,9.999067591134652710e-01
4.800273393487796691e-01,9.999067591134652710e-01
4.800273393487796691e-01,9.999067591134652710e-01
4.800273393487796691e-01,9.999067591134652710e-01
4.800273393487796691e-01,9.999067591134652710e-01
4.800273393487796691e-01,9.999067591134652710e-01
4.800273393487796691e-01,9.999067591134652710e-01
4.801663830138601652e-01,9.996699893689066085e-01
4.801663830138601652e-01,9.996699893689066085e-01
4.801663830138601652e-01,9.996699893689066085e-01
4.801663830138601652e-01,9.996699893689066085e-01
4.801663830138601652e-01,9.996699893689066085e-01
4.801663830138601652e-01,9.996699893689066085e-01
4.801663830138601652e-01,9.996699893689066085e-01
4.801663830138601652e-01,9.996699893689066085e-01
4.801663830138601652e-01,9.996699893689066085e-01
4.801663830138601652e-01,9.996699893689066085e-01
4.801663830138601652e-01,9.996699893689066085e-01
4.801663830138601652e-01,9.996699893689066085e-01
4.801663830138601652e-01,9.996699893689066085e-01
4.801663830138601652e-01,9.996699893689066085e-01
4.801663830138601652e-01,9.996699893689066085e-01
4.801663830138601652e-01,9.996699893689066085e-01
4.801663830138601652e-01,9.996699893689066085e-01
4.801663830138601652e-01,9.996699893689066085e-01
4.801663830138601652e-01,9.996699893689066085e-01
4.801663830138601652e-01,9.996699893689066085e-01
4.801663830138601652e-01,9.996699893689066085e-01
4.801663830138601652e-01,9.996699893689066085e-01
4.801663830138601652e-01,9.996699893689066085e-01
4.801663830138601652e-01,9.996699893689066085e-01
4.801663830138601652e-01,9.996699893689066085e-01
4.801663830138601652e-01,9.996699893689066085e-01
4.801333216921374603e-01,9.996663454087318934e-01
4.801333216921374603e-01,9.996663454087318934e-01
4.801333216921374603e-01,9.996663454087318934e-01
4.801333216921374603e-01,9.996663454087318934e-01
4.801333216921374603e-01,9.996663454087318934e-01
4.801333216921374603e-01,9.996663454087318934e-01
4.801333216921374603e-01,9.996663454087318934e-01
4.801333216921374603e-01,9.996663454087318934e-01
4.801333216921374603e-01,9.996663454087318934e-01
4.801333216921374603e-01,9.996663454087318934e-01
4.801333216921374603e-01,9.996663454087318934e-01
4.801333216921374603e-01,9.996663454087318934e-01
4.801333216921374603e-01,9.996663454087318934e-01
4.801333216921374603e-01,9.996663454087318934e-01
4.801333216921374603e-01,9.996663454087318934e-01
4.801333216921374603e-01,9.996663454087318934e-01
4.801333216921374603e-01,9.996663454087318934e-01
4.801333216921374603e-01,9.996663454087318934e-01
4.801333216921374603e-01,9.996663454087318934e-01
4.801333216921374603e-01,9.996663454087318934e-01
4.801333216921374603e-01,9.996663454087318934e-01
4.801333216921374603e-01,9.996663454087318934e-01
4.801333216921374603e-01,9.996663454087318934e-01
4.801333216921374603e-01,9.996663454087318934e-01
4.801333216921374603e-01,9.996663454087318934e-01
4.801333216921374603e-01,9.996663454087318934e-01
4.801333216921374603e-01,9.996663454087318934e-01
4.802268045405777008e-01,9.998215142168047631e-01
4.802268045405777008e-01,9.998215142168047631e-01
4.802268045405777008e-01,9.998215142168047631e-01
4.802268045405777008e-01,9.998215142168047631e-01
4.802268045405777008e-01,9.998215142168047631e-01
4.802268045405777008e-01,9.998215142168047631e-01
4.802268045405777008e-01,9.998215142168047631e-01
4.802268045405777008e-01,9.998215142168047631e-01
4.802268045405777008e-01,9.998215142168047631e-01
4.802268045405777008e-01,9.998215142168047631e-01
4.802268045405777008e-01,9.998215142168047631e-01
4.802268045405777008e-01,9.998215142168047631e-01
4.802268045405777008e-01,9.998215142168047631e-01
4.800580600969093781e-01,9.998671736827963175e-01
4.800580600969093781e-01,9.998671736827963175e-01
4.800580600969093781e-01,9.998671736827963175e-01
4.800580600969093781e-01,9.998671736827963175e-01
4.800580600969093781e-01,9.998671736827963175e-01
4.800580600969093781e-01,9.998671736827963175e-01
4.800580600969093781e-01,9.998671736827963175e-01
4.800580600969093781e-01,9.998671736827963175e-01
4.800580600969093781e-01,9.998671736827963175e-01
4.800580600969093781e-01,9.998671736827963175e-01
4.800580600969093781e-01,9.998671736827963175e-01
4.800580600969093781e-01,9.998671736827963175e-01
4.800580600969093781e-01,9.998671736827963175e-01
4.800580600969093781e-01,9.998671736827963175e-01
4.800580600969093781e-01,9.998671736827963175e-01
4.800580600969093781e-01,9.998671736827963175e-01
4.800580600969093781e-01,9.998671736827963175e-01
4.800580600969093781e-01,9.998671736827963175e-01
4.800580600969093781e-01,9.998671736827963175e-01
4.800580600969093781e-01,9.998671736827963175e-01
4.800580600969093781e-01,9.998671736827963175e-01
4.800580600969093781e-01,9.998671736827963175e-01
4.800580600969093781e-01,9.998671736827963175e-01
4.800580600969093781e-01,9.998671736827963175e-01
4.800580600969093781e-01,9.998671736827963175e-01
4.800580600969093781e-01,9.998671736827963175e-01
4.800580600969093781e-01,9.998671736827963175e-01
4.800580600969093781e-01,9.998671736827963175e-01
4.800580600969093781e-01,9.998671736827963175e-01
4.800580600969093781e-01,9.998671736827963175e-01
4.801794569420390069e-01,9.998892833256568524e-01
4.801794569420390069e-01,9.998892833256568524e-01
4.801794569420390069e-01,9.998892833256568524e-01
4.801794569420390069e-01,9.998892833256568524e-01
4.801794569420390069e-01,9.998892833256568524e-01
4.801794569420390069e-01,9.998892833256568524e-01
4.801794569420390069e-01,9.998892833256568524e-01
4.801794569420390069e-01,9.998892833256568524e-01
4.801794569420390069e-01,9.998892833256568524e-01
4.801794569420390069e-01,9.998892833256568524e-01
4.801794569420390069e-01,9.998892833256568524e-01
4.801794569420390069e-01,9.998892833256568524e-01
4.801794569420390069e-01,9.998892833256568524e-01
4.801794569420390069e-01,9.998892833256568524e-01
4.801794569420390069e-01,9.998892833256568524e-01
4.801794569420390069e-01,9.998892833256568524e-01
4.801794569420390069e-01,9.998892833256568524e-01
4.801794569420390069e-01,9.998892833256568524e-01
4.801794569420390069e-01,9.998892833256568524e-01
4.801794569420390069e-01,9.998892833256568524e-01
4.801794569420390069e-01,9.998892833256568524e-01
4.801794569420390069e-01,9.998892833256568524e-01
4.801794569420390069e-01,9.998892833256568524e-01
4.801794569420390069e-01,9.998892833256568524e-01
4.801794569420390069e-01,9.998892833256568524e-01
4.801794569420390069e-01,9.998892833256568524e-01
4.801794569420390069e-01,9.998892833256568524e-01
4.801794569420390069e-01,9.998892833256568524e-01
4.801794569420390069e-01,9.998892833256568524e-01
4.801794569420390069e-01,9.998892833256568524e-01
4.865240755597155520e-01,9.997990447167492967e-01
4.865240755597155520e-01,9.997990447167492967e-01
4.865240755597155520e-01,9.997990447167492967e-01
4.865240755597155520e-01,9.997990447167492967e-01
4.865240755597155520e-01,9.997990447167492967e-01
4.865240755597155520e-01,9.997990447167492967e-01
4.865240755597155520e-01,9.997990447167492967e-01
4.865240755597155520e-01,9.997990447167492967e-01
4.865300443431035959e-01,9.999457955059717351e-01
4.865300443431035959e-01,9.999457955059717351e-01
4.865300443431035959e-01,9.999457955059717351e-01
4.865300443431035959e-01,9.999457955059717351e-01
4.865300443431035959e-01,9.999457955059717351e-01
4.865300443431035959e-01,9.999457955059717351e-01
4.865300443431035959e-01,9.999457955059717351e-01
4.865300443431035959e-01,9.999457955059717351e-01
4.865300443431035959e-01,9.999457955059717351e-01
4.865300443431035959e-01,9.999457955059717351e-01
4.865300443431035959e-01,9.999457955059717351e-01
4.865300443431035959e-01,9.999457955059717351e-01
4.865300443431035959e-01,9.999457955059717351e-01
4.864707269765649600e-01,9.999653866410891379e-01
4.864707269765649600e-01,9.999653866410891379e-01
4.864707269765649600e-01,9.999653866410891379e-01
4.864707269765649600e-01,9.999653866410891379e-01
4.864707269765649600e-01,9.999653866410891379e-01
4.864707269765649600e-01,9.999653866410891379e-01
4.864707269765649600e-01,9.999653866410891379e-01
4.864707269765649600e-01,9.999653866410891379e-01
4.864707269765649600e-01,9.999653866410891379e-01
4.864707269765649600e-01,9.999653866410891379e-01
4.864707269765649600e-01,9.999653866410891379e-01
4.864707269765649600e-01,9.999653866410891379e-01
4.864707269765649600e-01,9.999653866410891379e-01
4.864707269765649600e-01,9.999653866410891379e-01
4.864707269765649600e-01,9.999653866410891379e-01
4.864707269765649600e-01,9.999653866410891379e-01
4.864707269765649600e-01,9.999653866410891379e-01
4.864707269765649600e-01,9.999653866410891379e-01
4.865125880978484751e-01,9.999899740677024029e-01
4.865125880978484751e-01,9.999899740677024029e-01
4.865125880978484751e-01,9.999899740677024029e-01
4.865125880978484751e-01,9.999899740677024029e-01
4.865125880978484751e-01,9.999899740677024029e-01
4.865125880978484751e-01,9.999899740677024029e-01
4.865125880978484751e-01,9.999899740677024029e-01
4.865125880978484751e-01,9.999899740677024029e-01
4.865125880978484751e-01,9.999899740677024029e-01
4.865125880978484751e-01,9.999899740677024029e-01
4.865125880978484751e-01,9.999899740677024029e-01
4.865125880978484751e-01,9.999899740677024029e-01
4.865125880978484751e-01,9.999899740677024029e-01
4.865125880978484751e-01,9.999899740677024029e-01
4.865125880978484751e-01,9.999899740677024029e-01
4.865125880978484751e-01,9.999899740677024029e-01
4.865125880978484751e-01,9.999899740677024029e-01
4.865125880978484751e-01,9.999899740677024029e-01
4.865125880978484751e-01,9.999899740677024029e-01
4.865125880978484751e-01,9.999899740677024029e-01
4.865125880978484751e-01,9.999899740677024029e-01
4.865125880978484751e-01,9.999899740677024029e-01
4.865125880978484751e-01,9.999899740677024029e-01
4.865125880978484751e-01,9.999899740677024029e-01
4.865125880978484751e-01,9.999899740677024029e-01
4.865125880978484751e-01,9.999899740677024029e-01
4.865125880978484751e-01,9.999899740677024029e-01
4.865125880978484751e-01,9.999899740677024029e-01
4.865125880978484751e-01,9.999899740677024029e-01
4.865125880978484751e-01,9.999899740677024029e-01
4.865125880978484751e-01,9.999899740677024029e-01
4.865125880978484751e-01,9.999899740677024029e-01
4.865125880978484751e-01,9.999899740677024029e-01
4.865125880978484751e-01,9.999899740677024029e-01
4.865125880978484751e-01,9.999899740677024029e-01
4.865125880978484751e-01,9.999899740677024029e-01
4.865125880978484751e-01,9.999899740677024029e-01
4.865125880978484751e-01,9.999899740677024029e-01
4.865125880978484751e-01,9.999899740677024029e-01
4.865125880978484751e-01,9.999899740677024029e-01
4.865125880978484751e-01,9.999899740677024029e-01
4.865125880978484751e-01,9.999899740677024029e-01
4.865125880978484751e-01,9.999899740677024029e-01
4.865125880978484751e-01,9.999899740677024029e-01
4.865125880978484751e-01,9.999899740677024029e-01
4.865125880978484751e-01,9.999899740677024029e-01
4.865125880978484751e-01,9.999899740677024029e-01
4.865125880978484751e-01,9.999899740677024029e-01
4.865125880978484751e-01,9.999899740677024029e-01
4.865125880978484751e-01,9.999899740677024029e-01
4.865125880978484751e-01,9.999899740677024029e-01
4.864415244689869189e-01,9.999087231440020318e-01
4.864415244689869189e-01,9.999087231440020318e-01
4.864415244689869189e-01,9.999087231440020318e-01
4.864415244689869189e-01,9.999087231440020318e-01
4.864415244689869189e-01,9.999087231440020318e-01
4.864415244689869189e-01,9.999087231440020318e-01
4.864415244689869189e-01,9.999087231440020318e-01
4.864415244689869189e-01,9.999087231440020318e-01
4.864415244689869189e-01,9.999087231440020318e-01
4.864415244689869189e-01,9.999087231440020318e-01
4.865201352917124522e-01,9.998855777980313331e-01
4.865201352917124522e-01,9.998855777980313331e-01
4.865201352917124522e-01,9.998855777980313331e-01
4.865201352917124522e-01,9.998855777980313331e-01
4.865201352917124522e-01,9.998855777980313331e-01
4.865201352917124522e-01,9.998855777980313331e-01
4.865201352917124522e-01,9.998855777980313331e-01
4.865201352917124522e-01,9.998855777980313331e-01
4.865201352917124522e-01,9.998855777980313331e-01
4.865201352917124522e-01,9.998855777980313331e-01
4.865201352917124522e-01,9.998855777980313331e-01
4.865201352917124522e-01,9.998855777980313331e-01
4.865201352917124522e-01,9.998855777980313331e-01
4.865201352917124522e-01,9.998855777980313331e-01
4.865201352917124522e-01,9.998855777980313331e-01
4.865201352917124522e-01,9.998855777980313331e-01
4.865201352917124522e-01,9.998855777980313331e-01
4.865201352917124522e-01,9.998855777980313331e-01
4.865201352917124522e-01,9.998855777980313331e-01
4.865201352917124522e-01,9.998855777980313331e-01
4.865201352917124522e-01,9.998855777980313331e-01
4.865201352917124522e-01,9.998855777980313331e-01
4.865201352917124522e-01,9.998855777980313331e-01
4.865201352917124522e-01,9.998855777980313331e-01
4.865201352917124522e-01,9.998855777980313331e-01
4.865201352917124522e-01,9.998855777980313331e-01
4.865201352917124522e-01,9.998855777980313331e-01
4.865201352917124522e-01,9.998855777980313331e-01
4.865201352917124522e-01,9.998855777980313331e-01
4.865201352917124522e-01,9.998855777980313331e-01
4.865201352917124522e-01,9.998855777980313331e-01
4.865201352917124522e-01,9.998855777980313331e-01
4.864577975306723645e-01,9.999710213511797674e-01
4.864577975306723645e-01,9.999710213511797674e-01
4.864577975306723645e-01,9.999710213511797674e-01
4.864577975306723645e-01,9.999710213511797674e-01
4.864577975306723645e-01,9.999710213511797674e-01
4.864577975306723645e-01,9.999710213511797674e-01
4.864577975306723645e-01,9.999710213511797674e-01
4.864577975306723645e-01,9.999710213511797674e-01
4.864577975306723645e-01,9.999710213511797674e-01
4.864577975306723645e-01,9.999710213511797674e-01
4.864577975306723645e-01,9.999710213511797674e-01
4.864577975306723645e-01,9.999710213511797674e-01
4.864577975306723645e-01,9.999710213511797674e-01
4.864577975306723645e-01,9.999710213511797674e-01
4.864577975306723645e-01,9.999710213511797674e-01
4.864577975306723645e-01,9.999710213511797674e-01
4.864577975306723645e-01,9.999710213511797674e-01
4.864577975306723645e-01,9.999710213511797674e-01
4.864577975306723645e-01,9.999710213511797674e-01
4.864577975306723645e-01,9.999710213511797674e-01
4.864577975306723645e-01,9.999710213511797674e-01
4.864577975306723645e-01,9.999710213511797674e-01
4.864577975306723645e-01,9.999710213511797674e-01
4.864577975306723645e-01,9.999710213511797674e-01
4.864577975306723645e-01,9.999710213511797674e-01
4.864577975306723645e-01,9.999710213511797674e-01
4.864577975306723645e-01,9.999710213511797674e-01
4.864577975306723645e-01,9.999710213511797674e-01
4.864577975306723645e-01,9.999710213511797674e-01
4.864577975306723645e-01,9.999710213511797674e-01
4.864577975306723645e-01,9.999710213511797674e-01
4.864577975306723645e-01,9.999710213511797674e-01
4.864577975306723645e-01,9.999710213511797674e-01
4.864577975306723645e-01,9.999710213511797674e-01
4.864577975306723645e-01,9.999710213511797674e-01
4.864577975306723645e-01,9.999710213511797674e-01
4.864577975306723645e-01,9.999710213511797674e-01
4.864577975306723645e-01,9.999710213511797674e-01
4.864577975306723645e-01,9.999710213511797674e-01
4.864577975306723645e-01,9.999710213511797674e-01
4.864577975306723645e-01,9.999710213511797674e-01
4.864577975306723645e-01,9.999710213511797674e-01
4.864577975306723645e-01,9.999710213511797674e-01
4.864577975306723645e-01,9.999710213511797674e-01
4.864577975306723645e-01,9.999710213511797674e-01
4.864577975306723645e-01,9.999710213511797674e-01
4.864577975306723645e-01,9.999710213511797674e-01
4.864577975306723645e-01,9.999710213511797674e-01
4.864577975306723645e-01,9.999710213511797674e-01
4.864577975306723645e-01,9.999710213511797674e-01
4.864577975306723645e-01,9.999710213511797674e-01
4.864577975306723645e-01,9.999710213511797674e-01
4.864577975306723645e-01,9.999710213511797674e-01
4.864577975306723645e-01,9.999710213511797674e-01
4.864577975306723645e-01,9.999710213511797674e-01
4.864577975306723645e-01,9.999710213511797674e-01
4.864577975306723645e-01,9.999710213511797674e-01
4.864577975306723645e-01,9.999710213511797674e-01
4.864577975306723645e-01,9.999710213511797674e-01
4.864577975306723645e-01,9.999710213511797674e-01
4.864577975306723645e-01,9.999710213511797674e-01
4.864577975306723645e-01,9.999710213511797674e-01
4.864577975306723645e-01,9.999710213511797674e-01
4.864577975306723645e-01,9.999710213511797674e-01
4.864577975306723645e-01,9.999710213511797674e-01
4.864577975306723645e-01,9.999710213511797674e-01
4.864577975306723645e-01,9.999710213511797674e-01
4.864577975306723645e-01,9.999710213511797674e-01
4.864149528534056355e-01,9.996346800785601561e-01
4.864149528534056355e-01,9.996346800785601561e-01
4.864149528534056355e-01,9.996346800785601561e-01
4.864149528534056355e-01,9.996346800785601561e-01
4.864149528534056355e-01,9.996346800785601561e-01
4.864014518217515959e-01,9.996404781316697852e-01
4.864014518217515959e-01,9.996404781316697852e-01
4.864014518217515959e-01,9.996404781316697852e-01
4.864014518217515959e-01,9.996404781316697852e-01
4.864014518217515959e-01,9.996404781316697852e-01
4.865218716075123684e-01,9.998567498697267242e-01
4.865218716075123684e-01,9.998567498697267242e-01
4.865218716075123684e-01,9.998567498697267242e-01
4.865218716075123684e-01,9.998567498697267242e-01
4.865218716075123684e-01,9.998567498697267242e-01
4.865147612842415370e-01,9.998693451311422287e-01
4.863895513876504428e-01,9.998262561337702969e-01
4.863895513876504428e-01,9.998262561337702969e-01
4.863895513876504428e-01,9.998262561337702969e-01
4.863895513876504428e-01,9.998262561337702969e-01
4.863895513876504428e-01,9.998262561337702969e-01
4.863895513876504428e-01,9.998262561337702969e-01
4.863895513876504428e-01,9.998262561337702969e-01
4.863895513876504428e-01,9.998262561337702969e-01
4.863895513876504428e-01,9.998262561337702969e-01
4.865137450222579707e-01,9.999075732551149231e-01
4.865137450222579707e-01,9.999075732551149231e-01
4.865137450222579707e-01,9.999075732551149231e-01
4.865137450222579707e-01,9.999075732551149231e-01
4.865137450222579707e-01,9.999075732551149231e-01
4.865137450222579707e-01,9.999075732551149231e-01
4.865137450222579707e-01,9.999075732551149231e-01
4.865137450222579707e-01,9.999075732551149231e-01
4.865137450222579707e-01,9.999075732551149231e-01
4.865137450222579707e-01,9.999075732551149231e-01
4.865137450222579707e-01,9.999075732551149231e-01
4.865137450222579707e-01,9.999075732551149231e-01
4.865137450222579707e-01,9.999075732551149231e-01
4.865137450222579707e-01,9.999075732551149231e-01
4.865137450222579707e-01,9.999075732551149231e-01
4.865137450222579707e-01,9.999075732551149231e-01
4.865137450222579707e-01,9.999075732551149231e-01
4.865137450222579707e-01,9.999075732551149231e-01
4.865137450222579707e-01,9.999075732551149231e-01
4.865137450222579707e-01,9.999075732551149231e-01
4.865137450222579707e-01,9.999075732551149231e-01
4.865137450222579707e-01,9.999075732551149231e-01
4.865137450222579707e-01,9.999075732551149231e-01
4.865137450222579707e-01,9.999075732551149231e-01
4.865137450222579707e-01,9.999075732551149231e-01
4.865137450222579707e-01,9.999075732551149231e-01
4.865137450222579707e-01,9.999075732551149231e-01
4.865137450222579707e-01,9.999075732551149231e-01
4.865137450222579707e-01,9.999075732551149231e-01
4.865137450222579707e-01,9.999075732551149231e-01
4.865137450222579707e-01,9.999075732551149231e-01
4.865137450222579707e-01,9.999075732551149231e-01
4.865137450222579707e-01,9.999075732551149231e-01
4.865137450222579707e-01,9.999075732551149231e-01
4.865137450222579707e-01,9.999075732551149231e-01
4.865137450222579707e-01,9.999075732551149231e-01
4.865137450222579707e-01,9.999075732551149231e-01
4.865137450222579707e-01,9.999075732551149231e-01
4.865137450222579707e-01,9.999075732551149231e-01
4.865137450222579707e-01,9.999075732551149231e-01
4.865137450222579707e-01,9.999075732551149231e-01
4.865137450222579707e-01,9.999075732551149231e-01
4.865137450222579707e-01,9.999075732551149231e-01
4.865137450222579707e-01,9.999075732551149231e-01
4.865137450222579707e-01,9.999075732551149231e-01
4.865137450222579707e-01,9.999075732551149231e-01
4.865137450222579707e-01,9.999075732551149231e-01
4.865137450222579707e-01,9.999075732551149231e-01
4.865137450222579707e-01,9.999075732551149231e-01
4.865137450222579707e-01,9.999075732551149231e-01
4.865137450222579707e-01,9.999075732551149231e-01
4.865137450222579707e-01,9.999075732551149231e-01
4.865137450222579707e-01,9.999075732551149231e-01
4.865137450222579707e-01,9.999075732551149231e-01
4.865137450222579707e-01,9.999075732551149231e-01
4.865137450222579707e-01,9.999075732551149231e-01
4.865137450222579707e-01,9.999075732551149231e-01
4.865137450222579707e-01,9.999075732551149231e-01
4.865137450222579707e-01,9.999075732551149231e-01
4.865137450222579707e-01,9.999075732551149231e-01
4.865137450222579707e-01,9.999075732551149231e-01
4.865137450222579707e-01,9.999075732551149231e-01
4.865137450222579707e-01,9.999075732551149231e-01
4.865137450222579707e-01,9.999075732551149231e-01
4.865137450222579707e-01,9.999075732551149231e-01
4.865137450222579707e-01,9.999075732551149231e-01
4.865137450222579707e-01,9.999075732551149231e-01
4.865137450222579707e-01,9.999075732551149231e-01
4.865137450222579707e-01,9.999075732551149231e-01
4.865137450222579707e-01,9.999075732551149231e-01
4.865137450222579707e-01,9.999075732551149231e-01
4.865137450222579707e-01,9.999075732551149231e-01
4.865137450222579707e-01,9.999075732551149231e-01
4.865137450222579707e-01,9.999075732551149231e-01
4.865137450222579707e-01,9.999075732551149231e-01
4.865583221975715578e-01,9.998290236387308294e-01
4.865583221975715578e-01,9.998290236387308294e-01
4.865583221975715578e-01,9.998290236387308294e-01
4.865583221975715578e-01,9.998290236387308294e-01
4.865583221975715578e-01,9.998290236387308294e-01
4.863815156916523885e-01,9.997606391982267748e-01
4.863815156916523885e-01,9.997606391982267748e-01
4.863815156916523885e-01,9.997606391982267748e-01
4.863815156916523885e-01,9.997606391982267748e-01
4.863815156916523885e-01,9.997606391982267748e-01
4.863815156916523885e-01,9.997606391982267748e-01
4.863815156916523885e-01,9.997606391982267748e-01
4.863815156916523885e-01,9.997606391982267748e-01
4.863815156916523885e-01,9.997606391982267748e-01
4.863815156916523885e-01,9.997606391982267748e-01
4.863815156916523885e-01,9.997606391982267748e-01
4.863815156916523885e-01,9.997606391982267748e-01
4.863815156916523885e-01,9.997606391982267748e-01
4.863815156916523885e-01,9.997606391982267748e-01
4.863815156916523885e-01,9.997606391982267748e-01
4.863815156916523885e-01,9.997606391982267748e-01
4.864554377991324174e-01,9.998865791870557018e-01
4.864554377991324174e-01,9.998865791870557018e-01
4.864554377991324174e-01,9.998865791870557018e-01
4.864554377991324174e-01,9.998865791870557018e-01
4.864554377991324174e-01,9.998865791870557018e-01
4.864554377991324174e-01,9.998865791870557018e-01
4.864554377991324174e-01,9.998865791870557018e-01
4.864554377991324174e-01,9.998865791870557018e-01
4.864554377991324174e-01,9.998865791870557018e-01
4.864554377991324174e-01,9.998865791870557018e-01
4.864554377991324174e-01,9.998865791870557018e-01
4.864554377991324174e-01,9.998865791870557018e-01
4.864554377991324174e-01,9.998865791870557018e-01
4.864554377991324174e-01,9.998865791870557018e-01
4.864554377991324174e-01,9.998865791870557018e-01
4.864554377991324174e-01,9.998865791870557018e-01
4.864554377991324174e-01,9.998865791870557018e-01
4.864554377991324174e-01,9.998865791870557018e-01
4.864554377991324174e-01,9.998865791870557018e-01
4.864554377991324174e-01,9.998865791870557018e-01
4.864554377991324174e-01,9.998865791870557018e-01
4.864554377991324174e-01,9.998865791870557018e-01
4.864554377991324174e-01,9.998865791870557018e-01
4.864554377991324174e-01,9.998865791870557018e-01
4.864554377991324174e-01,9.998865791870557018e-01
4.864554377991324174e-01,9.998865791870557018e-01
4.864554377991324174e-01,9.998865791870557018e-01
4.864554377991324174e-01,9.998865791870557018e-01
4.864554377991324174e-01,9.998865791870557018e-01
4.864554377991324174e-01,9.998865791870557018e-01
4.864554377991324174e-01,9.998865791870557018e-01
4.864554377991324174e-01,9.998865791870557018e-01
4.864554377991324174e-01,9.998865791870557018e-01
4.864554377991324174e-01,9.998865791870557018e-01
4.864554377991324174e-01,9.998865791870557018e-01
4.864554377991324174e-01,9.998865791870557018e-01
4.864554377991324174e-01,9.998865791870557018e-01
4.864554377991324174e-01,9.998865791870557018e-01
4.864554377991324174e-01,9.998865791870557018e-01
4.864554377991324174e-01,9.998865791870557018e-01
4.864554377991324174e-01,9.998865791870557018e-01
4.864554377991324174e-01,9.998865791870557018e-01
4.864554377991324174e-01,9.998865791870557018e-01
4.864554377991324174e-01,9.998865791870557018e-01
4.864554377991324174e-01,9.998865791870557018e-01
4.864554377991324174e-01,9.998865791870557018e-01
4.864554377991324174e-01,9.998865791870557018e-01
4.864554377991324174e-01,9.998865791870557018e-01
4.864554377991324174e-01,9.998865791870557018e-01
4.864554377991324174e-01,9.998865791870557018e-01
4.864554377991324174e-01,9.998865791870557018e-01
4.864554377991324174e-01,9.998865791870557018e-01
4.864554377991324174e-01,9.998865791870557018e-01
4.864554377991324174e-01,9.998865791870557018e-01
4.864554377991324174e-01,9.998865791870557018e-01
4.864554377991324174e-01,9.998865791870557018e-01
4.864554377991324174e-01,9.998865791870557018e-01
4.864554377991324174e-01,9.998865791870557018e-01
4.864554377991324174e-01,9.998865791870557018e-01
4.864554377991324174e-01,9.998865791870557018e-01
4.864554377991324174e-01,9.998865791870557018e-01
4.864554377991324174e-01,9.998865791870557018e-01
4.864554377991324174e-01,9.998865791870557018e-01
4.864554377991324174e-01,9.998865791870557018e-01
4.864554377991324174e-01,9.998865791870557018e-01
4.864554377991324174e-01,9.998865791870557018e-01
4.864554377991324174e-01,9.998865791870557018e-01
4.864554377991324174e-01,9.998865791870557018e-01
4.864554377991324174e-01,9.998865791870557018e-01
4.864554377991324174e-01,9.998865791870557018e-01
4.864554377991324174e-01,9.998865791870557018e-01
4.864554377991324174e-01,9.998865791870557018e-01
4.864554377991324174e-01,9.998865791870557018e-01
4.864554377991324174e-01,9.998865791870557018e-01
4.864554377991324174e-01,9.998865791870557018e-01
4.864554377991324174e-01,9.998865791870557018e-01
4.864554377991324174e-01,9.998865791870557018e-01
4.864554377991324174e-01,9.998865791870557018e-01
4.864554377991324174e-01,9.998865791870557018e-01
4.864846862879942391e-01,9.998320590976793598e-01
4.864846862879942391e-01,9.998320590976793598e-01
4.864846862879942391e-01,9.998320590976793598e-01
4.865682057270314109e-01,9.999372668092446625e-01
4.865682057270314109e-01,9.999372668092446625e-01
4.865682057270314109e-01,9.999372668092446625e-01
4.865682057270314109e-01,9.999372668092446625e-01
4.865682057270314109e-01,9.999372668092446625e-01
4.865682057270314109e-01,9.999372668092446625e-01
4.865682057270314109e-01,9.999372668092446625e-01
4.865682057270314109e-01,9.999372668092446625e-01
4.865682057270314109e-01,9.999372668092446625e-01
4.865682057270314109e-01,9.999372668092446625e-01
4.865682057270314109e-01,9.999372668092446625e-01
4.865682057270314109e-01,9.999372668092446625e-01
4.865682057270314109e-01,9.999372668092446625e-01
4.865682057270314109e-01,9.999372668092446625e-01
4.865682057270314109e-01,9.999372668092446625e-01
4.865682057270314109e-01,9.999372668092446625e-01
4.865682057270314109e-01,9.999372668092446625e-01
4.865682057270314109e-01,9.999372668092446625e-01
4.865682057270314109e-01,9.999372668092446625e-01
4.865682057270314109e-01,9.999372668092446625e-01
4.865682057270314109e-01,9.999372668092446625e-01
4.865682057270314109e-01,9.999372668092446625e-01
4.865682057270314109e-01,9.999372668092446625e-01
4.865682057270314109e-01,9.999372668092446625e-01
4.865682057270314109e-01,9.999372668092446625e-01
4.865682057270314109e-01,9.999372668092446625e-01
4.865682057270314109e-01,9.999372668092446625e-01
4.865682057270314109e-01,9.999372668092446625e-01
4.865682057270314109e-01,9.999372668092446625e-01
4.863300636420814782e-01,9.999269650479438720e-01
4.863300636420814782e-01,9.999269650479438720e-01
4.863300636420814782e-01,9.999269650479438720e-01
4.863300636420814782e-01,9.999269650479438720e-01
4.863300636420814782e-01,9.999269650479438720e-01
4.863300636420814782e-01,9.999269650479438720e-01
4.863300636420814782e-01,9.999269650479438720e-01
4.863300636420814782e-01,9.999269650479438720e-01
4.863300636420814782e-01,9.999269650479438720e-01
4.863300636420814782e-01,9.999269650479438720e-01
4.863300636420814782e-01,9.999269650479438720e-01
4.863300636420814782e-01,9.999269650479438720e-01
4.863300636420814782e-01,9.999269650479438720e-01
4.863300636420814782e-01,9.999269650479438720e-01
4.863300636420814782e-01,9.999269650479438720e-01
4.863300636420814782e-01,9.999269650479438720e-01
4.863300636420814782e-01,9.999269650479438720e-01
4.863300636420814782e-01,9.999269650479438720e-01
4.863300636420814782e-01,9.999269650479438720e-01
4.863300636420814782e-01,9.999269650479438720e-01
4.863300636420814782e-01,9.999269650479438720e-01
4.863300636420814782e-01,9.999269650479438720e-01
4.863300636420814782e-01,9.999269650479438720e-01
4.863300636420814782e-01,9.999269650479438720e-01
4.863300636420814782e-01,9.999269650479438720e-01
4.863300636420814782e-01,9.999269650479438720e-01
4.863300636420814782e-01,9.999269650479438720e-01
4.863300636420814782e-01,9.999269650479438720e-01
4.863300636420814782e-01,9.999269650479438720e-01
4.863300636420814782e-01,9.999269650479438720e-01
4.863300636420814782e-01,9.999269650479438720e-01
4.863300636420814782e-01,9.999269650479438720e-01
4.863300636420814782e-01,9.999269650479438720e-01
4.863300636420814782e-01,9.999269650479438720e-01
4.863300636420814782e-01,9.999269650479438720e-01
4.863300636420814782e-01,9.999269650479438720e-01
4.863300636420814782e-01,9.999269650479438720e-01
4.863300636420814782e-01,9.999269650479438720e-01
4.863300636420814782e-01,9.999269650479438720e-01
4.863300636420814782e-01,9.999269650479438720e-01
4.863300636420814782e-01,9.999269650479438720e-01
4.863300636420814782e-01,9.999269650479438720e-01
4.863300636420814782e-01,9.999269650479438720e-01
4.863300636420814782e-01,9.999269650479438720e-01
4.863300636420814782e-01,9.999269650479438720e-01
4.863300636420814782e-01,9.999269650479438720e-01
4.863300636420814782e-01,9.999269650479438720e-01
4.863300636420814782e-01,9.999269650479438720e-01
4.863300636420814782e-01,9.999269650479438720e-01
4.863300636420814782e-01,9.999269650479438720e-01
4.863300636420814782e-01,9.999269650479438720e-01
4.863300636420814782e-01,9.999269650479438720e-01
4.863300636420814782e-01,9.999269650479438720e-01
4.863300636420814782e-01,9.999269650479438720e-01
4.863300636420814782e-01,9.999269650479438720e-01
4.863300636420814782e-01,9.999269650479438720e-01
4.863300636420814782e-01,9.999269650479438720e-01
4.863300636420814782e-01,9.999269650479438720e-01
4.863300636420814782e-01,9.999269650479438720e-01
4.863300636420814782e-01,9.999269650479438720e-01
4.863300636420814782e-01,9.999269650479438720e-01
4.863300636420814782e-01,9.999269650479438720e-01
4.863300636420814782e-01,9.999269650479438720e-01
4.863300636420814782e-01,9.999269650479438720e-01
4.863300636420814782e-01,9.999269650479438720e-01
4.863724394823905617e-01,9.998058507521332405e-01
4.863724394823905617e-01,9.998058507521332405e-01
4.863724394823905617e-01,9.998058507521332405e-01
4.863975075753348976e-01,9.997770615214963685e-01
4.863975075753348976e-01,9.997770615214963685e-01
4.863975075753348976e-01,9.997770615214963685e-01
4.863975075753348976e-01,9.997770615214963685e-01
4.863975075753348976e-01,9.997770615214963685e-01
4.863975075753348976e-01,9.997770615214963685e-01
4.863975075753348976e-01,9.997770615214963685e-01
4.863975075753348976e-01,9.997770615214963685e-01
4.863975075753348976e-01,9.997770615214963685e-01
4.863975075753348976e-01,9.997770615214963685e-01
4.863975075753348976e-01,9.997770615214963685e-01
4.863975075753348976e-01,9.997770615214963685e-01
4.863975075753348976e-01,9.997770615214963685e-01
4.863975075753348976e-01,9.997770615214963685e-01
4.863975075753348976e-01,9.997770615214963685e-01
4.863975075753348976e-01,9.997770615214963685e-01
4.863975075753348976e-01,9.997770615214963685e-01
4.863975075753348976e-01,9.997770615214963685e-01
4.863975075753348976e-01,9.997770615214963685e-01
4.863975075753348976e-01,9.997770615214963685e-01
4.863975075753348976e-01,9.997770615214963685e-01
4.863975075753348976e-01,9.997770615214963685e-01
4.863975075753348976e-01,9.997770615214963685e-01
4.863975075753348976e-01,9.997770615214963685e-01
4.863975075753348976e-01,9.997770615214963685e-01
4.863975075753348976e-01,9.997770615214963685e-01
4.863975075753348976e-01,9.997770615214963685e-01
4.863975075753348976e-01,9.997770615214963685e-01
4.863975075753348976e-01,9.997770615214963685e-01
4.863975075753348976e-01,9.997770615214963685e-01
4.863975075753348976e-01,9.997770615214963685e-01
4.864429235856449485e-01,9.997970485780007799e-01
4.864429235856449485e-01,9.997970485780007799e-01
4.864429235856449485e-01,9.997970485780007799e-01
4.864429235856449485e-01,9.997970485780007799e-01
4.864429235856449485e-01,9.997970485780007799e-01
4.864429235856449485e-01,9.997970485780007799e-01
4.864429235856449485e-01,9.997970485780007799e-01
4.864429235856449485e-01,9.997970485780007799e-01
4.864429235856449485e-01,9.997970485780007799e-01
4.864429235856449485e-01,9.997970485780007799e-01
4.864429235856449485e-01,9.997970485780007799e-01
4.864429235856449485e-01,9.997970485780007799e-01
4.865255524776784246e-01,9.999782072152797463e-01
4.865255524776784246e-01,9.999782072152797463e-01
4.865255524776784246e-01,9.999782072152797463e-01
4.865255524776784246e-01,9.999782072152797463e-01
4.865255524776784246e-01,9.999782072152797463e-01
4.865255524776784246e-01,9.999782072152797463e-01
4.865255524776784246e-01,9.999782072152797463e-01
4.865255524776784246e-01,9.999782072152797463e-01
4.865255524776784246e-01,9.999782072152797463e-01
4.865255524776784246e-01,9.999782072152797463e-01
4.865255524776784246e-01,9.999782072152797463e-01
4.865255524776784246e-01,9.999782072152797463e-01
4.865255524776784246e-01,9.999782072152797463e-01
4.865255524776784246e-01,9.999782072152797463e-01
4.865255524776784246e-01,9.999782072152797463e-01
4.865255524776784246e-01,9.999782072152797463e-01
4.865255524776784246e-01,9.999782072152797463e-01
4.865255524776784246e-01,9.999782072152797463e-01
4.865255524776784246e-01,9.999782072152797463e-01
4.865255524776784246e-01,9.999782072152797463e-01
4.865255524776784246e-01,9.999782072152797463e-01
4.865255524776784246e-01,9.999782072152797463e-01
4.865255524776784246e-01,9.999782072152797463e-01
4.865255524776784246e-01,9.999782072152797463e-01
4.865255524776784246e-01,9.999782072152797463e-01
4.865255524776784246e-01,9.999782072152797463e-01
4.865255524776784246e-01,9.999782072152797463e-01
4.865255524776784246e-01,9.999782072152797463e-01
4.865255524776784246e-01,9.999782072152797463e-01
4.865255524776784246e-01,9.999782072152797463e-01
4.865255524776784246e-01,9.999782072152797463e-01
4.865255524776784246e-01,9.999782072152797463e-01
4.865255524776784246e-01,9.999782072152797463e-01
4.865255524776784246e-01,9.999782072152797463e-01
4.865255524776784246e-01,9.999782072152797463e-01
4.865255524776784246e-01,9.999782072152797463e-01
4.865255524776784246e-01,9.999782072152797463e-01
4.865255524776784246e-01,9.999782072152797463e-01
4.865255524776784246e-01,9.999782072152797463e-01
4.865255524776784246e-01,9.999782072152797463e-01
4.865255524776784246e-01,9.999782072152797463e-01
4.865255524776784246e-01,9.999782072152797463e-01
4.865255524776784246e-01,9.999782072152797463e-01
4.865255524776784246e-01,9.999782072152797463e-01
4.865255524776784246e-01,9.999782072152797463e-01
4.865255524776784246e-01,9.999782072152797463e-01
4.865255524776784246e-01,9.999782072152797463e-01
4.865255524776784246e-01,9.999782072152797463e-01
4.865255524776784246e-01,9.999782072152797463e-01
4.865255524776784246e-01,9.999782072152797463e-01
4.865255524776784246e-01,9.999782072152797463e-01
4.864449022590585092e-01,9.998444178248117042e-01
4.864449022590585092e-01,9.998444178248117042e-01
4.864449022590585092e-01,9.998444178248117042e-01
4.864449022590585092e-01,9.998444178248117042e-01
4.864449022590585092e-01,9.998444178248117042e-01
4.864449022590585092e-01,9.998444178248117042e-01
4.863324030147068155e-01,9.997708990883671376e-01
4.863324030147068155e-01,9.997708990883671376e-01
4.863324030147068155e-01,9.997708990883671376e-01
4.863324030147068155e-01,9.997708990883671376e-01
4.863324030147068155e-01,9.997708990883671376e-01
4.863324030147068155e-01,9.997708990883671376e-01
4.863324030147068155e-01,9.997708990883671376e-01
4.863324030147068155e-01,9.997708990883671376e-01
4.863324030147068155e-01,9.997708990883671376e-01
4.863324030147068155e-01,9.997708990883671376e-01
4.863324030147068155e-01,9.997708990883671376e-01
4.863052350690550973e-01,9.999644244620012890e-01
4.863052350690550973e-01,9.999644244620012890e-01
4.863052350690550973e-01,9.999644244620012890e-01
4.863052350690550973e-01,9.999644244620012890e-01
4.863052350690550973e-01,9.999644244620012890e-01
4.863052350690550973e-01,9.999644244620012890e-01
4.863052350690550973e-01,9.999644244620012890e-01
4.863052350690550973e-01,9.999644244620012890e-01
4.863052350690550973e-01,9.999644244620012890e-01
4.863052350690550973e-01,9.999644244620012890e-01
4.863052350690550973e-01,9.999644244620012890e-01
4.863052350690550973e-01,9.999644244620012890e-01
4.863052350690550973e-01,9.999644244620012890e-01
4.863052350690550973e-01,9.999644244620012890e-01
4.863052350690550973e-01,9.999644244620012890e-01
4.863052350690550973e-01,9.999644244620012890e-01
4.863052350690550973e-01,9.999644244620012890e-01
4.863052350690550973e-01,9.999644244620012890e-01
4.863052350690550973e-01,9.999644244620012890e-01
4.863052350690550973e-01,9.999644244620012890e-01
4.863052350690550973e-01,9.999644244620012890e-01
4.863052350690550973e-01,9.999644244620012890e-01
4.863052350690550973e-01,9.999644244620012890e-01
4.863052350690550973e-01,9.999644244620012890e-01
4.863052350690550973e-01,9.999644244620012890e-01
4.862073175780000645e-01,9.994099122254860301e-01
4.862073175780000645e-01,9.994099122254860301e-01
4.862073175780000645e-01,9.994099122254860301e-01
4.862073175780000645e-01,9.994099122254860301e-01
4.862073175780000645e-01,9.994099122254860301e-01
4.862073175780000645e-01,9.994099122254860301e-01
4.862073175780000645e-01,9.994099122254860301e-01
4.865367491612816453e-01,9.999041927667138285e-01
4.865367491612816453e-01,9.999041927667138285e-01
4.865367491612816453e-01,9.999041927667138285e-01
4.865367491612816453e-01,9.999041927667138285e-01
4.865367491612816453e-01,9.999041927667138285e-01
4.865367491612816453e-01,9.999041927667138285e-01
4.865367491612816453e-01,9.999041927667138285e-01
4.865367491612816453e-01,9.999041927667138285e-01
4.865367491612816453e-01,9.999041927667138285e-01
4.865367491612816453e-01,9.999041927667138285e-01
4.865367491612816453e-01,9.999041927667138285e-01
4.865367491612816453e-01,9.999041927667138285e-01
4.865367491612816453e-01,9.999041927667138285e-01
4.865367491612816453e-01,9.999041927667138285e-01
4.865367491612816453e-01,9.999041927667138285e-01
4.865367491612816453e-01,9.999041927667138285e-01
4.865367491612816453e-01,9.999041927667138285e-01
4.865367491612816453e-01,9.999041927667138285e-01
4.865367491612816453e-01,9.999041927667138285e-01
4.865367491612816453e-01,9.999041927667138285e-01
4.865367491612816453e-01,9.999041927667138285e-01
4.865367491612816453e-01,9.999041927667138285e-01
4.865367491612816453e-01,9.999041927667138285e-01
4.865367491612816453e-01,9.999041927667138285e-01
4.865367491612816453e-01,9.999041927667138285e-01
4.865367491612816453e-01,9.999041927667138285e-01
4.865367491612816453e-01,9.999041927667138285e-01
4.865367491612816453e-01,9.999041927667138285e-01
4.865367491612816453e-01,9.999041927667138285e-01
4.865367491612816453e-01,9.999041927667138285e-01
4.865367491612816453e-01,9.999041927667138285e-01
4.865367491612816453e-01,9.999041927667138285e-01
4.865367491612816453e-01,9.999041927667138285e-01
4.865367491612816453e-01,9.999041927667138285e-01
4.865367491612816453e-01,9.999041927667138285e-01
4.865367491612816453e-01,9.999041927667138285e-01
4.865367491612816453e-01,9.999041927667138285e-01
4.865367491612816453e-01,9.999041927667138285e-01
4.865367491612816453e-01,9.999041927667138285e-01
4.865367491612816453e-01,9.999041927667138285e-01
4.865367491612816453e-01,9.999041927667138285e-01
4.865367491612816453e-01,9.999041927667138285e-01
4.865367491612816453e-01,9.999041927667138285e-01
4.865367491612816453e-01,9.999041927667138285e-01
4.865367491612816453e-01,9.999041927667138285e-01
4.865367491612816453e-01,9.999041927667138285e-01
4.865367491612816453e-01,9.999041927667138285e-01
4.865367491612816453e-01,9.999041927667138285e-01
4.865367491612816453e-01,9.999041927667138285e-01
4.865367491612816453e-01,9.999041927667138285e-01
4.865367491612816453e-01,9.999041927667138285e-01
4.865367491612816453e-01,9.999041927667138285e-01
4.865367491612816453e-01,9.999041927667138285e-01
4.865367491612816453e-01,9.999041927667138285e-01
4.865367491612816453e-01,9.999041927667138285e-01
4.865367491612816453e-01,9.999041927667138285e-01
4.865367491612816453e-01,9.999041927667138285e-01
4.865390939511869406e-01,9.999913678788256988e-01
4.865390939511869406e-01,9.999913678788256988e-01
4.865390939511869406e-01,9.999913678788256988e-01
4.865390939511869406e-01,9.999913678788256988e-01
4.865390939511869406e-01,9.999913678788256988e-01
4.865390939511869406e-01,9.999913678788256988e-01
4.865390939511869406e-01,9.999913678788256988e-01
4.865390939511869406e-01,9.999913678788256988e-01
4.865390939511869406e-01,9.999913678788256988e-01
4.865390939511869406e-01,9.999913678788256988e-01
4.865390939511869406e-01,9.999913678788256988e-01
4.865390939511869406e-01,9.999913678788256988e-01
4.865390939511869406e-01,9.999913678788256988e-01
4.865390939511869406e-01,9.999913678788256988e-01
4.865390939511869406e-01,9.999913678788256988e-01
4.865390939511869406e-01,9.999913678788256988e-01
4.865390939511869406e-01,9.999913678788256988e-01
4.865390939511869406e-01,9.999913678788256988e-01
4.865390939511869406e-01,9.999913678788256988e-01
4.865390939511869406e-01,9.999913678788256988e-01
4.865390939511869406e-01,9.999913678788256988e-01
4.865390939511869406e-01,9.999913678788256988e-01
4.865390939511869406e-01,9.999913678788256988e-01
4.865390939511869406e-01,9.999913678788256988e-01
4.865390939511869406e-01,9.999913678788256988e-01
4.865390939511869406e-01,9.999913678788256988e-01
4.865390939511869406e-01,9.999913678788256988e-01
4.865390939511869406e-01,9.999913678788256988e-01
4.865390939511869406e-01,9.999913678788256988e-01
4.865390939511869406e-01,9.999913678788256988e-01
4.865390939511869406e-01,9.999913678788256988e-01
4.865390939511869406e-01,9.999913678788256988e-01
4.865390939511869406e-01,9.999913678788256988e-01
4.865390939511869406e-01,9.999913678788256988e-01
4.865390939511869406e-01,9.999913678788256988e-01
4.865390939511869406e-01,9.999913678788256988e-01
4.865390939511869406e-01,9.999913678788256988e-01
4.865390939511869406e-01,9.999913678788256988e-01
4.865390939511869406e-01,9.999913678788256988e-01
4.865390939511869406e-01,9.999913678788256988e-01
4.865390939511869406e-01,9.999913678788256988e-01
4.865390939511869406e-01,9.999913678788256988e-01
4.865390939511869406e-01,9.999913678788256988e-01
4.865390939511869406e-01,9.999913678788256988e-01
4.865390939511869406e-01,9.999913678788256988e-01
4.865390939511869406e-01,9.999913678788256988e-01
4.865390939511869406e-01,9.999913678788256988e-01
4.865390939511869406e-01,9.999913678788256988e-01
4.865390939511869406e-01,9.999913678788256988e-01
4.865390939511869406e-01,9.999913678788256988e-01
4.865390939511869406e-01,9.999913678788256988e-01
4.865390939511869406e-01,9.999913678788256988e-01
4.865390939511869406e-01,9.999913678788256988e-01
4.865390939511869406e-01,9.999913678788256988e-01
4.865390939511869406e-01,9.999913678788256988e-01
4.865390939511869406e-01,9.999913678788256988e-01
4.865390939511869406e-01,9.999913678788256988e-01
4.865390939511869406e-01,9.999913678788256988e-01
4.865390939511869406e-01,9.999913678788256988e-01
4.865390939511869406e-01,9.999913678788256988e-01
4.865390939511869406e-01,9.999913678788256988e-01
4.865390939511869406e-01,9.999913678788256988e-01
4.865390939511869406e-01,9.999913678788256988e-01
4.865390939511869406e-01,9.999913678788256988e-01
4.865390939511869406e-01,9.999913678788256988e-01
4.865390939511869406e-01,9.999913678788256988e-01
4.865390939511869406e-01,9.999913678788256988e-01
4.865390939511869406e-01,9.999913678788256988e-01
4.865390939511869406e-01,9.999913678788256988e-01
4.865390939511869406e-01,9.999913678788256988e-01
4.865390939511869406e-01,9.999913678788256988e-01
4.865390939511869406e-01,9.999913678788256988e-01
4.865390939511869406e-01,9.999913678788256988e-01
4.865390939511869406e-01,9.999913678788256988e-01
4.865390939511869406e-01,9.999913678788256988e-01
4.865390939511869406e-01,9.999913678788256988e-01
4.865390939511869406e-01,9.999913678788256988e-01
4.865390939511869406e-01,9.999913678788256988e-01
4.865390939511869406e-01,9.999913678788256988e-01
4.865390939511869406e-01,9.999913678788256988e-01
4.865390939511869406e-01,9.999913678788256988e-01
4.865390939511869406e-01,9.999913678788256988e-01
4.865390939511869406e-01,9.999913678788256988e-01
4.865390939511869406e-01,9.999913678788256988e-01
4.865390939511869406e-01,9.999913678788256988e-01
4.865390939511869406e-01,9.999913678788256988e-01
4.865390939511869406e-01,9.999913678788256988e-01
4.865390939511869406e-01,9.999913678788256988e-01
4.865390939511869406e-01,9.999913678788256988e-01
4.865390939511869406e-01,9.999913678788256988e-01
4.865390939511869406e-01,9.999913678788256988e-01
4.865390939511869406e-01,9.999913678788256988e-01
4.865390939511869406e-01,9.999913678788256988e-01
4.865390939511869406e-01,9.999913678788256988e-01
4.865390939511869406e-01,9.999913678788256988e-01
4.865390939511869406e-01,9.999913678788256988e-01
4.865390939511869406e-01,9.999913678788256988e-01
4.865390939511869406e-01,9.999913678788256988e-01
4.865390939511869406e-01,9.999913678788256988e-01
4.865390939511869406e-01,9.999913678788256988e-01
4.864186308390853197e-01,9.999700399284975338e-01
4.864186308390853197e-01,9.999700399284975338e-01
4.864186308390853197e-01,9.999700399284975338e-01
4.864186308390853197e-01,9.999700399284975338e-01
4.864186308390853197e-01,9.999700399284975338e-01
4.864186308390853197e-01,9.999700399284975338e-01
4.864186308390853197e-01,9.999700399284975338e-01
4.864186308390853197e-01,9.999700399284975338e-01
4.864186308390853197e-01,9.999700399284975338e-01
4.864186308390853197e-01,9.999700399284975338e-01
4.864186308390853197e-01,9.999700399284975338e-01
4.864186308390853197e-01,9.999700399284975338e-01
4.864186308390853197e-01,9.999700399284975338e-01
4.864186308390853197e-01,9.999700399284975338e-01
4.864186308390853197e-01,9.999700399284975338e-01
4.864186308390853197e-01,9.999700399284975338e-01
4.864186308390853197e-01,9.999700399284975338e-01
4.864186308390853197e-01,9.999700399284975338e-01
4.864186308390853197e-01,9.999700399284975338e-01
4.864186308390853197e-01,9.999700399284975338e-01
4.864186308390853197e-01,9.999700399284975338e-01
4.864186308390853197e-01,9.999700399284975338e-01
4.864186308390853197e-01,9.999700399284975338e-01
4.864186308390853197e-01,9.999700399284975338e-01
4.864186308390853197e-01,9.999700399284975338e-01
4.864186308390853197e-01,9.999700399284975338e-01
4.864186308390853197e-01,9.999700399284975338e-01
4.864186308390853197e-01,9.999700399284975338e-01
4.864186308390853197e-01,9.999700399284975338e-01
4.864186308390853197e-01,9.999700399284975338e-01
4.864186308390853197e-01,9.999700399284975338e-01
4.864186308390853197e-01,9.999700399284975338e-01
4.864186308390853197e-01,9.999700399284975338e-01
4.864186308390853197e-01,9.999700399284975338e-01
4.864186308390853197e-01,9.999700399284975338e-01
4.864186308390853197e-01,9.999700399284975338e-01
4.864186308390853197e-01,9.999700399284975338e-01
4.864186308390853197e-01,9.999700399284975338e-01
4.864186308390853197e-01,9.999700399284975338e-01
4.864186308390853197e-01,9.999700399284975338e-01
4.864186308390853197e-01,9.999700399284975338e-01
4.864186308390853197e-01,9.999700399284975338e-01
4.864186308390853197e-01,9.999700399284975338e-01
4.864186308390853197e-01,9.999700399284975338e-01
4.864186308390853197e-01,9.999700399284975338e-01
4.864186308390853197e-01,9.999700399284975338e-01
4.864186308390853197e-01,9.999700399284975338e-01
4.864186308390853197e-01,9.999700399284975338e-01
4.864186308390853197e-01,9.999700399284975338e-01
4.864186308390853197e-01,9.999700399284975338e-01
4.864186308390853197e-01,9.999700399284975338e-01
4.864186308390853197e-01,9.999700399284975338e-01
4.864186308390853197e-01,9.999700399284975338e-01
4.864186308390853197e-01,9.999700399284975338e-01
4.864186308390853197e-01,9.999700399284975338e-01
4.864186308390853197e-01,9.999700399284975338e-01
4.864186308390853197e-01,9.999700399284975338e-01
4.864186308390853197e-01,9.999700399284975338e-01
4.864186308390853197e-01,9.999700399284975338e-01
4.864186308390853197e-01,9.999700399284975338e-01
4.864186308390853197e-01,9.999700399284975338e-01
4.864186308390853197e-01,9.999700399284975338e-01
4.864186308390853197e-01,9.999700399284975338e-01
4.864186308390853197e-01,9.999700399284975338e-01
4.864186308390853197e-01,9.999700399284975338e-01
4.864186308390853197e-01,9.999700399284975338e-01
4.864186308390853197e-01,9.999700399284975338e-01
4.864186308390853197e-01,9.999700399284975338e-01
4.864186308390853197e-01,9.999700399284975338e-01
4.864186308390853197e-01,9.999700399284975338e-01
4.864186308390853197e-01,9.999700399284975338e-01
4.864186308390853197e-01,9.999700399284975338e-01
4.864186308390853197e-01,9.999700399284975338e-01
4.864186308390853197e-01,9.999700399284975338e-01
4.864186308390853197e-01,9.999700399284975338e-01
4.864186308390853197e-01,9.999700399284975338e-01
4.864186308390853197e-01,9.999700399284975338e-01
4.864186308390853197e-01,9.999700399284975338e-01
4.864186308390853197e-01,9.999700399284975338e-01
4.864186308390853197e-01,9.999700399284975338e-01
4.864186308390853197e-01,9.999700399284975338e-01
4.864186308390853197e-01,9.999700399284975338e-01
4.864186308390853197e-01,9.999700399284975338e-01
4.864186308390853197e-01,9.999700399284975338e-01
4.864186308390853197e-01,9.999700399284975338e-01
4.864186308390853197e-01,9.999700399284975338e-01
4.864186308390853197e-01,9.999700399284975338e-01
4.864186308390853197e-01,9.999700399284975338e-01
4.863124161610851148e-01,9.999726257522963957e-01
4.863124161610851148e-01,9.999726257522963957e-01
4.862874101087976686e-01,9.995184526922613610e-01
4.862874101087976686e-01,9.995184526922613610e-01
4.862874101087976686e-01,9.995184526922613610e-01
4.862874101087976686e-01,9.995184526922613610e-01
4.862874101087976686e-01,9.995184526922613610e-01
4.862874101087976686e-01,9.995184526922613610e-01
4.862874101087976686e-01,9.995184526922613610e-01
4.862874101087976686e-01,9.995184526922613610e-01
4.862874101087976686e-01,9.995184526922613610e-01
4.862874101087976686e-01,9.995184526922613610e-01
4.864432171219571499e-01,9.997164997034330147e-01
4.864432171219571499e-01,9.997164997034330147e-01
4.864432171219571499e-01,9.997164997034330147e-01
4.864432171219571499e-01,9.997164997034330147e-01
4.865742838020346572e-01,9.999473936015774722e-01
4.865742838020346572e-01,9.999473936015774722e-01
4.865742838020346572e-01,9.999473936015774722e-01
4.865742838020346572e-01,9.999473936015774722e-01
4.865742838020346572e-01,9.999473936015774722e-01
4.865742838020346572e-01,9.999473936015774722e-01
4.865742838020346572e-01,9.999473936015774722e-01
4.865742838020346572e-01,9.999473936015774722e-01
4.865742838020346572e-01,9.999473936015774722e-01
4.865742838020346572e-01,9.999473936015774722e-01
4.865742838020346572e-01,9.999473936015774722e-01
4.865742838020346572e-01,9.999473936015774722e-01
4.865742838020346572e-01,9.999473936015774722e-01
4.865742838020346572e-01,9.999473936015774722e-01
4.865742838020346572e-01,9.999473936015774722e-01
4.865742838020346572e-01,9.999473936015774722e-01
4.865742838020346572e-01,9.999473936015774722e-01
4.865742838020346572e-01,9.999473936015774722e-01
4.865742838020346572e-01,9.999473936015774722e-01
4.865742838020346572e-01,9.999473936015774722e-01
4.865742838020346572e-01,9.999473936015774722e-01
4.865742838020346572e-01,9.999473936015774722e-01
4.865742838020346572e-01,9.999473936015774722e-01
4.865742838020346572e-01,9.999473936015774722e-01
4.865742838020346572e-01,9.999473936015774722e-01
4.865742838020346572e-01,9.999473936015774722e-01
4.865742838020346572e-01,9.999473936015774722e-01
4.865742838020346572e-01,9.999473936015774722e-01
4.865742838020346572e-01,9.999473936015774722e-01
4.865742838020346572e-01,9.999473936015774722e-01
4.865742838020346572e-01,9.999473936015774722e-01
4.865742838020346572e-01,9.999473936015774722e-01
4.865742838020346572e-01,9.999473936015774722e-01
4.865742838020346572e-01,9.999473936015774722e-01
4.865742838020346572e-01,9.999473936015774722e-01
4.865742838020346572e-01,9.999473936015774722e-01
4.865742838020346572e-01,9.999473936015774722e-01
4.865742838020346572e-01,9.999473936015774722e-01
4.865742838020346572e-01,9.999473936015774722e-01
4.865742838020346572e-01,9.999473936015774722e-01
4.865742838020346572e-01,9.999473936015774722e-01
4.865742838020346572e-01,9.999473936015774722e-01
4.865742838020346572e-01,9.999473936015774722e-01
4.865742838020346572e-01,9.999473936015774722e-01
4.865742838020346572e-01,9.999473936015774722e-01
4.865742838020346572e-01,9.999473936015774722e-01
4.865742838020346572e-01,9.999473936015774722e-01
4.865742838020346572e-01,9.999473936015774722e-01
4.865742838020346572e-01,9.999473936015774722e-01
4.865742838020346572e-01,9.999473936015774722e-01
4.865742838020346572e-01,9.999473936015774722e-01
4.865742838020346572e-01,9.999473936015774722e-01
4.865742838020346572e-01,9.999473936015774722e-01
4.865742838020346572e-01,9.999473936015774722e-01
4.865742838020346572e-01,9.999473936015774722e-01
4.865742838020346572e-01,9.999473936015774722e-01
4.865742838020346572e-01,9.999473936015774722e-01
4.865742838020346572e-01,9.999473936015774722e-01
4.865742838020346572e-01,9.999473936015774722e-01
4.865742838020346572e-01,9.999473936015774722e-01
4.865742838020346572e-01,9.999473936015774722e-01
4.865742838020346572e-01,9.999473936015774722e-01
4.865742838020346572e-01,9.999473936015774722e-01
4.865742838020346572e-01,9.999473936015774722e-01
4.865742838020346572e-01,9.999473936015774722e-01
4.865742838020346572e-01,9.999473936015774722e-01
4.865742838020346572e-01,9.999473936015774722e-01
4.865742838020346572e-01,9.999473936015774722e-01
4.865742838020346572e-01,9.999473936015774722e-01
4.865742838020346572e-01,9.999473936015774722e-01
4.865742838020346572e-01,9.999473936015774722e-01
4.865742838020346572e-01,9.999473936015774722e-01
4.865742838020346572e-01,9.999473936015774722e-01
4.865742838020346572e-01,9.999473936015774722e-01
4.865742838020346572e-01,9.999473936015774722e-01
4.865742838020346572e-01,9.999473936015774722e-01
4.865742838020346572e-01,9.999473936015774722e-01
4.865742838020346572e-01,9.999473936015774722e-01
4.865742838020346572e-01,9.999473936015774722e-01
4.865742838020346572e-01,9.999473936015774722e-01
4.865742838020346572e-01,9.999473936015774722e-01
4.865742838020346572e-01,9.999473936015774722e-01
4.865742838020346572e-01,9.999473936015774722e-01
4.865742838020346572e-01,9.999473936015774722e-01
4.865742838020346572e-01,9.999473936015774722e-01
4.865742838020346572e-01,9.999473936015774722e-01
4.865742838020346572e-01,9.999473936015774722e-01
4.865742838020346572e-01,9.999473936015774722e-01
4.865742838020346572e-01,9.999473936015774722e-01
4.865742838020346572e-01,9.999473936015774722e-01
4.864561099325963589e-01,9.998755028758891106e-01
4.864561099325963589e-01,9.998755028758891106e-01
4.864561099325963589e-01,9.998755028758891106e-01
4.864561099325963589e-01,9.998755028758891106e-01
4.864561099325963589e-01,9.998755028758891106e-01
4.864561099325963589e-01,9.998755028758891106e-01
4.580693847815720532e-01,9.985309499923326060e-01
4.573612210935026900e-01,9.985383384012033181e-01
4.569397470744482881e-01,9.975215973832916028e-01
4.582421466218726258e-01,9.984077098013158791e-01
4.572586434874331140e-01,9.983033301328809728e-01
4.572586434874331140e-01,9.983033301328809728e-01
4.572586434874331140e-01,9.983033301328809728e-01
4.574584919133882210e-01,9.996217809187064596e-01
4.578166967295785872e-01,9.984321298006697543e-01
4.577550619050417824e-01,9.991599750100401689e-01
4.577550619050417824e-01,9.991599750100401689e-01
4.578414787688382948e-01,9.992746002867398669e-01
4.578414787688382948e-01,9.992746002867398669e-01
4.578414787688382948e-01,9.992746002867398669e-01
4.578414787688382948e-01,9.992746002867398669e-01
4.571123088461080397e-01,9.974514820985900254e-01
4.581455481722532808e-01,9.995938016293263173e-01
4.581455481722532808e-01,9.995938016293263173e-01
4.581455481722532808e-01,9.995938016293263173e-01
4.568016918330655707e-01,9.983272302887192806e-01
4.579562864956707724e-01,9.979684427136854552e-01
4.579138754766093888e-01,9.977576116041770860e-01
4.571856596544414120e-01,9.984447976468955321e-01
4.581167980627159908e-01,9.996235353764865161e-01
4.581167980627159908e-01,9.996235353764865161e-01
4.578454580782460037e-01,9.992569829453946673e-01
4.578454580782460037e-01,9.992569829453946673e-01
4.578454580782460037e-01,9.992569829453946673e-01
4.578454580782460037e-01,9.992569829453946673e-01
4.573983013910756235e-01,9.995332781688986978e-01
4.585725618696178119e-01,9.995601464825988325e-01
4.571838033109839605e-01,9.972252002995054543e-01
4.567576227953638046e-01,9.955120995498154546e-01
4.572492667653544340e-01,9.980976290032024245e-01
4.564955972479897151e-01,9.972921975331211497e-01
4.569034638095951228e-01,9.964865195864210934e-01
4.572864759191670458e-01,9.966295418671748951e-01
4.577598679984571373e-01,9.999432834467031350e-01
4.580729223976273690e-01,9.993345378599426398e-01
4.569079880224986012e-01,9.960650214789377177e-01
4.585631327446771377e-01,9.994912792827483905e-01
4.581924463677948811e-01,9.996001140385787354e-01
4.581924463677948811e-01,9.996001140385787354e-01
4.580645774282839922e-01,9.993121781611042920e-01
4.580645774282839922e-01,9.993121781611042920e-01
4.580645774282839922e-01,9.993121781611042920e-01
4.584262271036970149e-01,9.993679413247121834e-01
4.570179481438006452e-01,9.980792691176152420e-01
4.580615567742515326e-01,9.984586843986598126e-01
4.573165982233642346e-01,9.997628990818853145e-01
4.573165982233642346e-01,9.997628990818853145e-01
4.574883304501690118e-01,9.986163969503892845e-01
4.575915746205577728e-01,9.983330357948403400e-01
4.572140906381180203e-01,9.978180881202025621e-01
4.572550810080419637e-01,9.978738272529914521e-01
4.578447097785620645e-01,9.987160272724139309e-01
4.580405634171145213e-01,9.984903296066299783e-01
4.572833202779119643e-01,9.956328406189491886e-01
4.580061421521092191e-01,9.994895419107241441e-01
4.570804988640710942e-01,9.979808708660988792e-01
4.577219144827626707e-01,9.998441151828441065e-01
4.579547709579772641e-01,9.996675314008135471e-01
4.579547709579772641e-01,9.996675314008135471e-01
4.579547709579772641e-01,9.996675314008135471e-01
4.579547709579772641e-01,9.996675314008135471e-01
4.579570246295001645e-01,9.975828373910454738e-01
4.578123161523074969e-01,9.998255910709270555e-01
4.579427835644327427e-01,9.999630697201740137e-01
4.582714897617331529e-01,9.999205152880485947e-01
4.571032250924121909e-01,9.985801823220460394e-01
4.575388092995469891e-01,9.984153735082381687e-01
4.573882064492792443e-01,9.994379292924896463e-01
4.576226784487408272e-01,9.994656196279846361e-01
4.576551560535342955e-01,9.988351090288034584e-01
4.576551560535342955e-01,9.988351090288034584e-01
4.576551560535342955e-01,9.988351090288034584e-01
4.576551560535342955e-01,9.988351090288034584e-01
4.584701683071978340e-01,9.981635281023198969e-01
4.572144141955368224e-01,9.960350929733730041e-01
4.564398957544504309e-01,9.958214833271215038e-01
4.579311575285399116e-01,9.996897098785416658e-01
4.573831197680034433e-01,9.994254224611495152e-01
4.573831197680034433e-01,9.994254224611495152e-01
4.574916543550897052e-01,9.981099844471024163e-01
4.581499451172586501e-01,9.991542796903900570e-01
4.567105039138139033e-01,9.970306651072999848e-01
4.578288369052488926e-01,9.987817004769328211e-01
4.580429898388728716e-01,9.984356376019550838e-01
4.580429898388728716e-01,9.984356376019550838e-01
4.582874496688574273e-01,9.982931622326535193e-01
4.577981628671939918e-01,9.988108997364910646e-01
4.574754074485066213e-01,9.986442124267295162e-01
4.570284742469385986e-01,9.987324150341829743e-01
4.575716022315886589e-01,9.987223636815286687e-01
4.580853882064765403e-01,9.984954082624381000e-01
4.580853882064765403e-01,9.984954082624381000e-01
4.581671661696325448e-01,9.987396854980248317e-01
4.581671661696325448e-01,9.987396854980248317e-01
4.582807073415688937e-01,9.991004921601820410e-01
4.573774659190432135e-01,9.990805421700401645e-01
4.582263000057306135e-01,9.994319021291000471e-01
4.583059181312246766e-01,9.997583837930514861e-01
4.583059181312246766e-01,9.997583837930514861e-01
4.583059181312246766e-01,9.997583837930514861e-01
4.583059181312246766e-01,9.997583837930514861e-01
4.567458698677748785e-01,9.996541909142961924e-01
4.568542461779175889e-01,9.958540869035580334e-01
4.569621714152284353e-01,9.969887060464077688e-01
4.576975437087618670e-01,9.984170106175158654e-01
4.575937068813887287e-01,9.975477478461206582e-01
4.575937068813887287e-01,9.975477478461206582e-01
4.568104961573742351e-01,9.965162210553570876e-01
4.578999839895357971e-01,9.994445486467101736e-01
4.573723211172930903e-01,9.988201963762380897e-01
4.577811518216645670e-01,9.990320962915667513e-01
4.577811518216645670e-01,9.990320962915667513e-01
4.582045642445499722e-01,9.995612591484283049e-01
4.571102852152155172e-01,9.984835631517148258e-01
4.571810835461426192e-01,9.968695202296129487e-01
4.565674856840345464e-01,9.974607445066593359e-01
4.579664911962594287e-01,9.975003209016614081e-01
4.569662494883510173e-01,9.996008212945896032e-01
4.573997023520626204e-01,9.992933681018564274e-01
4.573997023520626204e-01,9.992933681018564274e-01
4.579110761138412977e-01,9.999807692954733040e-01
4.574201121693952099e-01,9.998757651818086511e-01
4.578195355454027782e-01,9.992206469570973359e-01
4.578195355454027782e-01,9.992206469570973359e-01
4.574735799766462274e-01,9.999250302373379196e-01
4.573272693213858986e-01,9.999732506150931233e-01
4.565176108259186849e-01,9.975273775316051417e-01
4.579352836064319310e-01,9.987464809112325259e-01
4.579352836064319310e-01,9.987464809112325259e-01
4.579352836064319310e-01,9.987464809112325259e-01
4.576272178161643334e-01,9.986444208550384616e-01
4.571243538803648199e-01,9.970015085041165070e-01
4.574256393893663675e-01,9.982414859099474347e-01
4.586100683315296744e-01,9.993589476145147144e-01
4.582987168593825045e-01,9.985849191903261035e-01
4.576423632464360902e-01,9.997034678250720230e-01
4.578198662321913415e-01,9.968558339413717828e-01
4.579032439245585007e-01,9.993550737356907687e-01
4.574144414104774348e-01,9.970842945974573990e-01
4.577688395548165090e-01,9.980231421776178946e-01
4.574890376080326670e-01,9.986110605086995218e-01
4.574890376080326670e-01,9.986110605086995218e-01
4.574890376080326670e-01,9.986110605086995218e-01
4.577898669302909451e-01,9.998038074310384715e-01
4.579798476359201453e-01,9.997493081534876147e-01
4.577308082099327269e-01,9.968081896073904824e-01
4.571944437709899445e-01,9.966102629358576381e-01
4.575665134598427275e-01,9.984715175831941902e-01
4.575456131156580009e-01,9.984292661718269235e-01
4.574922830538188379e-01,9.990148882678858699e-01
4.574569968803129383e-01,9.993632823495973705e-01
4.575907564911984027e-01,9.988816494532157808e-01
4.575907564911984027e-01,9.988816494532157808e-01
4.571232845310210235e-01,9.996271858304677238e-01
4.564127449672831793e-01,9.978900570197292152e-01
4.571213025470520219e-01,9.964369611421745043e-01
4.574175914902097739e-01,9.997207361036292150e-01
4.574175914902097739e-01,9.997207361036292150e-01
4.571577174806714106e-01,9.962388894688691821e-01
4.567815967746550188e-01,9.955652822663115797e-01
4.570001089598209609e-01,9.971793612470505330e-01
4.571401418905089442e-01,9.950298771237521267e-01
4.573979877899341240e-01,9.979925407709773211e-01
4.577584791020182231e-01,9.991461126556954175e-01
4.577584791020182231e-01,9.991461126556954175e-01
4.577584791020182231e-01,9.991461126556954175e-01
4.579043739141684943e-01,9.998318866950646200e-01
4.579043739141684943e-01,9.998318866950646200e-01
4.580647239290157602e-01,9.999000666619307642e-01
4.580111542253811341e-01,9.997882068544075018e-01
4.570356580104726341e-01,9.969960658488769001e-01
4.576767496951397729e-01,9.968768714726990998e-01
4.566208626236846757e-01,9.957614861069364887e-01
4.575126834975786760e-01,9.994717973561948465e-01
4.575126834975786760e-01,9.994717973561948465e-01
4.575126834975786760e-01,9.994717973561948465e-01
4.570238208699274329e-01,9.979060060787102726e-01
4.579306393304631295e-01,9.994408663299985118e-01
4.579306393304631295e-01,9.994408663299985118e-01
4.579306393304631295e-01,9.994408663299985118e-01
4.579306393304631295e-01,9.994408663299985118e-01
4.579306393304631295e-01,9.994408663299985118e-01
4.579306393304631295e-01,9.994408663299985118e-01
4.575699680574129014e-01,9.976659626868495945e-01
4.584800484129172848e-01,9.997082508957676472e-01
4.584800484129172848e-01,9.997082508957676472e-01
4.584265060322249563e-01,9.986444401023756301e-01
4.571108382804087711e-01,9.978576529962083219e-01
4.580997274687531595e-01,9.999189946927149464e-01
4.569750130993687764e-01,9.974606938729865258e-01
4.572979959336675448e-01,9.982696578354894879e-01
4.579926787108444253e-01,9.994166261513631744e-01
4.579926787108444253e-01,9.994166261513631744e-01
4.582651300178960940e-01,9.992168144688257092e-01
4.574613916523977419e-01,9.992780688815693368e-01
4.568056178337586704e-01,9.997075252261149458e-01
4.570845474876454873e-01,9.999865120676948438e-01
4.575474575402612154e-01,9.978906362191395374e-01
4.573025562766337981e-01,9.963812748212361736e-01
4.564420161656765340e-01,9.948377437945438162e-01
4.571585116768558388e-01,9.980808840547634730e-01
4.579653253096663268e-01,9.982980244134851411e-01
4.578482279563224622e-01,9.970633461676511322e-01
4.576279529147922465e-01,9.978754952121295929e-01
4.583944401600693053e-01,9.995171474065591699e-01
4.574883861664388873e-01,9.989499398812096143e-01
4.570820357821570590e-01,9.970905866473966928e-01
4.576758898699073708e-01,9.982986053777525015e-01
4.580749161905570688e-01,9.997071333045886021e-01
4.577762486112907925e-01,9.977309201145559969e-01
4.572347689959442296e-01,9.998171501495839442e-01
4.579636940484754226e-01,9.977101226555550317e-01
4.582760641422899961e-01,9.999865754484434932e-01
4.571356259794171484e-01,9.973378858490150600e-01
4.571363419235837111e-01,9.977881330719846620e-01
4.584072195353331991e-01,9.998966993385378643e-01
4.574597145995758507e-01,9.988217240761606552e-01
4.577509793023210038e-01,9.992026762569214959e-01
4.572432888799183304e-01,9.971083409653961338e-01
4.572432888799183304e-01,9.971083409653961338e-01
4.574170143877975270e-01,9.979331230553739607e-01
4.585842499544960371e-01,9.993314346640170820e-01
4.576058567513617836e-01,9.997932619117512187e-01
4.576058567513617836e-01,9.997932619117512187e-01
4.576058567513617836e-01,9.997932619117512187e-01
4.575513822099041006e-01,9.993363613168537718e-01
4.572382135250300239e-01,9.976079214589100852e-01
4.572382135250300239e-01,9.976079214589100852e-01
4.572382135250300239e-01,9.976079214589100852e-01
4.582552049360350543e-01,9.993069306159556575e-01
4.577883936852571445e-01,9.991818723631742394e-01
4.579642308889070867e-01,9.989575733332172192e-01
4.574934014739270860e-01,9.996521864978775707e-01
4.574990851311530049e-01,9.997879050839042492e-01
4.576571407377383327e-01,9.990263913384523908e-01
4.570550813724377770e-01,9.957154107415308042e-01
4.573528622593966420e-01,9.992507026099808343e-01
4.573528622593966420e-01,9.992507026099808343e-01
4.573528622593966420e-01,9.992507026099808343e-01
4.575770938888234496e-01,9.980985203046743859e-01
4.584690235478404152e-01,9.991337418301248219e-01
4.581922216529317193e-01,9.988820010813027617e-01
4.585268265870650062e-01,9.999622081349758274e-01
4.574580889872760792e-01,9.984231892499365602e-01
4.574580889872760792e-01,9.984231892499365602e-01
4.575257238910908075e-01,9.984255020963812566e-01
4.573587773207868912e-01,9.988255849406965092e-01
4.575353174430610292e-01,9.998820760957115583e-01
4.575353174430610292e-01,9.998820760957115583e-01
4.575353174430610292e-01,9.998820760957115583e-01
4.576760651150187931e-01,9.991992679341239469e-01
4.576760651150187931e-01,9.991992679341239469e-01
4.570524710624785936e-01,9.977381718233990782e-01
4.579778693506216247e-01,9.997572089320532207e-01
4.579778693506216247e-01,9.997572089320532207e-01
4.572178252300654888e-01,9.992538704590250287e-01
4.572348793002899980e-01,9.996189826208686791e-01
4.568896602967101317e-01,9.967650667877404613e-01
4.568896602967101317e-01,9.967650667877404613e-01
4.571649798440597934e-01,9.979751703551681397e-01
4.572065894963003863e-01,9.949553376812882988e-01
4.571183260594777753e-01,9.985491683236944471e-01
4.575882848076398002e-01,9.990415372478903544e-01
4.572493742848072751e-01,9.987887274549457350e-01
4.573465973005431673e-01,9.985632969043145568e-01
4.572496795390416646e-01,9.995045832542037711e-01
4.572496795390416646e-01,9.995045832542037711e-01
4.568244704520267874e-01,9.967423243437436575e-01
4.580756997266554609e-01,9.991485414277339050e-01
4.580756997266554609e-01,9.991485414277339050e-01
4.580756997266554609e-01,9.991485414277339050e-01
4.562670064132098857e-01,9.952945133042009340e-01
4.571260194589405468e-01,9.965443593830821678e-01
4.572970525237560757e-01,9.959840648637396932e-01
4.585144131642303611e-01,9.998551456796628267e-01
4.585144131642303611e-01,9.998551456796628267e-01
4.579534143994495876e-01,9.997560025154355046e-01
4.579534143994495876e-01,9.997560025154355046e-01
4.579469660124387276e-01,9.990448279177102098e-01
4.574473679441662943e-01,9.988395457675097733e-01
4.568282718182469226e-01,9.989969182350774135e-01
4.562495641517721467e-01,9.953702433897039237e-01
4.575487375724950345e-01,9.997083720972543830e-01
4.575487375724950345e-01,9.997083720972543830e-01
4.566389836584059392e-01,9.979022916157003209e-01
4.573752948991123835e-01,9.959725991440285808e-01
4.574027646999426211e-01,9.978078954735617456e-01
4.574871859510666883e-01,9.998055904526691462e-01
4.574620990832305445e-01,9.998479741434775914e-01
4.574620990832305445e-01,9.998479741434775914e-01
4.575752593428045190e-01,9.985079554933349311e-01
4.574173355196869406e-01,9.981548358250529329e-01
4.575613754702066993e-01,9.985832406706691700e-01
4.575613754702066993e-01,9.985832406706691700e-01
4.576336928637653179e-01,9.982961505716050343e-01
4.574704414639454431e-01,9.992460838365615494e-01
4.575421759363410557e-01,9.994981549694408329e-01
4.575421759363410557e-01,9.994981549694408329e-01
4.575421759363410557e-01,9.994981549694408329e-01
4.575421759363410557e-01,9.994981549694408329e-01
4.588782753411052573e-01,9.999422522575852623e-01
4.588782753411052573e-01,9.999422522575852623e-01
4.586505110590706757e-01,9.997441093118736299e-01
4.576035566372992358e-01,9.983248496264327532e-01
4.573792152150310542e-01,9.982744845522739663e-01
4.573792152150310542e-01,9.982744845522739663e-01
4.573792152150310542e-01,9.982744845522739663e-01
4.578430900315799690e-01,9.996357943513631827e-01
4.578430900315799690e-01,9.996357943513631827e-01
4.578152760995649051e-01,9.986979747286801601e-01
4.576507732977079246e-01,9.986175487728888855e-01
4.573791157005727137e-01,9.990190366858704429e-01
4.573791157005727137e-01,9.990190366858704429e-01
4.577512940463445146e-01,9.995272473705564265e-01
4.577512940463445146e-01,9.995272473705564265e-01
4.581870517899461204e-01,9.997149342709249487e-01
4.581870517899461204e-01,9.997149342709249487e-01
4.575330307234321547e-01,9.981488559407425409e-01
4.576299723757104032e-01,9.993987686791341307e-01
4.576662790766493627e-01,9.979095859173110483e-01
4.578673744795234701e-01,9.990464336001482204e-01
4.573154656456122069e-01,9.965215470677908360e-01
4.566871019743155569e-01,9.969274811572099715e-01
4.581090756838803180e-01,9.994064541803709956e-01
4.581090756838803180e-01,9.994064541803709956e-01
4.581090756838803180e-01,9.994064541803709956e-01
4.581090756838803180e-01,9.994064541803709956e-01
4.580881551525055051e-01,9.993508411768184940e-01
4.580881551525055051e-01,9.993508411768184940e-01
4.580983700994905594e-01,9.988982611276923107e-01
4.580983700994905594e-01,9.988982611276923107e-01
4.575553889421861142e-01,9.987010522811706759e-01
4.569813048538462485e-01,9.974554132656823224e-01
4.567319806156979189e-01,9.949119289253840481e-01
4.570455429891289723e-01,9.972831314218251197e-01
4.574465424710648098e-01,9.971374502813431517e-01
4.571910841310833917e-01,9.995953864254654153e-01
4.571502679263772517e-01,9.995284101868809890e-01
4.589264724296827080e-01,9.998847871375824425e-01
4.574423694932622242e-01,9.997323452908201125e-01
4.573092641107902034e-01,9.993164686715475531e-01
4.582275015893436110e-01,9.984786895028321396e-01
4.577418142840655180e-01,9.997752007522376916e-01
4.577418142840655180e-01,9.997752007522376916e-01
4.583808936945263923e-01,9.989291983037966727e-01
4.569759154984135430e-01,9.974748573276027708e-01
4.559235550045015462e-01,9.949674648288804324e-01
4.571977535241187884e-01,9.978443677362138775e-01
4.574465735131664768e-01,9.983296444610155751e-01
4.577141378084770840e-01,9.995318963153365655e-01
4.562066047860606210e-01,9.970627170860343336e-01
4.566882982542072034e-01,9.960732759950581272e-01
4.571345285790195390e-01,9.961406429194802348e-01
4.567449028521300969e-01,9.955299521507279259e-01
4.562223886467523526e-01,9.984490732559859749e-01
4.583417351612242285e-01,9.999083416030286608e-01
4.583417351612242285e-01,9.999083416030286608e-01
4.580112506023277241e-01,9.987864067948427627e-01
4.586368005212382304e-01,9.996816098084480018e-01
4.579085020944421713e-01,9.984935117264448490e-01
4.574134515362548448e-01,9.992367835427836686e-01
4.577320966812170044e-01,9.991751057535734892e-01
4.577320966812170044e-01,9.991751057535734892e-01
4.578258743859108804e-01,9.996964459113710788e-01
4.578258743859108804e-01,9.996964459113710788e-01
4.578258743859108804e-01,9.996964459113710788e-01
4.578258743859108804e-01,9.996964459113710788e-01
4.578258743859108804e-01,9.996964459113710788e-01
4.578258743859108804e-01,9.996964459113710788e-01
4.578258743859108804e-01,9.996964459113710788e-01
4.578258743859108804e-01,9.996964459113710788e-01
4.579195316973362906e-01,9.998449301678431489e-01
4.579195316973362906e-01,9.998449301678431489e-01
4.579195316973362906e-01,9.998449301678431489e-01
4.579195316973362906e-01,9.998449301678431489e-01
4.570935438971012732e-01,9.993595342750697386e-01
4.573543728233482875e-01,9.992904754630059783e-01
4.584191933846248901e-01,9.993752794924637417e-01
4.576414608763716974e-01,9.999526403942718966e-01
4.568264420619015942e-01,9.977835586789941535e-01
4.574473026885344518e-01,9.975119343724340171e-01
4.570123148204761621e-01,9.985176356857190516e-01
4.570123148204761621e-01,9.985176356857190516e-01
4.581550188844177307e-01,9.988339007066789899e-01
4.562545875339371615e-01,9.977375666891292738e-01
4.573410882380753995e-01,9.996160616849746328e-01
4.567159664167851352e-01,9.953257703089446462e-01
4.567159664167851352e-01,9.953257703089446462e-01
4.577470970043056031e-01,9.981395628543591192e-01
4.577470970043056031e-01,9.981395628543591192e-01
4.574839274874716866e-01,9.986541855380201005e-01
4.574839274874716866e-01,9.986541855380201005e-01
4.571417777974370877e-01,9.988143037468890650e-01
4.571417777974370877e-01,9.988143037468890650e-01
4.580503118896898096e-01,9.990836134354320608e-01
4.562451905421359144e-01,9.967340921037609602e-01
4.581305421263258681e-01,9.997527777854634534e-01
4.578514177902188731e-01,9.994926800424375202e-01
4.578514177902188731e-01,9.994926800424375202e-01
4.577688776156649264e-01,9.991895311562183357e-01
4.577688776156649264e-01,9.991895311562183357e-01
4.575952327404114728e-01,9.989269830127164296e-01
4.575952327404114728e-01,9.989269830127164296e-01
4.575952327404114728e-01,9.989269830127164296e-01
4.575952327404114728e-01,9.989269830127164296e-01
4.561096289651679347e-01,9.954598731010718682e-01
4.586368987207187775e-01,9.998186703545538512e-01
4.578292404491521306e-01,9.974085914485746329e-01
4.585959308561310399e-01,9.993222958251998245e-01
4.579499482102308283e-01,9.990850962186833550e-01
4.569990054996782569e-01,9.940951976582551586e-01
4.580216529277628124e-01,9.986712210179115035e-01
4.580448581694882559e-01,9.990965137204451674e-01
4.581063947858892149e-01,9.999653473233792722e-01
4.576026052807067313e-01,9.989531416321705271e-01
4.564113706362110112e-01,9.952870075929716176e-01
4.577684520062663132e-01,9.994625258018718927e-01
4.571800381678394753e-01,9.987821656821901373e-01
4.571800381678394753e-01,9.987821656821901373e-01
4.580742069245838932e-01,9.986335853489126668e-01
4.568845210497382570e-01,9.958869761351213379e-01
4.575492532766791687e-01,9.980665911420232295e-01
4.583257345267585658e-01,9.998295488736420600e-01
4.583257345267585658e-01,9.998295488736420600e-01
4.577014023944667720e-01,9.978786035760304207e-01
4.577014023944667720e-01,9.978786035760304207e-01
4.577848295633951126e-01,9.993866298559603845e-01
4.577848295633951126e-01,9.993866298559603845e-01
4.569098483148470446e-01,9.974214486394863410e-01
4.579129153140868436e-01,9.980060527343428411e-01
4.579457798706945137e-01,9.989994370658993317e-01
4.574983727988297666e-01,9.996051214753131076e-01
4.577644908700067017e-01,9.990609419220343179e-01
4.577644908700067017e-01,9.990609419220343179e-01
4.577644908700067017e-01,9.990609419220343179e-01
4.571184525437281265e-01,9.976867205383772585e-01
4.568798351771581334e-01,9.968527378141779360e-01
4.570138761648688819e-01,9.978571947472085757e-01
4.575036927129800257e-01,9.989225188732006044e-01
4.574121208187584831e-01,9.971770800481090102e-01
4.567391026172231694e-01,9.978361959873892628e-01
4.569524432850717299e-01,9.988410214269214382e-01
4.584011883527431830e-01,9.999816166754283975e-01
4.584011883527431830e-01,9.999816166754283975e-01
4.581371339881544769e-01,9.995158135731313509e-01
4.559481711947275251e-01,9.917224652160425702e-01
4.564925259871255303e-01,9.966924737969693471e-01
4.575206845683585932e-01,9.980058797117037361e-01
4.579258925105082478e-01,9.993404539988922641e-01
4.579258925105082478e-01,9.993404539988922641e-01
4.579258925105082478e-01,9.993404539988922641e-01
4.571868968551035528e-01,9.997495647624587978e-01
4.569034284639738597e-01,9.967449861663004729e-01
4.569034284639738597e-01,9.967449861663004729e-01
4.578510052589213064e-01,9.976074974845726695e-01
4.579268492792477052e-01,9.983738050078179160e-01
4.580516992950925959e-01,9.997798129655455224e-01
4.580516992950925959e-01,9.997798129655455224e-01
4.578555957982227698e-01,9.998990544188999241e-01
4.577132616461707659e-01,9.982623588319176067e-01
4.574122197503783793e-01,9.999596658949765349e-01
4.574122197503783793e-01,9.999596658949765349e-01
4.581045420736072904e-01,9.997092066684915013e-01
4.581045420736072904e-01,9.997092066684915013e-01
4.581045420736072904e-01,9.997092066684915013e-01
4.579103615729347432e-01,9.973733632612320488e-01
4.571882366554643196e-01,9.974521803121992880e-01
4.586972667006132265e-01,9.996170040861308559e-01
4.577798269080588511e-01,9.994754802152082673e-01
4.570921369783886301e-01,9.985960894731090720e-01
4.587753063740217518e-01,9.996710535970813050e-01
4.569793375031513394e-01,9.975893389197448835e-01
4.573275633736811341e-01,9.994165228950169233e-01
4.583777136981738720e-01,9.998398673316265528e-01
4.583777136981738720e-01,9.998398673316265528e-01
4.578100837362946707e-01,9.990610171985055965e-01
4.580298327681983639e-01,9.999729134119648144e-01
4.578513412923325698e-01,9.984489163026359915e-01
4.582456182300561065e-01,9.994087101083934943e-01
4.582456182300561065e-01,9.994087101083934943e-01
4.575057460303977863e-01,9.980350349397653087e-01
4.572613055471553833e-01,9.990347997288605564e-01
4.576641155191218391e-01,9.992823450111258943e-01
4.579320560285964903e-01,9.999983297710678398e-01
4.584818083517506748e-01,9.990560483460694252e-01
4.566987647297262587e-01,9.981980510529023798e-01
4.576998601223469243e-01,9.993835277692059149e-01
4.577914206057507318e-01,9.993213727960534865e-01
4.577364425226347344e-01,9.993779015254278253e-01
4.577364425226347344e-01,9.993779015254278253e-01
4.577364425226347344e-01,9.993779015254278253e-01
4.581404248636897769e-01,9.989155557729775259e-01
4.573647798692354050e-01,9.990280541104994416e-01
4.566179612207565963e-01,9.970358586466695483e-01
4.563205500560813532e-01,9.946521583761417373e-01
4.572304929713435495e-01,9.963051134172792311e-01
4.570494514362899996e-01,9.991641381435725222e-01
4.578395170670438996e-01,9.977511051710370449e-01
4.568292981350919324e-01,9.957352639568288755e-01
4.578715994116867583e-01,9.990003722033821143e-01
4.578636385657692265e-01,9.985289085337148984e-01
4.564972233030657467e-01,9.966264826080200034e-01
4.578404993415692292e-01,9.995775050466023659e-01
4.576254416105932643e-01,9.986086532298491525e-01
4.566970535503210304e-01,9.968589176958962961e-01
4.578509036992576275e-01,9.990622567114045838e-01
4.580884303580710637e-01,9.975448974843872385e-01
4.573849861635861935e-01,9.984644320921890470e-01
4.574630740786524985e-01,9.993993534370922971e-01
4.568786887190621204e-01,9.957809250690433656e-01
4.572342269610443211e-01,9.982650418313993024e-01
4.575207106667958379e-01,9.999249069017691616e-01
4.579144111155200592e-01,9.992214668385934750e-01
4.578300792758789317e-01,9.986454458413327462e-01
4.578300792758789317e-01,9.986454458413327462e-01
4.567523749672025013e-01,9.956857579070828024e-01
4.572082693570844736e-01,9.962918452802711489e-01
4.573536429233739931e-01,9.974790502355155297e-01
4.576036629937767497e-01,9.966680202032902613e-01
4.572706078388883988e-01,9.989346922396111772e-01
4.572706078388883988e-01,9.989346922396111772e-01
4.572706078388883988e-01,9.989346922396111772e-01
4.579912706029711789e-01,9.995543316964111691e-01
4.565644560522797435e-01,9.951517215683810536e-01
4.572324285399438359e-01,9.977060690238794827e-01
4.575925432537711335e-01,9.999394438816572306e-01
4.581787093380231823e-01,9.992009507158069459e-01
4.586452840970635103e-01,9.997575160519633908e-01
4.571370123622629511e-01,9.972225592111731984e-01
4.578977705236630391e-01,9.992739240077954666e-01
4.579112028176394733e-01,9.991751640253780931e-01
4.568324410504117639e-01,9.974294421672554867e-01
4.572983726363306078e-01,9.993485806578804587e-01
4.585108303432125498e-01,9.997916890684704905e-01
4.569275431803642151e-01,9.979030446290304557e-01
4.569870685561197021e-01,9.957557148976224903e-01
4.581538333120390716e-01,9.994642271740565853e-01
4.581538333120390716e-01,9.994642271740565853e-01
4.581538333120390716e-01,9.994642271740565853e-01
4.576471208352599351e-01,9.994815865251199805e-01
4.574021032467019965e-01,9.972202260564612120e-01
4.576741019516962772e-01,9.997976395421875884e-01
4.577514041294575842e-01,9.996238986999944620e-01
4.577514041294575842e-01,9.996238986999944620e-01
4.577514041294575842e-01,9.996238986999944620e-01
4.575361633341180623e-01,9.980935532783798969e-01
4.577148758814045260e-01,9.964424617456253408e-01
4.574791869149862356e-01,9.982313348904409134e-01
4.570009336707717695e-01,9.964488135798077462e-01
4.570009336707717695e-01,9.964488135798077462e-01
4.572492005882297095e-01,9.977479093671022259e-01
4.580466191846274127e-01,9.998143764606535200e-01
4.580466191846274127e-01,9.998143764606535200e-01
4.567616189697632501e-01,9.961643610971550045e-01
4.567717671374651456e-01,9.979569501401167608e-01
4.577197935637219439e-01,9.980080267604782840e-01
4.576336159997818065e-01,9.989281150442502755e-01
4.576947862502638853e-01,9.985884452053597204e-01
4.578816603832820409e-01,9.997677585056545801e-01
4.578816603832820409e-01,9.997677585056545801e-01
4.574336304160148692e-01,9.996342153894259841e-01
4.577405358683197534e-01,9.983906057013473001e-01
4.577673259445450005e-01,9.996366699907593967e-01
4.575625676631023264e-01,9.995929926104842878e-01
4.574263654002518886e-01,9.992137840467857357e-01
4.564983081529062070e-01,9.953679830015504937e-01
4.570829373170194332e-01,9.998217208380700827e-01
4.569282217264569734e-01,9.976656283310255668e-01
4.577433515165391653e-01,9.992740180787050841e-01
4.577433515165391653e-01,9.992740180787050841e-01
4.568425545072407612e-01,9.972250191224473204e-01
4.567595234803212834e-01,9.977789787441768699e-01
4.572867065440724965e-01,9.986839046091875449e-01
4.584527683009688159e-01,9.992681449534890348e-01
4.565643712043250813e-01,9.942120245646602905e-01
4.575773879018787960e-01,9.980403115844601603e-01
4.575848804394304636e-01,9.976439976554172251e-01
4.571727734241111674e-01,9.967075515545248399e-01
4.572889700697664317e-01,9.973683575559469938e-01
4.569916531673771098e-01,9.977749079672115773e-01
4.570955932052611081e-01,9.996933537825877236e-01
4.579487374466407190e-01,9.971342528459298249e-01
4.586002837926170805e-01,9.998136047006316307e-01
4.574006644544175160e-01,9.964253679843545486e-01
4.565277978339147280e-01,9.973634915185644045e-01
4.569098221183834352e-01,9.961291490868317000e-01
4.578505698787017075e-01,9.992768529842068759e-01
4.578505698787017075e-01,9.992768529842068759e-01
4.585287028519511310e-01,9.993913566440714158e-01
4.584297156930203232e-01,9.993153672215581151e-01
4.578412713093273356e-01,9.988651784457860394e-01
4.578412713093273356e-01,9.988651784457860394e-01
4.579529706447704740e-01,9.985615201321820233e-01
4.578373540363169791e-01,9.996391307214267385e-01
4.575793365415958269e-01,9.995169891334417800e-01
4.582293269391125579e-01,9.991372141186916078e-01
4.575286397194039401e-01,9.995802513839924242e-01
4.575286397194039401e-01,9.995802513839924242e-01
4.571958842285398505e-01,9.981453085002801595e-01
4.578687938938133528e-01,9.996367670351417045e-01
4.578687938938133528e-01,9.996367670351417045e-01
4.581526213096883127e-01,9.986596935989391355e-01
4.570837542259836295e-01,9.993697936718374253e-01
4.576891063281044447e-01,9.990970720453340448e-01
4.576891063281044447e-01,9.990970720453340448e-01
4.579384169468384558e-01,9.985894169748271709e-01
4.572801921653726342e-01,9.979951398368490656e-01
4.581712011528393802e-01,9.990753301762971272e-01
4.581712011528393802e-01,9.990753301762971272e-01
4.578324967551740121e-01,9.988117167559273923e-01
4.577475915940169560e-01,9.990393407726313457e-01
4.579480443958879321e-01,9.988747494663707815e-01
4.588834023421926589e-01,9.993384944967319550e-01
4.577582840157027877e-01,9.992995180003154676e-01
4.577680452951215506e-01,9.984672214972593052e-01
4.577680452951215506e-01,9.984672214972593052e-01
4.577680452951215506e-01,9.984672214972593052e-01
4.578414400573138643e-01,9.989362333326283760e-01
4.578414400573138643e-01,9.989362333326283760e-01
4.571938590787213430e-01,9.995681008274434065e-01
4.577487620593430617e-01,9.979959947373849838e-01
4.574478868587020797e-01,9.979236117252328064e-01
4.581109057272471641e-01,9.996734608551005596e-01
4.578897031595987044e-01,9.996850947141477928e-01
4.578897031595987044e-01,9.996850947141477928e-01
4.574021424766530619e-01,9.972149437065378486e-01
4.575072791274317763e-01,9.996460268111936331e-01
4.575072791274317763e-01,9.996460268111936331e-01
4.569055321228143174e-01,9.985487859063769678e-01
4.579878249066192675e-01,9.993595433778852399e-01
4.579878249066192675e-01,9.993595433778852399e-01
4.572531727669165713e-01,9.956420953462407075e-01
4.572531727669165713e-01,9.956420953462407075e-01
4.575080839104673780e-01,9.987997126968818362e-01
4.569322421919397303e-01,9.965112825769765204e-01
4.576415465804086202e-01,9.983945100773576886e-01
4.583881424940903782e-01,9.994790002348882263e-01
4.583881424940903782e-01,9.994790002348882263e-01
4.583881424940903782e-01,9.994790002348882263e-01
4.583881424940903782e-01,9.994790002348882263e-01
4.583420870178491202e-01,9.994123954793011633e-01
4.571698442609939406e-01,9.979091719181496511e-01
4.568034769182259258e-01,9.996809271551008180e-01
4.564152382076802072e-01,9.962299334893165437e-01
4.575739731275460520e-01,9.999765520794455798e-01
4.575739731275460520e-01,9.999765520794455798e-01
4.575739731275460520e-01,9.999765520794455798e-01
4.571170052039981724e-01,9.980764946752761491e-01
4.571170052039981724e-01,9.980764946752761491e-01
4.571024030133854499e-01,9.992640649852473356e-01
4.577157340539402264e-01,9.992213096917201831e-01
4.575437299310468608e-01,9.973527719760192367e-01
4.573974284783847155e-01,9.996923228793460625e-01
4.565453963061961162e-01,9.960990394236185486e-01
4.578381353265502107e-01,9.997809012993597033e-01
4.578381353265502107e-01,9.997809012993597033e-01
4.577726616844996488e-01,9.997684852608087480e-01
4.574067709358078937e-01,9.999252264737091833e-01
4.576904282302224347e-01,9.988039815741864835e-01
4.578175415291537154e-01,9.996061131325880700e-01
4.578770086413865292e-01,9.995786724332912376e-01
4.578770086413865292e-01,9.995786724332912376e-01
4.570608787018888841e-01,9.979696973660763248e-01
4.585029350195350961e-01,9.997839121560188058e-01
4.573893211555298821e-01,9.968466261621798941e-01
4.578838366549318750e-01,9.998785374317198382e-01
4.579947819463831005e-01,9.994881346578009529e-01
4.579947819463831005e-01,9.994881346578009529e-01
4.577396560296416173e-01,9.998562951129897902e-01
4.577396560296416173e-01,9.998562951129897902e-01
4.571345766922471632e-01,9.997024565126645390e-01
4.571345766922471632e-01,9.997024565126645390e-01
4.567637870383175480e-01,9.968621141670030994e-01
4.575776193929647628e-01,9.996404644713025034e-01
4.567545194463695779e-01,9.965553618222012799e-01
4.576493849677257253e-01,9.967903443137889896e-01
4.577413250023820157e-01,9.987377699571937661e-01
4.561307807763948508e-01,9.922098081652025447e-01
4.565785257596528535e-01,9.968163702651693381e-01
4.552473197926013015e-01,9.899471719126861080e-01
4.570255262372278637e-01,9.942733336062535843e-01
4.583117041631804001e-01,9.992734503751534714e-01
4.583117041631804001e-01,9.992734503751534714e-01
4.577990828562266135e-01,9.995362687398418045e-01
4.577990828562266135e-01,9.995362687398418045e-01
4.580644809370906789e-01,9.998948242088409044e-01
4.580644809370906789e-01,9.998948242088409044e-01
4.580644809370906789e-01,9.998948242088409044e-01
4.580644809370906789e-01,9.998948242088409044e-01
4.571543602516636162e-01,9.978009659487262484e-01
4.580063876409358192e-01,9.986141704967501642e-01
4.576055481746066911e-01,9.977004535978847288e-01
4.575860991494813401e-01,9.979773595751605386e-01
4.575311125824598202e-01,9.979418634874046568e-01
4.577567217606176575e-01,9.974832996204335833e-01
4.574968613564216469e-01,9.970535395373554266e-01
4.578555831893209582e-01,9.997924816684656824e-01
4.580068399940604995e-01,9.997717623387856190e-01
4.564973982312967027e-01,9.959689575442928211e-01
4.580330384065319227e-01,9.981642741342389158e-01
4.574616697777573182e-01,9.961995967127182938e-01
4.583805507507831001e-01,9.996347410686262647e-01
4.573488540755699105e-01,9.960555517768512335e-01
4.573488540755699105e-01,9.960555517768512335e-01
4.584385525667742933e-01,9.987105209341945455e-01
4.580434852836789417e-01,9.969683233132742295e-01
4.579811283533953281e-01,9.992203451495755839e-01
4.573602217726597807e-01,9.987613350123445422e-01
4.564175227920362343e-01,9.963990423097943694e-01
4.571442228878421221e-01,9.980277944429214454e-01
4.582041723374144504e-01,9.987310286710767704e-01
4.579063308691473932e-01,9.998051398259015787e-01
4.579063308691473932e-01,9.998051398259015787e-01
4.579063308691473932e-01,9.998051398259015787e-01
4.559524922176393935e-01,9.950255574633957156e-01
4.565236763478322524e-01,9.937483106216912221e-01
4.568102608631711692e-01,9.992354010930730723e-01
4.572522291971721220e-01,9.986760805464319768e-01
4.572522291971721220e-01,9.986760805464319768e-01
4.565017638243298870e-01,9.955724014645667141e-01
4.566949259705416764e-01,9.989140541733042555e-01
4.570122171466591277e-01,9.993111200320843324e-01
4.572548919917900356e-01,9.971443191706852449e-01
4.580721553797339474e-01,9.981948019215807211e-01
4.570300017732668585e-01,9.956795472501848154e-01
4.577617610541747650e-01,9.999750680591217300e-01
4.577617610541747650e-01,9.999750680591217300e-01
4.577617610541747650e-01,9.999750680591217300e-01
4.573688234695495458e-01,9.977912723796519279e-01
4.581880261038480673e-01,9.999135501421477779e-01
4.572689834899736350e-01,9.972084498065817426e-01
4.571470100603353126e-01,9.989026302807314517e-01
4.574946635204613088e-01,9.980298906662230518e-01
4.583901804244696621e-01,9.998764991804975910e-01
4.583901804244696621e-01,9.998764991804975910e-01
4.583901804244696621e-01,9.998764991804975910e-01
4.579670147570790162e-01,9.995133363491504053e-01
4.579670147570790162e-01,9.995133363491504053e-01
4.583377384544357058e-01,9.995597301413252644e-01
4.583377384544357058e-01,9.995597301413252644e-01
4.586496042268514706e-01,9.994260220211175216e-01
4.581299052090607726e-01,9.995667036560549334e-01
4.582106902325472353e-01,9.993492899007609953e-01
4.579846207331247920e-01,9.989037575667137903e-01
4.579846207331247920e-01,9.989037575667137903e-01
4.579846207331247920e-01,9.989037575667137903e-01
4.579846207331247920e-01,9.989037575667137903e-01
4.572450786895707053e-01,9.981857060005718818e-01
4.573133800236159896e-01,9.994680513524833998e-01
4.569093561510018664e-01,9.962269414144442337e-01
4.577671958146912745e-01,9.985130996105394674e-01
4.570148982662968207e-01,9.983399254663569700e-01
4.578889845732251329e-01,9.992023570189476622e-01
4.580783448599028418e-01,9.995770226039109030e-01
4.580783448599028418e-01,9.995770226039109030e-01
4.572118922500332805e-01,9.985405436893428632e-01
4.572811516178775237e-01,9.982842383522702034e-01
4.572811516178775237e-01,9.982842383522702034e-01
4.573671768269232385e-01,9.986574365402869358e-01
4.579783657785781448e-01,9.998693145184645026e-01
4.579783657785781448e-01,9.998693145184645026e-01
4.579783657785781448e-01,9.998693145184645026e-01
4.579783657785781448e-01,9.998693145184645026e-01
4.571399282271077502e-01,9.970077078572233686e-01
4.573018505740079620e-01,9.983019537694785006e-01
4.584561634092322868e-01,9.985554240706455698e-01
4.574155780381217173e-01,9.973714509188975619e-01
4.582842778857950661e-01,9.990949506136298508e-01
4.581061724954305636e-01,9.997926907887643155e-01
4.573559664842465899e-01,9.982890776311010850e-01
4.576410493363704535e-01,9.989794510402548733e-01
4.582450921242500197e-01,9.989687941934265458e-01
4.572721158809485154e-01,9.997429724184085931e-01
4.572721158809485154e-01,9.997429724184085931e-01
4.572721158809485154e-01,9.997429724184085931e-01
4.580312841347028985e-01,9.993237857372826438e-01
4.580312841347028985e-01,9.993237857372826438e-01
4.580312841347028985e-01,9.993237857372826438e-01
4.575456179924445865e-01,9.990453901668595593e-01
4.579637729574647098e-01,9.992704875792389752e-01
4.579637729574647098e-01,9.992704875792389752e-01
4.576259157168412472e-01,9.992919855973391163e-01
4.576259157168412472e-01,9.992919855973391163e-01
4.576259157168412472e-01,9.992919855973391163e-01
4.581762908705634962e-01,9.993250343078983189e-01
4.570922032684310299e-01,9.985636200721261790e-01
4.575107709454696026e-01,9.975515441122509985e-01
4.564942397886492254e-01,9.963288112886810044e-01
4.578355512786070336e-01,9.990393278426267232e-01
4.578355512786070336e-01,9.990393278426267232e-01
4.587127212449266800e-01,9.999683825490782718e-01
4.568576777440391812e-01,9.951365115126474814e-01
4.583282810592920753e-01,9.986849654806698728e-01
4.575961538215247426e-01,9.979578022762746192e-01
4.570157556030428059e-01,9.974294753126143886e-01
4.572523392440413503e-01,9.987303573884881436e-01
4.566423384264414187e-01,9.960978083260256799e-01
4.561501477229624180e-01,9.962660125199885863e-01
4.577630978781770943e-01,9.994269937889109778e-01
4.563306597832902378e-01,9.981852441319264413e-01
4.575668883041503210e-01,9.990741423214550831e-01
4.580547724204663829e-01,9.992298340710438209e-01
4.580547724204663829e-01,9.992298340710438209e-01
4.580547724204663829e-01,9.992298340710438209e-01
4.580547724204663829e-01,9.992298340710438209e-01
4.563332141487371763e-01,9.930050097611641258e-01
4.574237337771920320e-01,9.983855927753341186e-01
4.572864055428702557e-01,9.985414526825422410e-01
4.568850535407418811e-01,9.961060602250149110e-01
4.568850535407418811e-01,9.961060602250149110e-01
4.562952172214042590e-01,9.963473098038457820e-01
4.570777546385445533e-01,9.972922598390203675e-01
4.567490435507847168e-01,9.985849225444825006e-01
4.579685124133787144e-01,9.999717249237540795e-01
4.579685124133787144e-01,9.999717249237540795e-01
4.579685124133787144e-01,9.999717249237540795e-01
4.579685124133787144e-01,9.999717249237540795e-01
4.579685124133787144e-01,9.999717249237540795e-01
4.564961295428721644e-01,9.920284734564936979e-01
4.586333439157866954e-01,9.998033348648567298e-01
4.580623920796942916e-01,9.998572353221849562e-01
4.580623920796942916e-01,9.998572353221849562e-01
4.580623920796942916e-01,9.998572353221849562e-01
4.580623920796942916e-01,9.998572353221849562e-01
4.577071346776693805e-01,9.993270411222259231e-01
4.574791320756320667e-01,9.998959866100287641e-01
4.574791320756320667e-01,9.998959866100287641e-01
4.576631387037245480e-01,9.998157732984577217e-01
4.576705793345884343e-01,9.992746226113213837e-01
4.578748451312557033e-01,9.997382410506299166e-01
4.578748451312557033e-01,9.997382410506299166e-01
4.578748451312557033e-01,9.997382410506299166e-01
4.578748451312557033e-01,9.997382410506299166e-01
4.580681660586312653e-01,9.986774663055039136e-01
4.583693950174305143e-01,9.996386842362050551e-01
4.578160301731726278e-01,9.983759303291119824e-01
4.573447271218011312e-01,9.981307826630722024e-01
4.586475331370101216e-01,9.999213857516703330e-01
4.553922758751926536e-01,9.934919130970958356e-01
4.578733992352413962e-01,9.988431243116712155e-01
4.578733992352413962e-01,9.988431243116712155e-01
4.575571277882646837e-01,9.992092536349230780e-01
4.575571277882646837e-01,9.992092536349230780e-01
4.565577316379995643e-01,9.964117306773270233e-01
4.581460636889622129e-01,9.997654852531721037e-01
4.573944448727633172e-01,9.978553802153482533e-01
4.579806330613580556e-01,9.987151026319662783e-01
4.579806330613580556e-01,9.987151026319662783e-01
4.577394619493058703e-01,9.983778144106216779e-01
4.571342404091769951e-01,9.955931990721144098e-01
4.571271770238337639e-01,9.984546322158313059e-01
4.586176422777698547e-01,9.990517120632285142e-01
4.570537101485181442e-01,9.980076109505925386e-01
4.578539155130686988e-01,9.984687608887253818e-01
4.571084522354183499e-01,9.958848959793028532e-01
4.576201549211282860e-01,9.986640200162104630e-01
4.573769521660165926e-01,9.989265365523706253e-01
4.575059733136212503e-01,9.984048799572942112e-01
4.577774300404841568e-01,9.984420684420314274e-01
4.575057922539853550e-01,9.962950549361949681e-01
4.580961883999148387e-01,9.986904178841412572e-01
4.566960428958968810e-01,9.963163107606131108e-01
4.572038803497541770e-01,9.996211441171245493e-01
4.569504930472857440e-01,9.999676339864533858e-01
4.573416496897934613e-01,9.990511065277006830e-01
4.587463806911338815e-01,9.995914014245695922e-01
4.580793782301292860e-01,9.995885711550797081e-01
4.585925389537047203e-01,9.999781055056725654e-01
4.585925389537047203e-01,9.999781055056725654e-01
4.585925389537047203e-01,9.999781055056725654e-01
4.579333615960113346e-01,9.998455589720307568e-01
4.577661629842397217e-01,9.985137916539321701e-01
4.575761537981772875e-01,9.997975504933952484e-01
4.580647558474639225e-01,9.986667973304356183e-01
4.580647558474639225e-01,9.986667973304356183e-01
4.568395358715962584e-01,9.965341625497928790e-01
4.576062683393268271e-01,9.997579504607103651e-01
4.576062683393268271e-01,9.997579504607103651e-01
4.577061623391962542e-01,9.986655165887939889e-01
4.577061623391962542e-01,9.986655165887939889e-01
4.579126235177836124e-01,9.992436312540318166e-01
4.579126235177836124e-01,9.992436312540318166e-01
4.582761068992520781e-01,9.994406551412626794e-01
4.582187876675336002e-01,9.997299973648549054e-01
4.579394058076471374e-01,9.994393372440298906e-01
4.571308045508141737e-01,9.973950675932091725e-01
4.579471780776280254e-01,9.998929715737548962e-01
4.579471780776280254e-01,9.998929715737548962e-01
4.567891429785770896e-01,9.960559120427985302e-01
4.569361142362834416e-01,9.974169952005643713e-01
4.574759758995921577e-01,9.997259671851402851e-01
4.577106369153283172e-01,9.998123547833228653e-01
4.579752976334932613e-01,9.998244063346442001e-01
4.577661437825270574e-01,9.999328025458991132e-01
4.577661437825270574e-01,9.999328025458991132e-01
4.579942135698303329e-01,9.989765718141204731e-01
4.582919519947717957e-01,9.983883589125222002e-01
4.575236120579395105e-01,9.974257620780572209e-01
4.575236120579395105e-01,9.974257620780572209e-01
4.578815285922617218e-01,9.988964005293614612e-01
4.578815285922617218e-01,9.988964005293614612e-01
4.579343484137889941e-01,9.983997373562801814e-01
4.571494905525391728e-01,9.984150362682467916e-01
4.570052694765767698e-01,9.990586454121856974e-01
4.572898947806458003e-01,9.972890882514144906e-01
4.581058736241835905e-01,9.990463079116307377e-01
4.578604880259531384e-01,9.971323283145339111e-01
4.567377753363910386e-01,9.957538862229380339e-01
4.581164414009901709e-01,9.998567844493339019e-01
4.570855565913654051e-01,9.963991510103220595e-01
4.570855565913654051e-01,9.963991510103220595e-01
4.583419993976706186e-01,9.989301997951837153e-01
4.576150023701752168e-01,9.997689984633801874e-01
4.576150023701752168e-01,9.997689984633801874e-01
4.576150023701752168e-01,9.997689984633801874e-01
4.576150023701752168e-01,9.997689984633801874e-01
4.576150023701752168e-01,9.997689984633801874e-01
4.572706464880223476e-01,9.982737478232970307e-01
4.568369247201384820e-01,9.973690199498247422e-01
4.567514250626142913e-01,9.970188950889345980e-01
4.561532652599834536e-01,9.965399016651040887e-01
4.573789145419551727e-01,9.978282110084700784e-01
4.570826398409483238e-01,9.990340721988030248e-01
4.567795221296961916e-01,9.969532467030783884e-01
4.580707637037522706e-01,9.996998886580512611e-01
4.578082046644393888e-01,9.980618644926971816e-01
4.578676309614961859e-01,9.990420432680398033e-01
4.570562920485071734e-01,9.993625320257932820e-01
4.576192883119014065e-01,9.997451458963555471e-01
4.576192883119014065e-01,9.997451458963555471e-01
4.576192883119014065e-01,9.997451458963555471e-01
4.576192883119014065e-01,9.997451458963555471e-01
4.576192883119014065e-01,9.997451458963555471e-01
4.576192883119014065e-01,9.997451458963555471e-01
4.571882662224711624e-01,9.992552805752328293e-01
4.581650889017293005e-01,9.998916672397757388e-01
4.582003679750922820e-01,9.983941471239998755e-01
4.573671246496382459e-01,9.963039521385078645e-01
4.573671246496382459e-01,9.963039521385078645e-01
4.572003744183307794e-01,9.986945172996606335e-01
4.587469456554245650e-01,9.997982719551848918e-01
4.581017391537492434e-01,9.987224290085382483e-01
4.581017391537492434e-01,9.987224290085382483e-01
4.568951062418905029e-01,9.975124297412280017e-01
4.584244221977099021e-01,9.994962306666564933e-01
4.579684408522695649e-01,9.994845264072848012e-01
4.579684408522695649e-01,9.994845264072848012e-01
4.578857928074668848e-01,9.994916182015832762e-01
4.567454550797566681e-01,9.979137693314777957e-01
4.573435328102340436e-01,9.953897358864924882e-01
4.576277831167565591e-01,9.991474667653668096e-01
4.576277831167565591e-01,9.991474667653668096e-01
4.581391563231144715e-01,9.993285182473768957e-01
4.581391563231144715e-01,9.993285182473768957e-01
4.587465561734986874e-01,9.997868470197983637e-01
4.570419427342748420e-01,9.988681643763599460e-01
4.570419427342748420e-01,9.988681643763599460e-01
4.570419427342748420e-01,9.988681643763599460e-01
4.568192353424657126e-01,9.972683415000204166e-01
4.573928898718012670e-01,9.978811448803961426e-01
4.578304236842533625e-01,9.997452418847005973e-01
4.578304236842533625e-01,9.997452418847005973e-01
4.574977065465433146e-01,9.984637931475826012e-01
4.578597078977106327e-01,9.995014237919379596e-01
4.578120818663827807e-01,9.985868882652235712e-01
4.581726013140105525e-01,9.994626177405799838e-01
4.575464995943098190e-01,9.985382883299891432e-01
4.579256245307444240e-01,9.983216360965516678e-01
4.579256245307444240e-01,9.983216360965516678e-01
4.576848231506319142e-01,9.987229185214919758e-01
4.576848231506319142e-01,9.987229185214919758e-01
4.574033459286195313e-01,9.988612770331386503e-01
4.580674828436466783e-01,9.992342151029505182e-01
4.575549083803670536e-01,9.991261062924960967e-01
4.581472812930604266e-01,9.989351030993263159e-01
4.581472812930604266e-01,9.989351030993263159e-01
4.583145226327993704e-01,9.998695144953273495e-01
4.567117233366602136e-01,9.958387860478964404e-01
4.567920090449490989e-01,9.981987892825079367e-01
4.568970866612228621e-01,9.971309701258492808e-01
4.575484206241959839e-01,9.983740418273806538e-01
4.578047522049204510e-01,9.995288718922412663e-01
4.575558678533374612e-01,9.978984245584167079e-01
4.581664389959889117e-01,9.988313714536888321e-01
4.581664389959889117e-01,9.988313714536888321e-01
4.581664389959889117e-01,9.988313714536888321e-01
4.578131568225395354e-01,9.988485356282306160e-01
4.563731373691130022e-01,9.959156300520719540e-01
4.572823117676471649e-01,9.995257109353204994e-01
4.568899016772154376e-01,9.992254708956855858e-01
4.570121697102092484e-01,9.992025367828776261e-01
4.579375414362824026e-01,9.998420384166151198e-01
4.564368938347415638e-01,9.976534235143439400e-01
4.568008224378001247e-01,9.980695062263642559e-01
4.571735051548930229e-01,9.982609580541679239e-01
4.570422420946652076e-01,9.978687746786754076e-01
4.522609625296183933e-01,9.999141106564376491e-01
4.522609625296183933e-01,9.999141106564376491e-01
4.522609625296183933e-01,9.999141106564376491e-01
4.522609625296183933e-01,9.999141106564376491e-01
4.522609625296183933e-01,9.999141106564376491e-01
4.522609625296183933e-01,9.999141106564376491e-01
4.522609625296183933e-01,9.999141106564376491e-01
4.522609625296183933e-01,9.999141106564376491e-01
4.522609625296183933e-01,9.999141106564376491e-01
4.522542681701341438e-01,9.997847608768560823e-01
4.522542681701341438e-01,9.997847608768560823e-01
4.521324371141268172e-01,9.992448388758777833e-01
4.524235613124788502e-01,9.999913115171803479e-01
4.524235613124788502e-01,9.999913115171803479e-01
4.524235613124788502e-01,9.999913115171803479e-01
4.524235613124788502e-01,9.999913115171803479e-01
4.524235613124788502e-01,9.999913115171803479e-01
4.524235613124788502e-01,9.999913115171803479e-01
4.524235613124788502e-01,9.999913115171803479e-01
4.524235613124788502e-01,9.999913115171803479e-01
4.524235613124788502e-01,9.999913115171803479e-01
4.524235613124788502e-01,9.999913115171803479e-01
4.524235613124788502e-01,9.999913115171803479e-01
4.524235613124788502e-01,9.999913115171803479e-01
4.521060530260089805e-01,9.999011317287842537e-01
4.521060530260089805e-01,9.999011317287842537e-01
4.517788359229528705e-01,9.992022287358095500e-01
4.518732088545086567e-01,9.986840870004544124e-01
4.518732088545086567e-01,9.986840870004544124e-01
4.518732088545086567e-01,9.986840870004544124e-01
4.522549948040345269e-01,9.992022447794047801e-01
4.522549948040345269e-01,9.992022447794047801e-01
4.521578027345367068e-01,9.997014545229574445e-01
4.521578027345367068e-01,9.997014545229574445e-01
4.521578027345367068e-01,9.997014545229574445e-01
4.521578027345367068e-01,9.997014545229574445e-01
4.521578027345367068e-01,9.997014545229574445e-01
4.521578027345367068e-01,9.997014545229574445e-01
4.521578027345367068e-01,9.997014545229574445e-01
4.521578027345367068e-01,9.997014545229574445e-01
4.521578027345367068e-01,9.997014545229574445e-01
4.521578027345367068e-01,9.997014545229574445e-01
4.521578027345367068e-01,9.997014545229574445e-01
4.521578027345367068e-01,9.997014545229574445e-01
4.521548960579198639e-01,9.997082363323819276e-01
4.521548960579198639e-01,9.997082363323819276e-01
4.521548960579198639e-01,9.997082363323819276e-01
4.521548960579198639e-01,9.997082363323819276e-01
4.521548960579198639e-01,9.997082363323819276e-01
4.521548960579198639e-01,9.997082363323819276e-01
4.521548960579198639e-01,9.997082363323819276e-01
4.521548960579198639e-01,9.997082363323819276e-01
4.521548960579198639e-01,9.997082363323819276e-01
4.521548960579198639e-01,9.997082363323819276e-01
4.521548960579198639e-01,9.997082363323819276e-01
4.521548960579198639e-01,9.997082363323819276e-01
4.521548960579198639e-01,9.997082363323819276e-01
4.521548960579198639e-01,9.997082363323819276e-01
4.521548960579198639e-01,9.997082363323819276e-01
4.521548960579198639e-01,9.997082363323819276e-01
4.521548960579198639e-01,9.997082363323819276e-01
4.521548960579198639e-01,9.997082363323819276e-01
4.521548960579198639e-01,9.997082363323819276e-01
4.521548960579198639e-01,9.997082363323819276e-01
4.521548960579198639e-01,9.997082363323819276e-01
4.521548960579198639e-01,9.997082363323819276e-01
4.521548960579198639e-01,9.997082363323819276e-01
4.521548960579198639e-01,9.997082363323819276e-01
4.521548960579198639e-01,9.997082363323819276e-01
4.521548960579198639e-01,9.997082363323819276e-01
4.521548960579198639e-01,9.997082363323819276e-01
4.521548960579198639e-01,9.997082363323819276e-01
4.521548960579198639e-01,9.997082363323819276e-01
4.521548960579198639e-01,9.997082363323819276e-01
4.521548960579198639e-01,9.997082363323819276e-01
4.521548960579198639e-01,9.997082363323819276e-01
4.521548960579198639e-01,9.997082363323819276e-01
4.522359907154706593e-01,9.996214521408428588e-01
4.522359907154706593e-01,9.996214521408428588e-01
4.522359907154706593e-01,9.996214521408428588e-01
4.522359907154706593e-01,9.996214521408428588e-01
4.522359907154706593e-01,9.996214521408428588e-01
4.522359907154706593e-01,9.996214521408428588e-01
4.521645343092094982e-01,9.995076142912600048e-01
4.521645343092094982e-01,9.995076142912600048e-01
4.521645343092094982e-01,9.995076142912600048e-01
4.521645343092094982e-01,9.995076142912600048e-01
4.521645343092094982e-01,9.995076142912600048e-01
4.521645343092094982e-01,9.995076142912600048e-01
4.521645343092094982e-01,9.995076142912600048e-01
4.521645343092094982e-01,9.995076142912600048e-01
4.521645343092094982e-01,9.995076142912600048e-01
4.521645343092094982e-01,9.995076142912600048e-01
4.521645343092094982e-01,9.995076142912600048e-01
4.521645343092094982e-01,9.995076142912600048e-01
4.521645343092094982e-01,9.995076142912600048e-01
4.521645343092094982e-01,9.995076142912600048e-01
4.521645343092094982e-01,9.995076142912600048e-01
4.521645343092094982e-01,9.995076142912600048e-01
4.521645343092094982e-01,9.995076142912600048e-01
4.523054195969543612e-01,9.998586157925029028e-01
4.523054195969543612e-01,9.998586157925029028e-01
4.523054195969543612e-01,9.998586157925029028e-01
4.523054195969543612e-01,9.998586157925029028e-01
4.523054195969543612e-01,9.998586157925029028e-01
4.523054195969543612e-01,9.998586157925029028e-01
4.523054195969543612e-01,9.998586157925029028e-01
4.523054195969543612e-01,9.998586157925029028e-01
4.523054195969543612e-01,9.998586157925029028e-01
4.523054195969543612e-01,9.998586157925029028e-01
4.523054195969543612e-01,9.998586157925029028e-01
4.523054195969543612e-01,9.998586157925029028e-01
4.523054195969543612e-01,9.998586157925029028e-01
4.521530833131110483e-01,9.997009746764382587e-01
4.521530833131110483e-01,9.997009746764382587e-01
4.521530833131110483e-01,9.997009746764382587e-01
4.521530833131110483e-01,9.997009746764382587e-01
4.523929501381452889e-01,9.998976007791405829e-01
4.523929501381452889e-01,9.998976007791405829e-01
4.523929501381452889e-01,9.998976007791405829e-01
4.523929501381452889e-01,9.998976007791405829e-01
4.523929501381452889e-01,9.998976007791405829e-01
4.523929501381452889e-01,9.998976007791405829e-01
4.523929501381452889e-01,9.998976007791405829e-01
4.523929501381452889e-01,9.998976007791405829e-01
4.523929501381452889e-01,9.998976007791405829e-01
4.523929501381452889e-01,9.998976007791405829e-01
4.523929501381452889e-01,9.998976007791405829e-01
4.523929501381452889e-01,9.998976007791405829e-01
4.523929501381452889e-01,9.998976007791405829e-01
4.523929501381452889e-01,9.998976007791405829e-01
4.523929501381452889e-01,9.998976007791405829e-01
4.523929501381452889e-01,9.998976007791405829e-01
4.523929501381452889e-01,9.998976007791405829e-01
4.523929501381452889e-01,9.998976007791405829e-01
4.523929501381452889e-01,9.998976007791405829e-01
4.523929501381452889e-01,9.998976007791405829e-01
4.523929501381452889e-01,9.998976007791405829e-01
4.523929501381452889e-01,9.998976007791405829e-01
4.523929501381452889e-01,9.998976007791405829e-01
4.523929501381452889e-01,9.998976007791405829e-01
4.522817568482508377e-01,9.998439496161376505e-01
4.522817568482508377e-01,9.998439496161376505e-01
4.522817568482508377e-01,9.998439496161376505e-01
4.521255851234542988e-01,9.997648626333417443e-01
4.521255851234542988e-01,9.997648626333417443e-01
4.521255851234542988e-01,9.997648626333417443e-01
4.521255851234542988e-01,9.997648626333417443e-01
4.521892332734273601e-01,9.996308095777428626e-01
4.521892332734273601e-01,9.996308095777428626e-01
4.521892332734273601e-01,9.996308095777428626e-01
4.521892332734273601e-01,9.996308095777428626e-01
4.521892332734273601e-01,9.996308095777428626e-01
4.521892332734273601e-01,9.996308095777428626e-01
4.521892332734273601e-01,9.996308095777428626e-01
4.521892332734273601e-01,9.996308095777428626e-01
4.521892332734273601e-01,9.996308095777428626e-01
4.521892332734273601e-01,9.996308095777428626e-01
4.521892332734273601e-01,9.996308095777428626e-01
4.521892332734273601e-01,9.996308095777428626e-01
4.521892332734273601e-01,9.996308095777428626e-01
4.521892332734273601e-01,9.996308095777428626e-01
4.521561885034240391e-01,9.997003289282010430e-01
4.521561885034240391e-01,9.997003289282010430e-01
4.521561885034240391e-01,9.997003289282010430e-01
4.521561885034240391e-01,9.997003289282010430e-01
4.521561885034240391e-01,9.997003289282010430e-01
4.521561885034240391e-01,9.997003289282010430e-01
4.521561885034240391e-01,9.997003289282010430e-01
4.521561885034240391e-01,9.997003289282010430e-01
4.521561885034240391e-01,9.997003289282010430e-01
4.521561885034240391e-01,9.997003289282010430e-01
4.521561885034240391e-01,9.997003289282010430e-01
4.521561885034240391e-01,9.997003289282010430e-01
4.521561885034240391e-01,9.997003289282010430e-01
4.521561885034240391e-01,9.997003289282010430e-01
4.521561885034240391e-01,9.997003289282010430e-01
4.521561885034240391e-01,9.997003289282010430e-01
4.521561885034240391e-01,9.997003289282010430e-01
4.521561885034240391e-01,9.997003289282010430e-01
4.521561885034240391e-01,9.997003289282010430e-01
4.521561885034240391e-01,9.997003289282010430e-01
4.521561885034240391e-01,9.997003289282010430e-01
4.521561885034240391e-01,9.997003289282010430e-01
4.521561885034240391e-01,9.997003289282010430e-01
4.521561885034240391e-01,9.997003289282010430e-01
4.521561885034240391e-01,9.997003289282010430e-01
4.521561885034240391e-01,9.997003289282010430e-01
4.521561885034240391e-01,9.997003289282010430e-01
4.521561885034240391e-01,9.997003289282010430e-01
4.521561885034240391e-01,9.997003289282010430e-01
4.521561885034240391e-01,9.997003289282010430e-01
4.521561885034240391e-01,9.997003289282010430e-01
4.521561885034240391e-01,9.997003289282010430e-01
4.521561885034240391e-01,9.997003289282010430e-01
4.521561885034240391e-01,9.997003289282010430e-01
4.521561885034240391e-01,9.997003289282010430e-01
4.521561885034240391e-01,9.997003289282010430e-01
4.521561885034240391e-01,9.997003289282010430e-01
4.521561885034240391e-01,9.997003289282010430e-01
4.521007890657888217e-01,9.995134413713780974e-01
4.521007890657888217e-01,9.995134413713780974e-01
4.521007890657888217e-01,9.995134413713780974e-01
4.521007890657888217e-01,9.995134413713780974e-01
4.521007890657888217e-01,9.995134413713780974e-01
4.521007890657888217e-01,9.995134413713780974e-01
4.521007890657888217e-01,9.995134413713780974e-01
4.521007890657888217e-01,9.995134413713780974e-01
4.521007890657888217e-01,9.995134413713780974e-01
4.521007890657888217e-01,9.995134413713780974e-01
4.521007890657888217e-01,9.995134413713780974e-01
4.521007890657888217e-01,9.995134413713780974e-01
4.521007890657888217e-01,9.995134413713780974e-01
4.521007890657888217e-01,9.995134413713780974e-01
4.521007890657888217e-01,9.995134413713780974e-01
4.521007890657888217e-01,9.995134413713780974e-01
4.521007890657888217e-01,9.995134413713780974e-01
4.521007890657888217e-01,9.995134413713780974e-01
4.521007890657888217e-01,9.995134413713780974e-01
4.521007890657888217e-01,9.995134413713780974e-01
4.521007890657888217e-01,9.995134413713780974e-01
4.521007890657888217e-01,9.995134413713780974e-01
4.521007890657888217e-01,9.995134413713780974e-01
4.521007890657888217e-01,9.995134413713780974e-01
4.521007890657888217e-01,9.995134413713780974e-01
4.521007890657888217e-01,9.995134413713780974e-01
4.521007890657888217e-01,9.995134413713780974e-01
4.521007890657888217e-01,9.995134413713780974e-01
4.521007890657888217e-01,9.995134413713780974e-01
4.521007890657888217e-01,9.995134413713780974e-01
4.521007890657888217e-01,9.995134413713780974e-01
4.521007890657888217e-01,9.995134413713780974e-01
4.521007890657888217e-01,9.995134413713780974e-01
4.521501160884978110e-01,9.996646241799831412e-01
4.520349855990525856e-01,9.999691510223501778e-01
4.520349855990525856e-01,9.999691510223501778e-01
4.520349855990525856e-01,9.999691510223501778e-01
4.520349855990525856e-01,9.999691510223501778e-01
4.521155666880494195e-01,9.999898763629565535e-01
4.521155666880494195e-01,9.999898763629565535e-01
4.521155666880494195e-01,9.999898763629565535e-01
4.521155666880494195e-01,9.999898763629565535e-01
4.522658007917040313e-01,9.999351597122296820e-01
4.522658007917040313e-01,9.999351597122296820e-01
4.522658007917040313e-01,9.999351597122296820e-01
4.522658007917040313e-01,9.999351597122296820e-01
4.522658007917040313e-01,9.999351597122296820e-01
4.522658007917040313e-01,9.999351597122296820e-01
4.522658007917040313e-01,9.999351597122296820e-01
4.520866422180975785e-01,9.997509066902457997e-01
4.520866422180975785e-01,9.997509066902457997e-01
4.520866422180975785e-01,9.997509066902457997e-01
4.520866422180975785e-01,9.997509066902457997e-01
4.520866422180975785e-01,9.997509066902457997e-01
4.523942464069926617e-01,9.999102300407055610e-01
4.523942464069926617e-01,9.999102300407055610e-01
4.523942464069926617e-01,9.999102300407055610e-01
4.523942464069926617e-01,9.999102300407055610e-01
4.523942464069926617e-01,9.999102300407055610e-01
4.523942464069926617e-01,9.999102300407055610e-01
4.523942464069926617e-01,9.999102300407055610e-01
4.523942464069926617e-01,9.999102300407055610e-01
4.523942464069926617e-01,9.999102300407055610e-01
4.523942464069926617e-01,9.999102300407055610e-01
4.523942464069926617e-01,9.999102300407055610e-01
4.523942464069926617e-01,9.999102300407055610e-01
4.523942464069926617e-01,9.999102300407055610e-01
4.523942464069926617e-01,9.999102300407055610e-01
4.523942464069926617e-01,9.999102300407055610e-01
4.523942464069926617e-01,9.999102300407055610e-01
4.520061861367460909e-01,9.998516735937907907e-01
4.522530933835404721e-01,9.997955720216616937e-01
4.522530933835404721e-01,9.997955720216616937e-01
4.522530933835404721e-01,9.997955720216616937e-01
4.524010800235871432e-01,9.999847202939123880e-01
4.524010800235871432e-01,9.999847202939123880e-01
4.524010800235871432e-01,9.999847202939123880e-01
4.524010800235871432e-01,9.999847202939123880e-01
4.524010800235871432e-01,9.999847202939123880e-01
4.524010800235871432e-01,9.999847202939123880e-01
4.524010800235871432e-01,9.999847202939123880e-01
4.524010800235871432e-01,9.999847202939123880e-01
4.524010800235871432e-01,9.999847202939123880e-01
4.524010800235871432e-01,9.999847202939123880e-01
4.524010800235871432e-01,9.999847202939123880e-01
4.525527545610759650e-01,9.999730392121058964e-01
4.522509819127739084e-01,9.993241577843315904e-01
4.522509819127739084e-01,9.993241577843315904e-01
4.522509819127739084e-01,9.993241577843315904e-01
4.522509819127739084e-01,9.993241577843315904e-01
4.522509819127739084e-01,9.993241577843315904e-01
4.522509819127739084e-01,9.993241577843315904e-01
4.522509819127739084e-01,9.993241577843315904e-01
4.522509819127739084e-01,9.993241577843315904e-01
4.522509819127739084e-01,9.993241577843315904e-01
4.521025171969967338e-01,9.992814965103009595e-01
4.521025171969967338e-01,9.992814965103009595e-01
4.521025171969967338e-01,9.992814965103009595e-01
4.521025171969967338e-01,9.992814965103009595e-01
4.520463078609399665e-01,9.997843593971567078e-01
4.523119161378075237e-01,9.998600943630001625e-01
4.523119161378075237e-01,9.998600943630001625e-01
4.522373599848946157e-01,9.998376684800636127e-01
4.522373599848946157e-01,9.998376684800636127e-01
4.522373599848946157e-01,9.998376684800636127e-01
4.522373599848946157e-01,9.998376684800636127e-01
4.522373599848946157e-01,9.998376684800636127e-01
4.522373599848946157e-01,9.998376684800636127e-01
4.522373599848946157e-01,9.998376684800636127e-01
4.522373599848946157e-01,9.998376684800636127e-01
4.522373599848946157e-01,9.998376684800636127e-01
4.522373599848946157e-01,9.998376684800636127e-01
4.522373599848946157e-01,9.998376684800636127e-01
4.522373599848946157e-01,9.998376684800636127e-01
4.522962024391957714e-01,9.999133123831696057e-01
4.522962024391957714e-01,9.999133123831696057e-01
4.522962024391957714e-01,9.999133123831696057e-01
4.522932273391033209e-01,9.999236957688354410e-01
4.522932273391033209e-01,9.999236957688354410e-01
4.522932273391033209e-01,9.999236957688354410e-01
4.522932273391033209e-01,9.999236957688354410e-01
4.522932273391033209e-01,9.999236957688354410e-01
4.522932273391033209e-01,9.999236957688354410e-01
4.522932273391033209e-01,9.999236957688354410e-01
4.522932273391033209e-01,9.999236957688354410e-01
4.522932273391033209e-01,9.999236957688354410e-01
4.522932273391033209e-01,9.999236957688354410e-01
4.522932273391033209e-01,9.999236957688354410e-01
4.522932273391033209e-01,9.999236957688354410e-01
4.522932273391033209e-01,9.999236957688354410e-01
4.522932273391033209e-01,9.999236957688354410e-01
4.522932273391033209e-01,9.999236957688354410e-01
4.522932273391033209e-01,9.999236957688354410e-01
4.521458117801766541e-01,9.999772039621950270e-01
4.521458117801766541e-01,9.999772039621950270e-01
4.521458117801766541e-01,9.999772039621950270e-01
4.521458117801766541e-01,9.999772039621950270e-01
4.521458117801766541e-01,9.999772039621950270e-01
4.521458117801766541e-01,9.999772039621950270e-01
4.521458117801766541e-01,9.999772039621950270e-01
4.521458117801766541e-01,9.999772039621950270e-01
4.521458117801766541e-01,9.999772039621950270e-01
4.521458117801766541e-01,9.999772039621950270e-01
4.521458117801766541e-01,9.999772039621950270e-01
4.521159512048986695e-01,9.999951235885944367e-01
4.521159512048986695e-01,9.999951235885944367e-01
4.521159512048986695e-01,9.999951235885944367e-01
4.521159512048986695e-01,9.999951235885944367e-01
4.521159512048986695e-01,9.999951235885944367e-01
4.521159512048986695e-01,9.999951235885944367e-01
4.521159512048986695e-01,9.999951235885944367e-01
4.521159512048986695e-01,9.999951235885944367e-01
4.521159512048986695e-01,9.999951235885944367e-01
4.521159512048986695e-01,9.999951235885944367e-01
4.521159512048986695e-01,9.999951235885944367e-01
4.521159512048986695e-01,9.999951235885944367e-01
4.521159512048986695e-01,9.999951235885944367e-01
4.521159512048986695e-01,9.999951235885944367e-01
4.521159512048986695e-01,9.999951235885944367e-01
4.521159512048986695e-01,9.999951235885944367e-01
4.521159512048986695e-01,9.999951235885944367e-01
4.521159512048986695e-01,9.999951235885944367e-01
4.521159512048986695e-01,9.999951235885944367e-01
4.521159512048986695e-01,9.999951235885944367e-01
4.521159512048986695e-01,9.999951235885944367e-01
4.521159512048986695e-01,9.999951235885944367e-01
4.521159512048986695e-01,9.999951235885944367e-01
4.521159512048986695e-01,9.999951235885944367e-01
4.521159512048986695e-01,9.999951235885944367e-01
4.521159512048986695e-01,9.999951235885944367e-01
4.521159512048986695e-01,9.999951235885944367e-01
4.521159512048986695e-01,9.999951235885944367e-01
4.521159512048986695e-01,9.999951235885944367e-01
4.521159512048986695e-01,9.999951235885944367e-01
4.521159512048986695e-01,9.999951235885944367e-01
4.521159512048986695e-01,9.999951235885944367e-01
4.521159512048986695e-01,9.999951235885944367e-01
4.521159512048986695e-01,9.999951235885944367e-01
4.521159512048986695e-01,9.999951235885944367e-01
4.521159512048986695e-01,9.999951235885944367e-01
4.521159512048986695e-01,9.999951235885944367e-01
4.521159512048986695e-01,9.999951235885944367e-01
4.521159512048986695e-01,9.999951235885944367e-01
4.521159512048986695e-01,9.999951235885944367e-01
4.521159512048986695e-01,9.999951235885944367e-01
4.521159512048986695e-01,9.999951235885944367e-01
4.521159512048986695e-01,9.999951235885944367e-01
4.521159512048986695e-01,9.999951235885944367e-01
4.521159512048986695e-01,9.999951235885944367e-01
4.521159512048986695e-01,9.999951235885944367e-01
4.521159512048986695e-01,9.999951235885944367e-01
4.521159512048986695e-01,9.999951235885944367e-01
4.521159512048986695e-01,9.999951235885944367e-01
4.521159512048986695e-01,9.999951235885944367e-01
4.521159512048986695e-01,9.999951235885944367e-01
4.521159512048986695e-01,9.999951235885944367e-01
4.521159512048986695e-01,9.999951235885944367e-01
4.521159512048986695e-01,9.999951235885944367e-01
4.522214088997609238e-01,9.998463333999226821e-01
4.522214088997609238e-01,9.998463333999226821e-01
4.521729291620787405e-01,9.999842923700497099e-01
4.521729291620787405e-01,9.999842923700497099e-01
4.521729291620787405e-01,9.999842923700497099e-01
4.521729291620787405e-01,9.999842923700497099e-01
4.521729291620787405e-01,9.999842923700497099e-01
4.521729291620787405e-01,9.999842923700497099e-01
4.521729291620787405e-01,9.999842923700497099e-01
4.521729291620787405e-01,9.999842923700497099e-01
4.521729291620787405e-01,9.999842923700497099e-01
4.521980779454434218e-01,9.999669773773869341e-01
4.521980779454434218e-01,9.999669773773869341e-01
4.521980779454434218e-01,9.999669773773869341e-01
4.521980779454434218e-01,9.999669773773869341e-01
4.521980779454434218e-01,9.999669773773869341e-01
4.522918927537283307e-01,9.999913707357933612e-01
4.522918927537283307e-01,9.999913707357933612e-01
4.522918927537283307e-01,9.999913707357933612e-01
4.522918927537283307e-01,9.999913707357933612e-01
4.522918927537283307e-01,9.999913707357933612e-01
4.522918927537283307e-01,9.999913707357933612e-01
4.522918927537283307e-01,9.999913707357933612e-01
4.522918927537283307e-01,9.999913707357933612e-01
4.522918927537283307e-01,9.999913707357933612e-01
4.522918927537283307e-01,9.999913707357933612e-01
4.522918927537283307e-01,9.999913707357933612e-01
4.522918927537283307e-01,9.999913707357933612e-01
4.522074015175154282e-01,9.997107906415301226e-01
4.522074015175154282e-01,9.997107906415301226e-01
4.522074015175154282e-01,9.997107906415301226e-01
4.522074015175154282e-01,9.997107906415301226e-01
4.522074015175154282e-01,9.997107906415301226e-01
4.522074015175154282e-01,9.997107906415301226e-01
4.522074015175154282e-01,9.997107906415301226e-01
4.522074015175154282e-01,9.997107906415301226e-01
4.522074015175154282e-01,9.997107906415301226e-01
4.523389192144285920e-01,9.999489581301186369e-01
4.523389192144285920e-01,9.999489581301186369e-01
4.523389192144285920e-01,9.999489581301186369e-01
4.523389192144285920e-01,9.999489581301186369e-01
4.523389192144285920e-01,9.999489581301186369e-01
4.523389192144285920e-01,9.999489581301186369e-01
4.522846565659984219e-01,9.998778436929005586e-01
4.522846565659984219e-01,9.998778436929005586e-01
4.522846565659984219e-01,9.998778436929005586e-01
4.522846565659984219e-01,9.998778436929005586e-01
4.522846565659984219e-01,9.998778436929005586e-01
4.522846565659984219e-01,9.998778436929005586e-01
4.522846565659984219e-01,9.998778436929005586e-01
4.522846565659984219e-01,9.998778436929005586e-01
4.522846565659984219e-01,9.998778436929005586e-01
4.522846565659984219e-01,9.998778436929005586e-01
4.522846565659984219e-01,9.998778436929005586e-01
4.522846565659984219e-01,9.998778436929005586e-01
4.522846565659984219e-01,9.998778436929005586e-01
4.522846565659984219e-01,9.998778436929005586e-01
4.522846565659984219e-01,9.998778436929005586e-01
4.519931429245205301e-01,9.999651022911894005e-01
4.518288373372891797e-01,9.988648085541759203e-01
4.518288373372891797e-01,9.988648085541759203e-01
4.518288373372891797e-01,9.988648085541759203e-01
4.518288373372891797e-01,9.988648085541759203e-01
4.518288373372891797e-01,9.988648085541759203e-01
4.518230482541669701e-01,9.990143931575090619e-01
4.518230482541669701e-01,9.990143931575090619e-01
4.518920057203583696e-01,9.995695110957623086e-01
4.517977338905851403e-01,9.994931001370860324e-01
4.517977338905851403e-01,9.994931001370860324e-01
4.521990228907573628e-01,9.997669512636344624e-01
4.521990228907573628e-01,9.997669512636344624e-01
4.521990228907573628e-01,9.997669512636344624e-01
4.521990228907573628e-01,9.997669512636344624e-01
4.523869809722820823e-01,9.997828257151764042e-01
4.523869809722820823e-01,9.997828257151764042e-01
4.523869809722820823e-01,9.997828257151764042e-01
4.523869809722820823e-01,9.997828257151764042e-01
4.520231305614215711e-01,9.994149146480517665e-01
4.520231305614215711e-01,9.994149146480517665e-01
4.520231305614215711e-01,9.994149146480517665e-01
4.520231305614215711e-01,9.994149146480517665e-01
4.520231305614215711e-01,9.994149146480517665e-01
4.520231305614215711e-01,9.994149146480517665e-01
4.519424588863030778e-01,9.994036227720729526e-01
4.519424588863030778e-01,9.994036227720729526e-01
4.519424588863030778e-01,9.994036227720729526e-01
4.519424588863030778e-01,9.994036227720729526e-01
4.519424588863030778e-01,9.994036227720729526e-01
4.519424588863030778e-01,9.994036227720729526e-01
4.519424588863030778e-01,9.994036227720729526e-01
4.521843957327016938e-01,9.995193868074180310e-01
4.521843957327016938e-01,9.995193868074180310e-01
4.521843957327016938e-01,9.995193868074180310e-01
4.521843957327016938e-01,9.995193868074180310e-01
4.521843957327016938e-01,9.995193868074180310e-01
4.521843957327016938e-01,9.995193868074180310e-01
4.521843957327016938e-01,9.995193868074180310e-01
4.521843957327016938e-01,9.995193868074180310e-01
4.521843957327016938e-01,9.995193868074180310e-01
4.521843957327016938e-01,9.995193868074180310e-01
4.521843957327016938e-01,9.995193868074180310e-01
4.521843957327016938e-01,9.995193868074180310e-01
4.522345693328280181e-01,9.996449310412544031e-01
4.522345693328280181e-01,9.996449310412544031e-01
4.522345693328280181e-01,9.996449310412544031e-01
4.522345693328280181e-01,9.996449310412544031e-01
4.522345693328280181e-01,9.996449310412544031e-01
4.522345693328280181e-01,9.996449310412544031e-01
4.522345693328280181e-01,9.996449310412544031e-01
4.522345693328280181e-01,9.996449310412544031e-01
4.522345693328280181e-01,9.996449310412544031e-01
4.522345693328280181e-01,9.996449310412544031e-01
4.522345693328280181e-01,9.996449310412544031e-01
4.522345693328280181e-01,9.996449310412544031e-01
4.522345693328280181e-01,9.996449310412544031e-01
4.522345693328280181e-01,9.996449310412544031e-01
4.522345693328280181e-01,9.996449310412544031e-01
4.522345693328280181e-01,9.996449310412544031e-01
4.522345693328280181e-01,9.996449310412544031e-01
4.522345693328280181e-01,9.996449310412544031e-01
4.522345693328280181e-01,9.996449310412544031e-01
4.522345693328280181e-01,9.996449310412544031e-01
4.522345693328280181e-01,9.996449310412544031e-01
4.522345693328280181e-01,9.996449310412544031e-01
4.522345693328280181e-01,9.996449310412544031e-01
4.522345693328280181e-01,9.996449310412544031e-01
4.520502046923219885e-01,9.996887943705478063e-01
4.520502046923219885e-01,9.996887943705478063e-01
4.520502046923219885e-01,9.996887943705478063e-01
4.520502046923219885e-01,9.996887943705478063e-01
4.520502046923219885e-01,9.996887943705478063e-01
4.520502046923219885e-01,9.996887943705478063e-01
4.520502046923219885e-01,9.996887943705478063e-01
4.520502046923219885e-01,9.996887943705478063e-01
4.520502046923219885e-01,9.996887943705478063e-01
4.520502046923219885e-01,9.996887943705478063e-01
4.520502046923219885e-01,9.996887943705478063e-01
4.520502046923219885e-01,9.996887943705478063e-01
4.520502046923219885e-01,9.996887943705478063e-01
4.520502046923219885e-01,9.996887943705478063e-01
4.520502046923219885e-01,9.996887943705478063e-01
4.523256917719725712e-01,9.999008264804825075e-01
4.523256917719725712e-01,9.999008264804825075e-01
4.523256917719725712e-01,9.999008264804825075e-01
4.523256917719725712e-01,9.999008264804825075e-01
4.523256917719725712e-01,9.999008264804825075e-01
4.523256917719725712e-01,9.999008264804825075e-01
4.523256917719725712e-01,9.999008264804825075e-01
4.520089475359156395e-01,9.996506413870550611e-01
4.520089475359156395e-01,9.996506413870550611e-01
4.523036694352788878e-01,9.996726769809988200e-01
4.523036694352788878e-01,9.996726769809988200e-01
4.523036694352788878e-01,9.996726769809988200e-01
4.523036694352788878e-01,9.996726769809988200e-01
4.523745118772782292e-01,9.999672929768705920e-01
4.523745118772782292e-01,9.999672929768705920e-01
4.523745118772782292e-01,9.999672929768705920e-01
4.523745118772782292e-01,9.999672929768705920e-01
4.523745118772782292e-01,9.999672929768705920e-01
4.523745118772782292e-01,9.999672929768705920e-01
4.523745118772782292e-01,9.999672929768705920e-01
4.523745118772782292e-01,9.999672929768705920e-01
4.523745118772782292e-01,9.999672929768705920e-01
4.523856070686526065e-01,9.998614204851976606e-01
4.522274864375914194e-01,9.997926347028668337e-01
4.522274864375914194e-01,9.997926347028668337e-01
4.522274864375914194e-01,9.997926347028668337e-01
4.522274864375914194e-01,9.997926347028668337e-01
4.522274864375914194e-01,9.997926347028668337e-01
4.522274864375914194e-01,9.997926347028668337e-01
4.522274864375914194e-01,9.997926347028668337e-01
4.522274864375914194e-01,9.997926347028668337e-01
4.522274864375914194e-01,9.997926347028668337e-01
4.522274864375914194e-01,9.997926347028668337e-01
4.522114711255078023e-01,9.993554866865385078e-01
4.522114711255078023e-01,9.993554866865385078e-01
4.522114711255078023e-01,9.993554866865385078e-01
4.522114711255078023e-01,9.993554866865385078e-01
4.522114711255078023e-01,9.993554866865385078e-01
4.519573135744207049e-01,9.993448061004642780e-01
4.519573135744207049e-01,9.993448061004642780e-01
4.522667067188939072e-01,9.996161694830696387e-01
4.522667067188939072e-01,9.996161694830696387e-01
4.522667067188939072e-01,9.996161694830696387e-01
4.522667067188939072e-01,9.996161694830696387e-01
4.522667067188939072e-01,9.996161694830696387e-01
4.522667067188939072e-01,9.996161694830696387e-01
4.521835036715872724e-01,9.996854293403584224e-01
4.521835036715872724e-01,9.996854293403584224e-01
4.521835036715872724e-01,9.996854293403584224e-01
4.521835036715872724e-01,9.996854293403584224e-01
4.521835036715872724e-01,9.996854293403584224e-01
4.521835036715872724e-01,9.996854293403584224e-01
4.521835036715872724e-01,9.996854293403584224e-01
4.521835036715872724e-01,9.996854293403584224e-01
4.521835036715872724e-01,9.996854293403584224e-01
4.521835036715872724e-01,9.996854293403584224e-01
4.521835036715872724e-01,9.996854293403584224e-01
4.521835036715872724e-01,9.996854293403584224e-01
4.521835036715872724e-01,9.996854293403584224e-01
4.521835036715872724e-01,9.996854293403584224e-01
4.521835036715872724e-01,9.996854293403584224e-01
4.520230837417937853e-01,9.996196207639215237e-01
4.520230837417937853e-01,9.996196207639215237e-01
4.520230837417937853e-01,9.996196207639215237e-01
4.520230837417937853e-01,9.996196207639215237e-01
4.520230837417937853e-01,9.996196207639215237e-01
4.523744514432957997e-01,9.999306359748533213e-01
4.523744514432957997e-01,9.999306359748533213e-01
4.523744514432957997e-01,9.999306359748533213e-01
4.523744514432957997e-01,9.999306359748533213e-01
4.523744514432957997e-01,9.999306359748533213e-01
4.523744514432957997e-01,9.999306359748533213e-01
4.523744514432957997e-01,9.999306359748533213e-01
4.523744514432957997e-01,9.999306359748533213e-01
4.523744514432957997e-01,9.999306359748533213e-01
4.523744514432957997e-01,9.999306359748533213e-01
4.523744514432957997e-01,9.999306359748533213e-01
4.523744514432957997e-01,9.999306359748533213e-01
4.523744514432957997e-01,9.999306359748533213e-01
4.523744514432957997e-01,9.999306359748533213e-01
4.520266502135658615e-01,9.988806199814631581e-01
4.520266502135658615e-01,9.988806199814631581e-01
4.520266502135658615e-01,9.988806199814631581e-01
4.520266502135658615e-01,9.988806199814631581e-01
4.520266502135658615e-01,9.988806199814631581e-01
4.520266502135658615e-01,9.988806199814631581e-01
4.520266502135658615e-01,9.988806199814631581e-01
4.520266502135658615e-01,9.988806199814631581e-01
4.522766208660213283e-01,9.993997127806810710e-01
4.522766208660213283e-01,9.993997127806810710e-01
4.522766208660213283e-01,9.993997127806810710e-01
4.522766208660213283e-01,9.993997127806810710e-01
4.522872634549232052e-01,9.998308593203854011e-01
4.522872634549232052e-01,9.998308593203854011e-01
4.522872634549232052e-01,9.998308593203854011e-01
4.522872634549232052e-01,9.998308593203854011e-01
4.522872634549232052e-01,9.998308593203854011e-01
4.522872634549232052e-01,9.998308593203854011e-01
4.522294975279702589e-01,9.996503797367118915e-01
4.522294975279702589e-01,9.996503797367118915e-01
4.522294975279702589e-01,9.996503797367118915e-01
4.522294975279702589e-01,9.996503797367118915e-01
4.522294975279702589e-01,9.996503797367118915e-01
4.522294975279702589e-01,9.996503797367118915e-01
4.522294975279702589e-01,9.996503797367118915e-01
4.522294975279702589e-01,9.996503797367118915e-01
4.522294975279702589e-01,9.996503797367118915e-01
4.522294975279702589e-01,9.996503797367118915e-01
4.522294975279702589e-01,9.996503797367118915e-01
4.522294975279702589e-01,9.996503797367118915e-01
4.522294975279702589e-01,9.996503797367118915e-01
4.522294975279702589e-01,9.996503797367118915e-01
4.522294975279702589e-01,9.996503797367118915e-01
4.522294975279702589e-01,9.996503797367118915e-01
4.522294975279702589e-01,9.996503797367118915e-01
4.522294975279702589e-01,9.996503797367118915e-01
4.522294975279702589e-01,9.996503797367118915e-01
4.522294975279702589e-01,9.996503797367118915e-01
4.522294975279702589e-01,9.996503797367118915e-01
4.522294975279702589e-01,9.996503797367118915e-01
4.522294975279702589e-01,9.996503797367118915e-01
4.522294975279702589e-01,9.996503797367118915e-01
4.522294975279702589e-01,9.996503797367118915e-01
4.522294975279702589e-01,9.996503797367118915e-01
4.522294975279702589e-01,9.996503797367118915e-01
4.522294975279702589e-01,9.996503797367118915e-01
4.522294975279702589e-01,9.996503797367118915e-01
4.521500792535501079e-01,9.995962312021565710e-01
4.521500792535501079e-01,9.995962312021565710e-01
4.521500792535501079e-01,9.995962312021565710e-01
4.521500792535501079e-01,9.995962312021565710e-01
4.521500792535501079e-01,9.995962312021565710e-01
4.521500792535501079e-01,9.995962312021565710e-01
4.521500792535501079e-01,9.995962312021565710e-01
4.521500792535501079e-01,9.995962312021565710e-01
4.521500792535501079e-01,9.995962312021565710e-01
4.521556245206470037e-01,9.992939770478873607e-01
4.521556245206470037e-01,9.992939770478873607e-01
4.522467570868163311e-01,9.998065989156078581e-01
4.522467570868163311e-01,9.998065989156078581e-01
4.522467570868163311e-01,9.998065989156078581e-01
4.522467570868163311e-01,9.998065989156078581e-01
4.522467570868163311e-01,9.998065989156078581e-01
4.522467570868163311e-01,9.998065989156078581e-01
4.523049453633315453e-01,9.996565126655401201e-01
4.523049453633315453e-01,9.996565126655401201e-01
4.523049453633315453e-01,9.996565126655401201e-01
4.523049453633315453e-01,9.996565126655401201e-01
4.523239077244407547e-01,9.996645739835270383e-01
4.519019744225238333e-01,9.996999092371877671e-01
4.519019744225238333e-01,9.996999092371877671e-01
4.519019744225238333e-01,9.996999092371877671e-01
4.519928524655112967e-01,9.991412806445078010e-01
4.519928524655112967e-01,9.991412806445078010e-01
4.519928524655112967e-01,9.991412806445078010e-01
4.519928524655112967e-01,9.991412806445078010e-01
4.519928524655112967e-01,9.991412806445078010e-01
4.519928524655112967e-01,9.991412806445078010e-01
4.519928524655112967e-01,9.991412806445078010e-01
4.520710661136083108e-01,9.993714612326205504e-01
4.520710661136083108e-01,9.993714612326205504e-01
4.521270245634699814e-01,9.997686444050810639e-01
4.521270245634699814e-01,9.997686444050810639e-01
4.521270245634699814e-01,9.997686444050810639e-01
4.521270245634699814e-01,9.997686444050810639e-01
4.521270245634699814e-01,9.997686444050810639e-01
4.521270245634699814e-01,9.997686444050810639e-01
4.521270245634699814e-01,9.997686444050810639e-01
4.521270245634699814e-01,9.997686444050810639e-01
4.521270245634699814e-01,9.997686444050810639e-01
4.521270245634699814e-01,9.997686444050810639e-01
4.521270245634699814e-01,9.997686444050810639e-01
4.521270245634699814e-01,9.997686444050810639e-01
4.521270245634699814e-01,9.997686444050810639e-01
4.521270245634699814e-01,9.997686444050810639e-01
4.521270245634699814e-01,9.997686444050810639e-01
4.521270245634699814e-01,9.997686444050810639e-01
4.521270245634699814e-01,9.997686444050810639e-01
4.521270245634699814e-01,9.997686444050810639e-01
4.521270245634699814e-01,9.997686444050810639e-01
4.521270245634699814e-01,9.997686444050810639e-01
4.523665394889050950e-01,9.999308519769658510e-01
4.523665394889050950e-01,9.999308519769658510e-01
4.523665394889050950e-01,9.999308519769658510e-01
4.523665394889050950e-01,9.999308519769658510e-01
4.523665394889050950e-01,9.999308519769658510e-01
4.523665394889050950e-01,9.999308519769658510e-01
4.521066014573804082e-01,9.999113273956916625e-01
4.521066014573804082e-01,9.999113273956916625e-01
4.521066014573804082e-01,9.999113273956916625e-01
4.521066014573804082e-01,9.999113273956916625e-01
4.521066014573804082e-01,9.999113273956916625e-01
4.521066014573804082e-01,9.999113273956916625e-01
4.518500492321456119e-01,9.989725225747047022e-01
4.523020798143439491e-01,9.998926870630429065e-01
4.523020798143439491e-01,9.998926870630429065e-01
4.523020798143439491e-01,9.998926870630429065e-01
4.523020798143439491e-01,9.998926870630429065e-01
4.523020798143439491e-01,9.998926870630429065e-01
4.523020798143439491e-01,9.998926870630429065e-01
4.523020798143439491e-01,9.998926870630429065e-01
4.523020798143439491e-01,9.998926870630429065e-01
4.523020798143439491e-01,9.998926870630429065e-01
4.523020798143439491e-01,9.998926870630429065e-01
4.523020798143439491e-01,9.998926870630429065e-01
4.523020798143439491e-01,9.998926870630429065e-01
4.523020798143439491e-01,9.998926870630429065e-01
4.523020798143439491e-01,9.998926870630429065e-01
4.523020798143439491e-01,9.998926870630429065e-01
4.523020798143439491e-01,9.998926870630429065e-01
4.523020798143439491e-01,9.998926870630429065e-01
4.523020798143439491e-01,9.998926870630429065e-01
4.523020798143439491e-01,9.998926870630429065e-01
4.523020798143439491e-01,9.998926870630429065e-01
4.523020798143439491e-01,9.998926870630429065e-01
4.523020798143439491e-01,9.998926870630429065e-01
4.523020798143439491e-01,9.998926870630429065e-01
4.523020798143439491e-01,9.998926870630429065e-01
4.523020798143439491e-01,9.998926870630429065e-01
4.523020798143439491e-01,9.998926870630429065e-01
4.523020798143439491e-01,9.998926870630429065e-01
4.523020798143439491e-01,9.998926870630429065e-01
4.523020798143439491e-01,9.998926870630429065e-01
4.523020798143439491e-01,9.998926870630429065e-01
4.523020798143439491e-01,9.998926870630429065e-01
4.523020798143439491e-01,9.998926870630429065e-01
4.523020798143439491e-01,9.998926870630429065e-01
4.523020798143439491e-01,9.998926870630429065e-01
4.523020798143439491e-01,9.998926870630429065e-01
4.523020798143439491e-01,9.998926870630429065e-01
4.523020798143439491e-01,9.998926870630429065e-01
4.523020798143439491e-01,9.998926870630429065e-01
4.523020798143439491e-01,9.998926870630429065e-01
4.519520527635363383e-01,9.987660092191781303e-01
4.519520527635363383e-01,9.987660092191781303e-01
4.522820710591980431e-01,9.999151328358576452e-01
4.522820710591980431e-01,9.999151328358576452e-01
4.522820710591980431e-01,9.999151328358576452e-01
4.522820710591980431e-01,9.999151328358576452e-01
4.522820710591980431e-01,9.999151328358576452e-01
4.522820710591980431e-01,9.999151328358576452e-01
4.522820710591980431e-01,9.999151328358576452e-01
4.522820710591980431e-01,9.999151328358576452e-01
4.522820710591980431e-01,9.999151328358576452e-01
4.522820710591980431e-01,9.999151328358576452e-01
4.522820710591980431e-01,9.999151328358576452e-01
4.522820710591980431e-01,9.999151328358576452e-01
4.522820710591980431e-01,9.999151328358576452e-01
4.522820710591980431e-01,9.999151328358576452e-01
4.522820710591980431e-01,9.999151328358576452e-01
4.522820710591980431e-01,9.999151328358576452e-01
4.522820710591980431e-01,9.999151328358576452e-01
4.522820710591980431e-01,9.999151328358576452e-01
4.522820710591980431e-01,9.999151328358576452e-01
4.522820710591980431e-01,9.999151328358576452e-01
4.522820710591980431e-01,9.999151328358576452e-01
4.522820710591980431e-01,9.999151328358576452e-01
4.522820710591980431e-01,9.999151328358576452e-01
4.522820710591980431e-01,9.999151328358576452e-01
4.522820710591980431e-01,9.999151328358576452e-01
4.522820710591980431e-01,9.999151328358576452e-01
4.522346195615623565e-01,9.998159250204948778e-01
4.522346195615623565e-01,9.998159250204948778e-01
4.522346195615623565e-01,9.998159250204948778e-01
4.522346195615623565e-01,9.998159250204948778e-01
4.522346195615623565e-01,9.998159250204948778e-01
4.522346195615623565e-01,9.998159250204948778e-01
4.522346195615623565e-01,9.998159250204948778e-01
4.522346195615623565e-01,9.998159250204948778e-01
4.522346195615623565e-01,9.998159250204948778e-01
4.522346195615623565e-01,9.998159250204948778e-01
4.522346195615623565e-01,9.998159250204948778e-01
4.522346195615623565e-01,9.998159250204948778e-01
4.522346195615623565e-01,9.998159250204948778e-01
4.522346195615623565e-01,9.998159250204948778e-01
4.521011241766187960e-01,9.995703857435788153e-01
4.521011241766187960e-01,9.995703857435788153e-01
4.521011241766187960e-01,9.995703857435788153e-01
4.522938671203952099e-01,9.997289396311964671e-01
4.522938671203952099e-01,9.997289396311964671e-01
4.522938671203952099e-01,9.997289396311964671e-01
4.522938671203952099e-01,9.997289396311964671e-01
4.522938671203952099e-01,9.997289396311964671e-01
4.522938671203952099e-01,9.997289396311964671e-01
4.522938671203952099e-01,9.997289396311964671e-01
4.522938671203952099e-01,9.997289396311964671e-01
4.522938671203952099e-01,9.997289396311964671e-01
4.522938671203952099e-01,9.997289396311964671e-01
4.522938671203952099e-01,9.997289396311964671e-01
4.522938671203952099e-01,9.997289396311964671e-01
4.522938671203952099e-01,9.997289396311964671e-01
4.522938671203952099e-01,9.997289396311964671e-01
4.522938671203952099e-01,9.997289396311964671e-01
4.522938671203952099e-01,9.997289396311964671e-01
4.521914146752897823e-01,9.997275701996339858e-01
4.521914146752897823e-01,9.997275701996339858e-01
4.521914146752897823e-01,9.997275701996339858e-01
4.521914146752897823e-01,9.997275701996339858e-01
4.521914146752897823e-01,9.997275701996339858e-01
4.521914146752897823e-01,9.997275701996339858e-01
4.521914146752897823e-01,9.997275701996339858e-01
4.521914146752897823e-01,9.997275701996339858e-01
4.521914146752897823e-01,9.997275701996339858e-01
4.521914146752897823e-01,9.997275701996339858e-01
4.521914146752897823e-01,9.997275701996339858e-01
4.521914146752897823e-01,9.997275701996339858e-01
4.524621147728099535e-01,9.999094967726611660e-01
4.524621147728099535e-01,9.999094967726611660e-01
4.524621147728099535e-01,9.999094967726611660e-01
4.524621147728099535e-01,9.999094967726611660e-01
4.524621147728099535e-01,9.999094967726611660e-01
4.524621147728099535e-01,9.999094967726611660e-01
4.524621147728099535e-01,9.999094967726611660e-01
4.524621147728099535e-01,9.999094967726611660e-01
4.524621147728099535e-01,9.999094967726611660e-01
4.524621147728099535e-01,9.999094967726611660e-01
4.524621147728099535e-01,9.999094967726611660e-01
4.524621147728099535e-01,9.999094967726611660e-01
4.524621147728099535e-01,9.999094967726611660e-01
4.524621147728099535e-01,9.999094967726611660e-01
4.524621147728099535e-01,9.999094967726611660e-01
4.524621147728099535e-01,9.999094967726611660e-01
4.524621147728099535e-01,9.999094967726611660e-01
4.524621147728099535e-01,9.999094967726611660e-01
4.524621147728099535e-01,9.999094967726611660e-01
4.524621147728099535e-01,9.999094967726611660e-01
4.522202025351117483e-01,9.998101985511649303e-01
4.522202025351117483e-01,9.998101985511649303e-01
4.522202025351117483e-01,9.998101985511649303e-01
4.522202025351117483e-01,9.998101985511649303e-01
4.522202025351117483e-01,9.998101985511649303e-01
4.522202025351117483e-01,9.998101985511649303e-01
4.522202025351117483e-01,9.998101985511649303e-01
4.522202025351117483e-01,9.998101985511649303e-01
4.522202025351117483e-01,9.998101985511649303e-01
4.522202025351117483e-01,9.998101985511649303e-01
4.522202025351117483e-01,9.998101985511649303e-01
4.522202025351117483e-01,9.998101985511649303e-01
4.522202025351117483e-01,9.998101985511649303e-01
4.522202025351117483e-01,9.998101985511649303e-01
4.522202025351117483e-01,9.998101985511649303e-01
4.522202025351117483e-01,9.998101985511649303e-01
4.522202025351117483e-01,9.998101985511649303e-01
4.522202025351117483e-01,9.998101985511649303e-01
4.522202025351117483e-01,9.998101985511649303e-01
4.521622449063179561e-01,9.999264221345777193e-01
4.521622449063179561e-01,9.999264221345777193e-01
4.521622449063179561e-01,9.999264221345777193e-01
4.521622449063179561e-01,9.999264221345777193e-01
4.521181631060682271e-01,9.999884741753654049e-01
4.521181631060682271e-01,9.999884741753654049e-01
4.521181631060682271e-01,9.999884741753654049e-01
4.521181631060682271e-01,9.999884741753654049e-01
4.521181631060682271e-01,9.999884741753654049e-01
4.521181631060682271e-01,9.999884741753654049e-01
4.521181631060682271e-01,9.999884741753654049e-01
4.521181631060682271e-01,9.999884741753654049e-01
4.521181631060682271e-01,9.999884741753654049e-01
4.521181631060682271e-01,9.999884741753654049e-01
4.521181631060682271e-01,9.999884741753654049e-01
4.521181631060682271e-01,9.999884741753654049e-01
4.520644837998509802e-01,9.993289816296367922e-01
4.520644837998509802e-01,9.993289816296367922e-01
4.520644837998509802e-01,9.993289816296367922e-01
4.520644837998509802e-01,9.993289816296367922e-01
4.520644837998509802e-01,9.993289816296367922e-01
4.520644837998509802e-01,9.993289816296367922e-01
4.520644837998509802e-01,9.993289816296367922e-01
4.520644837998509802e-01,9.993289816296367922e-01
4.520644837998509802e-01,9.993289816296367922e-01
4.520644837998509802e-01,9.993289816296367922e-01
4.520644837998509802e-01,9.993289816296367922e-01
4.521239540868112194e-01,9.997812720447604162e-01
4.521239540868112194e-01,9.997812720447604162e-01
4.521239540868112194e-01,9.997812720447604162e-01
4.521239540868112194e-01,9.997812720447604162e-01
4.521239540868112194e-01,9.997812720447604162e-01
4.521239540868112194e-01,9.997812720447604162e-01
4.521239540868112194e-01,9.997812720447604162e-01
4.521239540868112194e-01,9.997812720447604162e-01
4.521239540868112194e-01,9.997812720447604162e-01
4.521239540868112194e-01,9.997812720447604162e-01
4.521239540868112194e-01,9.997812720447604162e-01
4.521239540868112194e-01,9.997812720447604162e-01
4.521239540868112194e-01,9.997812720447604162e-01
4.521239540868112194e-01,9.997812720447604162e-01
4.521239540868112194e-01,9.997812720447604162e-01
4.521239540868112194e-01,9.997812720447604162e-01
4.521239540868112194e-01,9.997812720447604162e-01
4.521239540868112194e-01,9.997812720447604162e-01
4.521239540868112194e-01,9.997812720447604162e-01
4.521239540868112194e-01,9.997812720447604162e-01
4.521239540868112194e-01,9.997812720447604162e-01
4.521239540868112194e-01,9.997812720447604162e-01
4.521239540868112194e-01,9.997812720447604162e-01
4.521239540868112194e-01,9.997812720447604162e-01
4.521239540868112194e-01,9.997812720447604162e-01
4.521239540868112194e-01,9.997812720447604162e-01
4.521239540868112194e-01,9.997812720447604162e-01
4.521239540868112194e-01,9.997812720447604162e-01
4.521239540868112194e-01,9.997812720447604162e-01
4.521239540868112194e-01,9.997812720447604162e-01
4.521239540868112194e-01,9.997812720447604162e-01
4.521239540868112194e-01,9.997812720447604162e-01
4.521239540868112194e-01,9.997812720447604162e-01
4.521239540868112194e-01,9.997812720447604162e-01
4.521239540868112194e-01,9.997812720447604162e-01
4.521239540868112194e-01,9.997812720447604162e-01
4.521239540868112194e-01,9.997812720447604162e-01
4.521239540868112194e-01,9.997812720447604162e-01
4.521239540868112194e-01,9.997812720447604162e-01
4.521239540868112194e-01,9.997812720447604162e-01
4.521239540868112194e-01,9.997812720447604162e-01
4.521239540868112194e-01,9.997812720447604162e-01
4.521239540868112194e-01,9.997812720447604162e-01
4.519192187995822452e-01,9.991810447307665211e-01
4.519192187995822452e-01,9.991810447307665211e-01
4.519192187995822452e-01,9.991810447307665211e-01
4.519192187995822452e-01,9.991810447307665211e-01
4.519192187995822452e-01,9.991810447307665211e-01
4.519192187995822452e-01,9.991810447307665211e-01
4.519192187995822452e-01,9.991810447307665211e-01
4.519192187995822452e-01,9.991810447307665211e-01
4.519192187995822452e-01,9.991810447307665211e-01
4.519192187995822452e-01,9.991810447307665211e-01
4.519192187995822452e-01,9.991810447307665211e-01
4.519192187995822452e-01,9.991810447307665211e-01
4.519192187995822452e-01,9.991810447307665211e-01
4.519192187995822452e-01,9.991810447307665211e-01
4.519192187995822452e-01,9.991810447307665211e-01
4.519192187995822452e-01,9.991810447307665211e-01
4.519192187995822452e-01,9.991810447307665211e-01
4.519192187995822452e-01,9.991810447307665211e-01
4.519192187995822452e-01,9.991810447307665211e-01
4.519192187995822452e-01,9.991810447307665211e-01
4.519192187995822452e-01,9.991810447307665211e-01
4.519192187995822452e-01,9.991810447307665211e-01
4.519192187995822452e-01,9.991810447307665211e-01
4.519192187995822452e-01,9.991810447307665211e-01
4.519192187995822452e-01,9.991810447307665211e-01
4.519192187995822452e-01,9.991810447307665211e-01
4.519192187995822452e-01,9.991810447307665211e-01
4.519192187995822452e-01,9.991810447307665211e-01
4.519192187995822452e-01,9.991810447307665211e-01
4.519192187995822452e-01,9.991810447307665211e-01
4.519192187995822452e-01,9.991810447307665211e-01
4.519192187995822452e-01,9.991810447307665211e-01
4.519192187995822452e-01,9.991810447307665211e-01
4.519192187995822452e-01,9.991810447307665211e-01
4.519192187995822452e-01,9.991810447307665211e-01
4.519192187995822452e-01,9.991810447307665211e-01
4.523501422897858726e-01,9.999066049096605457e-01
4.523501422897858726e-01,9.999066049096605457e-01
4.520916500686676942e-01,9.994811043178588594e-01
4.520916500686676942e-01,9.994811043178588594e-01
4.520916500686676942e-01,9.994811043178588594e-01
4.520916500686676942e-01,9.994811043178588594e-01
4.520916500686676942e-01,9.994811043178588594e-01
4.520916500686676942e-01,9.994811043178588594e-01
4.520916500686676942e-01,9.994811043178588594e-01
4.520916500686676942e-01,9.994811043178588594e-01
4.734236453325648131e-01,9.996712177137833111e-01
4.734236453325648131e-01,9.996712177137833111e-01
4.734236453325648131e-01,9.996712177137833111e-01
4.734236453325648131e-01,9.996712177137833111e-01
4.734236453325648131e-01,9.996712177137833111e-01
4.734236453325648131e-01,9.996712177137833111e-01
4.734236453325648131e-01,9.996712177137833111e-01
4.734236453325648131e-01,9.996712177137833111e-01
4.734236453325648131e-01,9.996712177137833111e-01
4.734236453325648131e-01,9.996712177137833111e-01
4.734236453325648131e-01,9.996712177137833111e-01
4.734236453325648131e-01,9.996712177137833111e-01
4.734236453325648131e-01,9.996712177137833111e-01
4.734236453325648131e-01,9.996712177137833111e-01
4.734236453325648131e-01,9.996712177137833111e-01
4.734236453325648131e-01,9.996712177137833111e-01
4.734236453325648131e-01,9.996712177137833111e-01
4.733628154701818858e-01,9.993449931631724903e-01
4.733628154701818858e-01,9.993449931631724903e-01
4.733628154701818858e-01,9.993449931631724903e-01
4.734854685334689561e-01,9.995661131000286304e-01
4.734854685334689561e-01,9.995661131000286304e-01
4.734854685334689561e-01,9.995661131000286304e-01
4.734854685334689561e-01,9.995661131000286304e-01
4.734854685334689561e-01,9.995661131000286304e-01
4.734854685334689561e-01,9.995661131000286304e-01
4.734854685334689561e-01,9.995661131000286304e-01
4.734854685334689561e-01,9.995661131000286304e-01
4.734854685334689561e-01,9.995661131000286304e-01
4.734854685334689561e-01,9.995661131000286304e-01
4.734854685334689561e-01,9.995661131000286304e-01
4.733713367231934810e-01,9.991822306868783921e-01
4.729904427259723487e-01,9.989727132180904468e-01
4.729904427259723487e-01,9.989727132180904468e-01
4.734600387246394315e-01,9.996184271708221658e-01
4.735010715287397143e-01,9.997519720077641114e-01
4.731912244609703944e-01,9.998586286027721926e-01
4.731912244609703944e-01,9.998586286027721926e-01
4.730816091997538386e-01,9.999589850444786654e-01
4.730816091997538386e-01,9.999589850444786654e-01
4.730816091997538386e-01,9.999589850444786654e-01
4.730816091997538386e-01,9.999589850444786654e-01
4.733643753244450858e-01,9.995872537477851205e-01
4.733643753244450858e-01,9.995872537477851205e-01
4.733643753244450858e-01,9.995872537477851205e-01
4.733643753244450858e-01,9.995872537477851205e-01
4.733643753244450858e-01,9.995872537477851205e-01
4.733643753244450858e-01,9.995872537477851205e-01
4.733643753244450858e-01,9.995872537477851205e-01
4.733643753244450858e-01,9.995872537477851205e-01
4.733643753244450858e-01,9.995872537477851205e-01
4.733643753244450858e-01,9.995872537477851205e-01
4.733643753244450858e-01,9.995872537477851205e-01
4.733643753244450858e-01,9.995872537477851205e-01
4.733643753244450858e-01,9.995872537477851205e-01
4.733643753244450858e-01,9.995872537477851205e-01
4.733643753244450858e-01,9.995872537477851205e-01
4.733643753244450858e-01,9.995872537477851205e-01
4.733643753244450858e-01,9.995872537477851205e-01
4.733643753244450858e-01,9.995872537477851205e-01
4.733643753244450858e-01,9.995872537477851205e-01
4.733643753244450858e-01,9.995872537477851205e-01
4.733643753244450858e-01,9.995872537477851205e-01
4.733643753244450858e-01,9.995872537477851205e-01
4.733643753244450858e-01,9.995872537477851205e-01
4.733643753244450858e-01,9.995872537477851205e-01
4.733643753244450858e-01,9.995872537477851205e-01
4.733643753244450858e-01,9.995872537477851205e-01
4.733643753244450858e-01,9.995872537477851205e-01
4.733643753244450858e-01,9.995872537477851205e-01
4.733643753244450858e-01,9.995872537477851205e-01
4.733643753244450858e-01,9.995872537477851205e-01
4.733643753244450858e-01,9.995872537477851205e-01
4.733643753244450858e-01,9.995872537477851205e-01
4.733643753244450858e-01,9.995872537477851205e-01
4.733643753244450858e-01,9.995872537477851205e-01
4.733643753244450858e-01,9.995872537477851205e-01
4.733643753244450858e-01,9.995872537477851205e-01
4.733643753244450858e-01,9.995872537477851205e-01
4.733643753244450858e-01,9.995872537477851205e-01
4.733643753244450858e-01,9.995872537477851205e-01
4.733643753244450858e-01,9.995872537477851205e-01
4.733643753244450858e-01,9.995872537477851205e-01
4.733643753244450858e-01,9.995872537477851205e-01
4.733643753244450858e-01,9.995872537477851205e-01
4.735414109994792731e-01,9.999010503230159053e-01
4.735414109994792731e-01,9.999010503230159053e-01
4.735414109994792731e-01,9.999010503230159053e-01
4.735414109994792731e-01,9.999010503230159053e-01
4.735414109994792731e-01,9.999010503230159053e-01
4.735414109994792731e-01,9.999010503230159053e-01
4.734066239958534261e-01,9.999831088394460776e-01
4.734066239958534261e-01,9.999831088394460776e-01
4.734066239958534261e-01,9.999831088394460776e-01
4.734066239958534261e-01,9.999831088394460776e-01
4.734066239958534261e-01,9.999831088394460776e-01
4.734066239958534261e-01,9.999831088394460776e-01
4.734066239958534261e-01,9.999831088394460776e-01
4.734066239958534261e-01,9.999831088394460776e-01
4.734066239958534261e-01,9.999831088394460776e-01
4.733289603909804910e-01,9.997746815137414922e-01
4.733289603909804910e-01,9.997746815137414922e-01
4.733289603909804910e-01,9.997746815137414922e-01
4.733289603909804910e-01,9.997746815137414922e-01
4.733289603909804910e-01,9.997746815137414922e-01
4.733289603909804910e-01,9.997746815137414922e-01
4.733289603909804910e-01,9.997746815137414922e-01
4.733289603909804910e-01,9.997746815137414922e-01
4.733289603909804910e-01,9.997746815137414922e-01
4.733289603909804910e-01,9.997746815137414922e-01
4.733289603909804910e-01,9.997746815137414922e-01
4.733289603909804910e-01,9.997746815137414922e-01
4.733289603909804910e-01,9.997746815137414922e-01
4.733289603909804910e-01,9.997746815137414922e-01
4.733289603909804910e-01,9.997746815137414922e-01
4.733289603909804910e-01,9.997746815137414922e-01
4.733289603909804910e-01,9.997746815137414922e-01
4.733289603909804910e-01,9.997746815137414922e-01
4.733289603909804910e-01,9.997746815137414922e-01
4.733289603909804910e-01,9.997746815137414922e-01
4.733289603909804910e-01,9.997746815137414922e-01
4.733289603909804910e-01,9.997746815137414922e-01
4.733289603909804910e-01,9.997746815137414922e-01
4.733485402275928733e-01,9.998329243519994414e-01
4.733485402275928733e-01,9.998329243519994414e-01
4.733485402275928733e-01,9.998329243519994414e-01
4.733485402275928733e-01,9.998329243519994414e-01
4.733485402275928733e-01,9.998329243519994414e-01
4.733485402275928733e-01,9.998329243519994414e-01
4.733485402275928733e-01,9.998329243519994414e-01
4.733485402275928733e-01,9.998329243519994414e-01
4.733485402275928733e-01,9.998329243519994414e-01
4.733485402275928733e-01,9.998329243519994414e-01
4.733485402275928733e-01,9.998329243519994414e-01
4.733485402275928733e-01,9.998329243519994414e-01
4.733485402275928733e-01,9.998329243519994414e-01
4.733485402275928733e-01,9.998329243519994414e-01
4.733485402275928733e-01,9.998329243519994414e-01
4.733485402275928733e-01,9.998329243519994414e-01
4.733485402275928733e-01,9.998329243519994414e-01
4.733485402275928733e-01,9.998329243519994414e-01
4.733485402275928733e-01,9.998329243519994414e-01
4.733485402275928733e-01,9.998329243519994414e-01
4.733485402275928733e-01,9.998329243519994414e-01
4.733485402275928733e-01,9.998329243519994414e-01
4.733485402275928733e-01,9.998329243519994414e-01
4.733485402275928733e-01,9.998329243519994414e-01
4.733485402275928733e-01,9.998329243519994414e-01
4.733485402275928733e-01,9.998329243519994414e-01
4.733485402275928733e-01,9.998329243519994414e-01
4.733485402275928733e-01,9.998329243519994414e-01
4.733485402275928733e-01,9.998329243519994414e-01
4.733485402275928733e-01,9.998329243519994414e-01
4.733485402275928733e-01,9.998329243519994414e-01
4.733485402275928733e-01,9.998329243519994414e-01
4.733485402275928733e-01,9.998329243519994414e-01
4.733485402275928733e-01,9.998329243519994414e-01
4.733485402275928733e-01,9.998329243519994414e-01
4.733485402275928733e-01,9.998329243519994414e-01
4.733485402275928733e-01,9.998329243519994414e-01
4.733485402275928733e-01,9.998329243519994414e-01
4.733485402275928733e-01,9.998329243519994414e-01
4.733485402275928733e-01,9.998329243519994414e-01
4.733485402275928733e-01,9.998329243519994414e-01
4.733485402275928733e-01,9.998329243519994414e-01
4.733485402275928733e-01,9.998329243519994414e-01
4.733485402275928733e-01,9.998329243519994414e-01
4.733485402275928733e-01,9.998329243519994414e-01
4.733485402275928733e-01,9.998329243519994414e-01
4.733485402275928733e-01,9.998329243519994414e-01
4.733485402275928733e-01,9.998329243519994414e-01
4.733485402275928733e-01,9.998329243519994414e-01
4.733485402275928733e-01,9.998329243519994414e-01
4.733485402275928733e-01,9.998329243519994414e-01
4.733485402275928733e-01,9.998329243519994414e-01
4.733485402275928733e-01,9.998329243519994414e-01
4.733485402275928733e-01,9.998329243519994414e-01
4.733485402275928733e-01,9.998329243519994414e-01
4.733485402275928733e-01,9.998329243519994414e-01
4.733485402275928733e-01,9.998329243519994414e-01
4.733485402275928733e-01,9.998329243519994414e-01
4.733485402275928733e-01,9.998329243519994414e-01
4.733485402275928733e-01,9.998329243519994414e-01
4.733485402275928733e-01,9.998329243519994414e-01
4.733485402275928733e-01,9.998329243519994414e-01
4.733485402275928733e-01,9.998329243519994414e-01
4.733485402275928733e-01,9.998329243519994414e-01
4.733485402275928733e-01,9.998329243519994414e-01
4.733485402275928733e-01,9.998329243519994414e-01
4.733485402275928733e-01,9.998329243519994414e-01
4.733485402275928733e-01,9.998329243519994414e-01
4.733485402275928733e-01,9.998329243519994414e-01
4.733485402275928733e-01,9.998329243519994414e-01
4.733485402275928733e-01,9.998329243519994414e-01
4.733485402275928733e-01,9.998329243519994414e-01
4.733485402275928733e-01,9.998329243519994414e-01
4.733485402275928733e-01,9.998329243519994414e-01
4.733485402275928733e-01,9.998329243519994414e-01
4.733485402275928733e-01,9.998329243519994414e-01
4.733485402275928733e-01,9.998329243519994414e-01
4.732531066721351043e-01,9.998176475157077858e-01
4.732531066721351043e-01,9.998176475157077858e-01
4.732531066721351043e-01,9.998176475157077858e-01
4.732531066721351043e-01,9.998176475157077858e-01
4.732531066721351043e-01,9.998176475157077858e-01
4.732531066721351043e-01,9.998176475157077858e-01
4.732531066721351043e-01,9.998176475157077858e-01
4.732531066721351043e-01,9.998176475157077858e-01
4.732531066721351043e-01,9.998176475157077858e-01
4.732531066721351043e-01,9.998176475157077858e-01
4.732531066721351043e-01,9.998176475157077858e-01
4.732531066721351043e-01,9.998176475157077858e-01
4.734004691765494321e-01,9.998738533694141450e-01
4.734004691765494321e-01,9.998738533694141450e-01
4.734004691765494321e-01,9.998738533694141450e-01
4.734004691765494321e-01,9.998738533694141450e-01
4.734004691765494321e-01,9.998738533694141450e-01
4.734004691765494321e-01,9.998738533694141450e-01
4.734004691765494321e-01,9.998738533694141450e-01
4.734004691765494321e-01,9.998738533694141450e-01
4.734004691765494321e-01,9.998738533694141450e-01
4.734004691765494321e-01,9.998738533694141450e-01
4.734004691765494321e-01,9.998738533694141450e-01
4.734004691765494321e-01,9.998738533694141450e-01
4.734004691765494321e-01,9.998738533694141450e-01
4.734004691765494321e-01,9.998738533694141450e-01
4.734004691765494321e-01,9.998738533694141450e-01
4.734004691765494321e-01,9.998738533694141450e-01
4.734004691765494321e-01,9.998738533694141450e-01
4.734004691765494321e-01,9.998738533694141450e-01
4.734004691765494321e-01,9.998738533694141450e-01
4.734004691765494321e-01,9.998738533694141450e-01
4.734004691765494321e-01,9.998738533694141450e-01
4.734004691765494321e-01,9.998738533694141450e-01
4.734004691765494321e-01,9.998738533694141450e-01
4.734004691765494321e-01,9.998738533694141450e-01
4.734004691765494321e-01,9.998738533694141450e-01
4.734004691765494321e-01,9.998738533694141450e-01
4.734004691765494321e-01,9.998738533694141450e-01
4.734004691765494321e-01,9.998738533694141450e-01
4.734004691765494321e-01,9.998738533694141450e-01
4.734004691765494321e-01,9.998738533694141450e-01
4.734004691765494321e-01,9.998738533694141450e-01
4.734004691765494321e-01,9.998738533694141450e-01
4.734004691765494321e-01,9.998738533694141450e-01
4.734004691765494321e-01,9.998738533694141450e-01
4.734004691765494321e-01,9.998738533694141450e-01
4.734004691765494321e-01,9.998738533694141450e-01
4.734004691765494321e-01,9.998738533694141450e-01
4.734004691765494321e-01,9.998738533694141450e-01
4.734004691765494321e-01,9.998738533694141450e-01
4.734004691765494321e-01,9.998738533694141450e-01
4.734004691765494321e-01,9.998738533694141450e-01
4.734004691765494321e-01,9.998738533694141450e-01
4.734004691765494321e-01,9.998738533694141450e-01
4.734004691765494321e-01,9.998738533694141450e-01
4.734004691765494321e-01,9.998738533694141450e-01
4.734004691765494321e-01,9.998738533694141450e-01
4.734004691765494321e-01,9.998738533694141450e-01
4.734004691765494321e-01,9.998738533694141450e-01
4.734004691765494321e-01,9.998738533694141450e-01
4.734004691765494321e-01,9.998738533694141450e-01
4.734004691765494321e-01,9.998738533694141450e-01
4.734004691765494321e-01,9.998738533694141450e-01
4.734004691765494321e-01,9.998738533694141450e-01
4.734004691765494321e-01,9.998738533694141450e-01
4.734004691765494321e-01,9.998738533694141450e-01
4.734004691765494321e-01,9.998738533694141450e-01
4.734004691765494321e-01,9.998738533694141450e-01
4.734004691765494321e-01,9.998738533694141450e-01
4.734004691765494321e-01,9.998738533694141450e-01
4.734004691765494321e-01,9.998738533694141450e-01
4.734004691765494321e-01,9.998738533694141450e-01
4.734004691765494321e-01,9.998738533694141450e-01
4.734004691765494321e-01,9.998738533694141450e-01
4.735274090832654603e-01,9.999977186170643240e-01
4.735274090832654603e-01,9.999977186170643240e-01
4.735274090832654603e-01,9.999977186170643240e-01
4.735274090832654603e-01,9.999977186170643240e-01
4.735274090832654603e-01,9.999977186170643240e-01
4.735274090832654603e-01,9.999977186170643240e-01
4.735274090832654603e-01,9.999977186170643240e-01
4.735274090832654603e-01,9.999977186170643240e-01
4.735274090832654603e-01,9.999977186170643240e-01
4.735274090832654603e-01,9.999977186170643240e-01
4.735274090832654603e-01,9.999977186170643240e-01
4.735274090832654603e-01,9.999977186170643240e-01
4.735274090832654603e-01,9.999977186170643240e-01
4.735274090832654603e-01,9.999977186170643240e-01
4.735274090832654603e-01,9.999977186170643240e-01
4.735274090832654603e-01,9.999977186170643240e-01
4.735274090832654603e-01,9.999977186170643240e-01
4.735274090832654603e-01,9.999977186170643240e-01
4.735274090832654603e-01,9.999977186170643240e-01
4.735274090832654603e-01,9.999977186170643240e-01
4.735274090832654603e-01,9.999977186170643240e-01
4.735274090832654603e-01,9.999977186170643240e-01
4.735274090832654603e-01,9.999977186170643240e-01
4.735274090832654603e-01,9.999977186170643240e-01
4.735274090832654603e-01,9.999977186170643240e-01
4.733338439488977700e-01,9.999843189534775023e-01
4.733338439488977700e-01,9.999843189534775023e-01
4.733338439488977700e-01,9.999843189534775023e-01
4.733338439488977700e-01,9.999843189534775023e-01
4.733338439488977700e-01,9.999843189534775023e-01
4.733338439488977700e-01,9.999843189534775023e-01
4.733338439488977700e-01,9.999843189534775023e-01
4.733637227312153528e-01,9.998420663973406342e-01
4.733637227312153528e-01,9.998420663973406342e-01
4.733637227312153528e-01,9.998420663973406342e-01
4.733637227312153528e-01,9.998420663973406342e-01
4.733637227312153528e-01,9.998420663973406342e-01
4.733637227312153528e-01,9.998420663973406342e-01
4.733637227312153528e-01,9.998420663973406342e-01
4.733637227312153528e-01,9.998420663973406342e-01
4.733637227312153528e-01,9.998420663973406342e-01
4.733637227312153528e-01,9.998420663973406342e-01
4.733637227312153528e-01,9.998420663973406342e-01
4.733637227312153528e-01,9.998420663973406342e-01
4.733637227312153528e-01,9.998420663973406342e-01
4.733637227312153528e-01,9.998420663973406342e-01
4.733637227312153528e-01,9.998420663973406342e-01
4.733637227312153528e-01,9.998420663973406342e-01
4.733637227312153528e-01,9.998420663973406342e-01
4.733637227312153528e-01,9.998420663973406342e-01
4.733637227312153528e-01,9.998420663973406342e-01
4.733637227312153528e-01,9.998420663973406342e-01
4.733637227312153528e-01,9.998420663973406342e-01
4.733637227312153528e-01,9.998420663973406342e-01
4.733637227312153528e-01,9.998420663973406342e-01
4.733637227312153528e-01,9.998420663973406342e-01
4.733637227312153528e-01,9.998420663973406342e-01
4.733637227312153528e-01,9.998420663973406342e-01
4.733637227312153528e-01,9.998420663973406342e-01
4.733637227312153528e-01,9.998420663973406342e-01
4.733637227312153528e-01,9.998420663973406342e-01
4.733637227312153528e-01,9.998420663973406342e-01
4.733637227312153528e-01,9.998420663973406342e-01
4.733637227312153528e-01,9.998420663973406342e-01
4.733637227312153528e-01,9.998420663973406342e-01
4.733637227312153528e-01,9.998420663973406342e-01
4.733637227312153528e-01,9.998420663973406342e-01
4.733637227312153528e-01,9.998420663973406342e-01
4.733637227312153528e-01,9.998420663973406342e-01
4.733637227312153528e-01,9.998420663973406342e-01
4.733637227312153528e-01,9.998420663973406342e-01
4.733637227312153528e-01,9.998420663973406342e-01
4.733637227312153528e-01,9.998420663973406342e-01
4.733637227312153528e-01,9.998420663973406342e-01
4.733637227312153528e-01,9.998420663973406342e-01
4.733637227312153528e-01,9.998420663973406342e-01
4.733637227312153528e-01,9.998420663973406342e-01
4.733637227312153528e-01,9.998420663973406342e-01
4.733637227312153528e-01,9.998420663973406342e-01
4.733637227312153528e-01,9.998420663973406342e-01
4.734882181088777564e-01,9.999492933630441671e-01
4.734882181088777564e-01,9.999492933630441671e-01
4.734882181088777564e-01,9.999492933630441671e-01
4.734882181088777564e-01,9.999492933630441671e-01
4.734882181088777564e-01,9.999492933630441671e-01
4.734882181088777564e-01,9.999492933630441671e-01
4.734882181088777564e-01,9.999492933630441671e-01
4.734882181088777564e-01,9.999492933630441671e-01
4.734882181088777564e-01,9.999492933630441671e-01
4.734882181088777564e-01,9.999492933630441671e-01
4.734882181088777564e-01,9.999492933630441671e-01
4.734882181088777564e-01,9.999492933630441671e-01
4.734882181088777564e-01,9.999492933630441671e-01
4.734882181088777564e-01,9.999492933630441671e-01
4.734882181088777564e-01,9.999492933630441671e-01
4.734882181088777564e-01,9.999492933630441671e-01
4.734882181088777564e-01,9.999492933630441671e-01
4.734882181088777564e-01,9.999492933630441671e-01
4.734882181088777564e-01,9.999492933630441671e-01
4.734882181088777564e-01,9.999492933630441671e-01
4.734882181088777564e-01,9.999492933630441671e-01
4.734882181088777564e-01,9.999492933630441671e-01
4.734882181088777564e-01,9.999492933630441671e-01
4.734882181088777564e-01,9.999492933630441671e-01
4.734882181088777564e-01,9.999492933630441671e-01
4.734882181088777564e-01,9.999492933630441671e-01
4.734882181088777564e-01,9.999492933630441671e-01
4.734882181088777564e-01,9.999492933630441671e-01
4.734882181088777564e-01,9.999492933630441671e-01
4.734882181088777564e-01,9.999492933630441671e-01
4.733258233159942652e-01,9.998795038724931361e-01
4.733258233159942652e-01,9.998795038724931361e-01
4.733258233159942652e-01,9.998795038724931361e-01
4.733258233159942652e-01,9.998795038724931361e-01
4.733258233159942652e-01,9.998795038724931361e-01
4.733258233159942652e-01,9.998795038724931361e-01
4.733258233159942652e-01,9.998795038724931361e-01
4.733258233159942652e-01,9.998795038724931361e-01
4.733258233159942652e-01,9.998795038724931361e-01
4.733258233159942652e-01,9.998795038724931361e-01
4.733258233159942652e-01,9.998795038724931361e-01
4.733258233159942652e-01,9.998795038724931361e-01
4.733258233159942652e-01,9.998795038724931361e-01
4.733258233159942652e-01,9.998795038724931361e-01
4.733258233159942652e-01,9.998795038724931361e-01
4.732703689397832481e-01,9.998047471000575115e-01
4.732703689397832481e-01,9.998047471000575115e-01
4.732703689397832481e-01,9.998047471000575115e-01
4.732703689397832481e-01,9.998047471000575115e-01
4.732703689397832481e-01,9.998047471000575115e-01
4.732703689397832481e-01,9.998047471000575115e-01
4.732703689397832481e-01,9.998047471000575115e-01
4.732703689397832481e-01,9.998047471000575115e-01
4.732703689397832481e-01,9.998047471000575115e-01
4.732703689397832481e-01,9.998047471000575115e-01
4.732703689397832481e-01,9.998047471000575115e-01
4.732703689397832481e-01,9.998047471000575115e-01
4.733119457972569943e-01,9.998782942034133425e-01
4.733119457972569943e-01,9.998782942034133425e-01
4.733119457972569943e-01,9.998782942034133425e-01
4.733119457972569943e-01,9.998782942034133425e-01
4.733119457972569943e-01,9.998782942034133425e-01
4.734266003060078054e-01,9.999518829815097209e-01
4.734266003060078054e-01,9.999518829815097209e-01
4.734266003060078054e-01,9.999518829815097209e-01
4.732540573339857892e-01,9.993268474913349353e-01
4.730115433013690751e-01,9.993784057860813919e-01
4.730115433013690751e-01,9.993784057860813919e-01
4.734001255849647483e-01,9.991282003780620480e-01
4.730301668242734014e-01,9.998738719082501669e-01
4.730301668242734014e-01,9.998738719082501669e-01
4.730301668242734014e-01,9.998738719082501669e-01
4.731527456633904394e-01,9.991204213327548045e-01
4.731527456633904394e-01,9.991204213327548045e-01
4.731527456633904394e-01,9.991204213327548045e-01
4.731527456633904394e-01,9.991204213327548045e-01
4.735385525103324444e-01,9.997400122692576829e-01
4.735385525103324444e-01,9.997400122692576829e-01
4.735385525103324444e-01,9.997400122692576829e-01
4.735385525103324444e-01,9.997400122692576829e-01
4.735385525103324444e-01,9.997400122692576829e-01
4.735385525103324444e-01,9.997400122692576829e-01
4.735385525103324444e-01,9.997400122692576829e-01
4.735385525103324444e-01,9.997400122692576829e-01
4.735385525103324444e-01,9.997400122692576829e-01
4.735385525103324444e-01,9.997400122692576829e-01
4.735385525103324444e-01,9.997400122692576829e-01
4.735385525103324444e-01,9.997400122692576829e-01
4.735385525103324444e-01,9.997400122692576829e-01
4.735385525103324444e-01,9.997400122692576829e-01
4.735385525103324444e-01,9.997400122692576829e-01
4.732505084787888006e-01,9.998127620638004309e-01
4.732505084787888006e-01,9.998127620638004309e-01
4.732505084787888006e-01,9.998127620638004309e-01
4.732505084787888006e-01,9.998127620638004309e-01
4.732505084787888006e-01,9.998127620638004309e-01
4.732505084787888006e-01,9.998127620638004309e-01
4.732505084787888006e-01,9.998127620638004309e-01
4.732505084787888006e-01,9.998127620638004309e-01
4.732505084787888006e-01,9.998127620638004309e-01
4.732505084787888006e-01,9.998127620638004309e-01
4.732505084787888006e-01,9.998127620638004309e-01
4.732505084787888006e-01,9.998127620638004309e-01
4.732505084787888006e-01,9.998127620638004309e-01
4.732505084787888006e-01,9.998127620638004309e-01
4.732505084787888006e-01,9.998127620638004309e-01
4.732505084787888006e-01,9.998127620638004309e-01
4.732505084787888006e-01,9.998127620638004309e-01
4.732505084787888006e-01,9.998127620638004309e-01
4.732505084787888006e-01,9.998127620638004309e-01
4.732505084787888006e-01,9.998127620638004309e-01
4.732505084787888006e-01,9.998127620638004309e-01
4.732505084787888006e-01,9.998127620638004309e-01
4.732505084787888006e-01,9.998127620638004309e-01
4.732505084787888006e-01,9.998127620638004309e-01
4.732505084787888006e-01,9.998127620638004309e-01
4.731478498617852635e-01,9.995910095436523202e-01
4.731478498617852635e-01,9.995910095436523202e-01
4.735515021246982093e-01,9.998804128274976222e-01
4.735515021246982093e-01,9.998804128274976222e-01
4.735515021246982093e-01,9.998804128274976222e-01
4.735515021246982093e-01,9.998804128274976222e-01
4.735515021246982093e-01,9.998804128274976222e-01
4.735515021246982093e-01,9.998804128274976222e-01
4.733161026696457441e-01,9.999812661604987607e-01
4.733161026696457441e-01,9.999812661604987607e-01
4.733161026696457441e-01,9.999812661604987607e-01
4.733161026696457441e-01,9.999812661604987607e-01
4.733161026696457441e-01,9.999812661604987607e-01
4.733161026696457441e-01,9.999812661604987607e-01
4.733161026696457441e-01,9.999812661604987607e-01
4.733161026696457441e-01,9.999812661604987607e-01
4.733161026696457441e-01,9.999812661604987607e-01
4.733161026696457441e-01,9.999812661604987607e-01
4.733161026696457441e-01,9.999812661604987607e-01
4.733161026696457441e-01,9.999812661604987607e-01
4.733161026696457441e-01,9.999812661604987607e-01
4.733161026696457441e-01,9.999812661604987607e-01
4.733161026696457441e-01,9.999812661604987607e-01
4.733161026696457441e-01,9.999812661604987607e-01
4.733161026696457441e-01,9.999812661604987607e-01
4.733161026696457441e-01,9.999812661604987607e-01
4.733161026696457441e-01,9.999812661604987607e-01
4.733161026696457441e-01,9.999812661604987607e-01
4.733161026696457441e-01,9.999812661604987607e-01
4.734894892142806899e-01,9.999378478966186590e-01
4.734894892142806899e-01,9.999378478966186590e-01
4.734894892142806899e-01,9.999378478966186590e-01
4.734894892142806899e-01,9.999378478966186590e-01
4.734894892142806899e-01,9.999378478966186590e-01
4.734894892142806899e-01,9.999378478966186590e-01
4.734894892142806899e-01,9.999378478966186590e-01
4.734894892142806899e-01,9.999378478966186590e-01
4.734894892142806899e-01,9.999378478966186590e-01
4.734894892142806899e-01,9.999378478966186590e-01
4.734894892142806899e-01,9.999378478966186590e-01
4.734136958335407597e-01,9.999048205676008827e-01
4.734136958335407597e-01,9.999048205676008827e-01
4.734136958335407597e-01,9.999048205676008827e-01
4.734136958335407597e-01,9.999048205676008827e-01
4.734136958335407597e-01,9.999048205676008827e-01
4.734136958335407597e-01,9.999048205676008827e-01
4.734136958335407597e-01,9.999048205676008827e-01
4.734136958335407597e-01,9.999048205676008827e-01
4.734136958335407597e-01,9.999048205676008827e-01
4.734136958335407597e-01,9.999048205676008827e-01
4.734136958335407597e-01,9.999048205676008827e-01
4.734136958335407597e-01,9.999048205676008827e-01
4.734136958335407597e-01,9.999048205676008827e-01
4.734136958335407597e-01,9.999048205676008827e-01
4.734136958335407597e-01,9.999048205676008827e-01
4.734136958335407597e-01,9.999048205676008827e-01
4.734136958335407597e-01,9.999048205676008827e-01
4.734136958335407597e-01,9.999048205676008827e-01
4.734136958335407597e-01,9.999048205676008827e-01
4.734136958335407597e-01,9.999048205676008827e-01
4.734136958335407597e-01,9.999048205676008827e-01
4.734136958335407597e-01,9.999048205676008827e-01
4.734136958335407597e-01,9.999048205676008827e-01
4.734136958335407597e-01,9.999048205676008827e-01
4.734136958335407597e-01,9.999048205676008827e-01
4.734136958335407597e-01,9.999048205676008827e-01
4.734136958335407597e-01,9.999048205676008827e-01
4.734136958335407597e-01,9.999048205676008827e-01
4.734136958335407597e-01,9.999048205676008827e-01
4.734136958335407597e-01,9.999048205676008827e-01
4.734136958335407597e-01,9.999048205676008827e-01
4.734136958335407597e-01,9.999048205676008827e-01
4.734136958335407597e-01,9.999048205676008827e-01
4.734136958335407597e-01,9.999048205676008827e-01
4.734136958335407597e-01,9.999048205676008827e-01
4.734136958335407597e-01,9.999048205676008827e-01
4.734136958335407597e-01,9.999048205676008827e-01
4.734136958335407597e-01,9.999048205676008827e-01
4.734136958335407597e-01,9.999048205676008827e-01
4.734136958335407597e-01,9.999048205676008827e-01
4.734136958335407597e-01,9.999048205676008827e-01
4.734136958335407597e-01,9.999048205676008827e-01
4.734136958335407597e-01,9.999048205676008827e-01
4.734136958335407597e-01,9.999048205676008827e-01
4.734136958335407597e-01,9.999048205676008827e-01
4.734136958335407597e-01,9.999048205676008827e-01
4.734136958335407597e-01,9.999048205676008827e-01
4.734136958335407597e-01,9.999048205676008827e-01
4.733475892596019086e-01,9.998987276807973501e-01
4.733475892596019086e-01,9.998987276807973501e-01
4.733475892596019086e-01,9.998987276807973501e-01
4.733475892596019086e-01,9.998987276807973501e-01
4.733475892596019086e-01,9.998987276807973501e-01
4.733475892596019086e-01,9.998987276807973501e-01
4.733475892596019086e-01,9.998987276807973501e-01
4.733475892596019086e-01,9.998987276807973501e-01
4.733475892596019086e-01,9.998987276807973501e-01
4.733475892596019086e-01,9.998987276807973501e-01
4.733475892596019086e-01,9.998987276807973501e-01
4.733475892596019086e-01,9.998987276807973501e-01
4.733475892596019086e-01,9.998987276807973501e-01
4.733475892596019086e-01,9.998987276807973501e-01
4.733475892596019086e-01,9.998987276807973501e-01
4.733475892596019086e-01,9.998987276807973501e-01
4.733475892596019086e-01,9.998987276807973501e-01
4.733475892596019086e-01,9.998987276807973501e-01
4.733475892596019086e-01,9.998987276807973501e-01
4.734697123477553671e-01,9.999443308450545187e-01
4.734697123477553671e-01,9.999443308450545187e-01
4.734697123477553671e-01,9.999443308450545187e-01
4.734697123477553671e-01,9.999443308450545187e-01
4.734697123477553671e-01,9.999443308450545187e-01
4.734697123477553671e-01,9.999443308450545187e-01
4.734697123477553671e-01,9.999443308450545187e-01
4.734697123477553671e-01,9.999443308450545187e-01
4.734697123477553671e-01,9.999443308450545187e-01
4.734697123477553671e-01,9.999443308450545187e-01
4.734697123477553671e-01,9.999443308450545187e-01
4.734697123477553671e-01,9.999443308450545187e-01
4.734697123477553671e-01,9.999443308450545187e-01
4.734697123477553671e-01,9.999443308450545187e-01
4.734697123477553671e-01,9.999443308450545187e-01
4.734697123477553671e-01,9.999443308450545187e-01
4.734697123477553671e-01,9.999443308450545187e-01
4.734697123477553671e-01,9.999443308450545187e-01
4.734697123477553671e-01,9.999443308450545187e-01
4.734697123477553671e-01,9.999443308450545187e-01
4.734697123477553671e-01,9.999443308450545187e-01
4.734697123477553671e-01,9.999443308450545187e-01
4.732117282344700526e-01,9.997598790368484867e-01
4.732117282344700526e-01,9.997598790368484867e-01
4.732117282344700526e-01,9.997598790368484867e-01
4.732117282344700526e-01,9.997598790368484867e-01
4.732117282344700526e-01,9.997598790368484867e-01
4.732117282344700526e-01,9.997598790368484867e-01
4.733465807393812952e-01,9.998070115079238374e-01
4.733465807393812952e-01,9.998070115079238374e-01
4.733465807393812952e-01,9.998070115079238374e-01
4.733465807393812952e-01,9.998070115079238374e-01
4.733465807393812952e-01,9.998070115079238374e-01
4.733465807393812952e-01,9.998070115079238374e-01
4.733465807393812952e-01,9.998070115079238374e-01
4.733465807393812952e-01,9.998070115079238374e-01
4.733465807393812952e-01,9.998070115079238374e-01
4.733465807393812952e-01,9.998070115079238374e-01
4.733465807393812952e-01,9.998070115079238374e-01
4.733465807393812952e-01,9.998070115079238374e-01
4.731956882866115155e-01,9.999087417369515451e-01
4.731956882866115155e-01,9.999087417369515451e-01
4.731956882866115155e-01,9.999087417369515451e-01
4.731956882866115155e-01,9.999087417369515451e-01
4.731956882866115155e-01,9.999087417369515451e-01
4.731956882866115155e-01,9.999087417369515451e-01
4.731956882866115155e-01,9.999087417369515451e-01
4.731956882866115155e-01,9.999087417369515451e-01
4.731956882866115155e-01,9.999087417369515451e-01
4.731956882866115155e-01,9.999087417369515451e-01
4.731956882866115155e-01,9.999087417369515451e-01
4.731956882866115155e-01,9.999087417369515451e-01
4.731956882866115155e-01,9.999087417369515451e-01
4.731956882866115155e-01,9.999087417369515451e-01
4.731956882866115155e-01,9.999087417369515451e-01
4.731956882866115155e-01,9.999087417369515451e-01
4.731956882866115155e-01,9.999087417369515451e-01
4.731956882866115155e-01,9.999087417369515451e-01
4.731956882866115155e-01,9.999087417369515451e-01
4.731956882866115155e-01,9.999087417369515451e-01
4.731956882866115155e-01,9.999087417369515451e-01
4.731257928321341844e-01,9.998333000727636088e-01
4.731257928321341844e-01,9.998333000727636088e-01
4.731257928321341844e-01,9.998333000727636088e-01
4.731257928321341844e-01,9.998333000727636088e-01
4.731257928321341844e-01,9.998333000727636088e-01
4.731257928321341844e-01,9.998333000727636088e-01
4.736596184629277007e-01,9.999489618156496284e-01
4.736596184629277007e-01,9.999489618156496284e-01
4.731364710355955294e-01,9.999555813402891680e-01
4.731364710355955294e-01,9.999555813402891680e-01
4.731364710355955294e-01,9.999555813402891680e-01
4.731364710355955294e-01,9.999555813402891680e-01
4.731364710355955294e-01,9.999555813402891680e-01
4.733567837556471036e-01,9.996047867115913643e-01
4.733567837556471036e-01,9.996047867115913643e-01
4.733567837556471036e-01,9.996047867115913643e-01
4.733567837556471036e-01,9.996047867115913643e-01
4.733567837556471036e-01,9.996047867115913643e-01
4.733567837556471036e-01,9.996047867115913643e-01
4.733567837556471036e-01,9.996047867115913643e-01
4.733567837556471036e-01,9.996047867115913643e-01
4.733567837556471036e-01,9.996047867115913643e-01
4.733567837556471036e-01,9.996047867115913643e-01
4.733567837556471036e-01,9.996047867115913643e-01
4.731086543665791178e-01,9.995870974887030025e-01
4.731086543665791178e-01,9.995870974887030025e-01
4.731086543665791178e-01,9.995870974887030025e-01
4.731086543665791178e-01,9.995870974887030025e-01
4.731086543665791178e-01,9.995870974887030025e-01
4.730580114874665121e-01,9.998597058724616460e-01
4.730580114874665121e-01,9.998597058724616460e-01
4.730580114874665121e-01,9.998597058724616460e-01
4.730580114874665121e-01,9.998597058724616460e-01
4.733323227342196571e-01,9.994422892959594629e-01
4.733323227342196571e-01,9.994422892959594629e-01
4.733323227342196571e-01,9.994422892959594629e-01
4.733323227342196571e-01,9.994422892959594629e-01
4.732506829826387817e-01,9.999268300325441228e-01
4.732506829826387817e-01,9.999268300325441228e-01
4.732506829826387817e-01,9.999268300325441228e-01
4.732506829826387817e-01,9.999268300325441228e-01
4.732506829826387817e-01,9.999268300325441228e-01
4.732506829826387817e-01,9.999268300325441228e-01
4.732506829826387817e-01,9.999268300325441228e-01
4.732506829826387817e-01,9.999268300325441228e-01
4.732506829826387817e-01,9.999268300325441228e-01
4.732506829826387817e-01,9.999268300325441228e-01
4.732506829826387817e-01,9.999268300325441228e-01
4.732506829826387817e-01,9.999268300325441228e-01
4.732506829826387817e-01,9.999268300325441228e-01
4.732506829826387817e-01,9.999268300325441228e-01
4.732506829826387817e-01,9.999268300325441228e-01
4.732506829826387817e-01,9.999268300325441228e-01
4.732506829826387817e-01,9.999268300325441228e-01
4.731827123210201602e-01,9.998295111086821230e-01
4.731827123210201602e-01,9.998295111086821230e-01
4.731827123210201602e-01,9.998295111086821230e-01
4.731827123210201602e-01,9.998295111086821230e-01
4.731827123210201602e-01,9.998295111086821230e-01
4.734586895303329879e-01,9.996959119723775045e-01
4.734586895303329879e-01,9.996959119723775045e-01
4.733047369667932602e-01,9.998252992117055982e-01
4.733047369667932602e-01,9.998252992117055982e-01
4.733047369667932602e-01,9.998252992117055982e-01
4.733047369667932602e-01,9.998252992117055982e-01
4.734529414265989389e-01,9.999583620581719012e-01
4.734529414265989389e-01,9.999583620581719012e-01
4.734529414265989389e-01,9.999583620581719012e-01
4.734529414265989389e-01,9.999583620581719012e-01
4.734529414265989389e-01,9.999583620581719012e-01
4.734529414265989389e-01,9.999583620581719012e-01
4.734529414265989389e-01,9.999583620581719012e-01
4.734529414265989389e-01,9.999583620581719012e-01
4.734529414265989389e-01,9.999583620581719012e-01
4.734529414265989389e-01,9.999583620581719012e-01
4.734529414265989389e-01,9.999583620581719012e-01
4.731713137417655757e-01,9.996069986286030273e-01
4.731713137417655757e-01,9.996069986286030273e-01
4.731713137417655757e-01,9.996069986286030273e-01
4.731713137417655757e-01,9.996069986286030273e-01
4.731531614914858408e-01,9.996415319957544510e-01
4.731531614914858408e-01,9.996415319957544510e-01
4.731531614914858408e-01,9.996415319957544510e-01
4.732349013133245741e-01,9.996796811427974827e-01
4.733996032390263564e-01,9.996347480755686243e-01
4.733996032390263564e-01,9.996347480755686243e-01
4.733996032390263564e-01,9.996347480755686243e-01
4.733996032390263564e-01,9.996347480755686243e-01
4.733996032390263564e-01,9.996347480755686243e-01
4.733996032390263564e-01,9.996347480755686243e-01
4.733996032390263564e-01,9.996347480755686243e-01
4.733996032390263564e-01,9.996347480755686243e-01
4.733996032390263564e-01,9.996347480755686243e-01
4.733996032390263564e-01,9.996347480755686243e-01
4.733996032390263564e-01,9.996347480755686243e-01
4.733996032390263564e-01,9.996347480755686243e-01
4.733996032390263564e-01,9.996347480755686243e-01
4.733996032390263564e-01,9.996347480755686243e-01
4.733996032390263564e-01,9.996347480755686243e-01
4.733996032390263564e-01,9.996347480755686243e-01
4.733996032390263564e-01,9.996347480755686243e-01
4.733996032390263564e-01,9.996347480755686243e-01
4.733996032390263564e-01,9.996347480755686243e-01
4.734510340825426877e-01,9.998831518441314570e-01
4.734510340825426877e-01,9.998831518441314570e-01
4.734510340825426877e-01,9.998831518441314570e-01
4.734510340825426877e-01,9.998831518441314570e-01
4.734510340825426877e-01,9.998831518441314570e-01
4.734510340825426877e-01,9.998831518441314570e-01
4.734510340825426877e-01,9.998831518441314570e-01
4.733301690933295891e-01,9.998963884143794445e-01
4.733301690933295891e-01,9.998963884143794445e-01
4.733301690933295891e-01,9.998963884143794445e-01
4.733301690933295891e-01,9.998963884143794445e-01
4.733301690933295891e-01,9.998963884143794445e-01
4.733301690933295891e-01,9.998963884143794445e-01
4.733301690933295891e-01,9.998963884143794445e-01
4.733301690933295891e-01,9.998963884143794445e-01
4.733301690933295891e-01,9.998963884143794445e-01
4.733301690933295891e-01,9.998963884143794445e-01
4.733301690933295891e-01,9.998963884143794445e-01
4.733301690933295891e-01,9.998963884143794445e-01
4.733301690933295891e-01,9.998963884143794445e-01
4.733301690933295891e-01,9.998963884143794445e-01
4.733301690933295891e-01,9.998963884143794445e-01
4.733301690933295891e-01,9.998963884143794445e-01
4.733301690933295891e-01,9.998963884143794445e-01
4.733301690933295891e-01,9.998963884143794445e-01
4.733301690933295891e-01,9.998963884143794445e-01
4.733301690933295891e-01,9.998963884143794445e-01
4.733301690933295891e-01,9.998963884143794445e-01
4.733301690933295891e-01,9.998963884143794445e-01
4.733301690933295891e-01,9.998963884143794445e-01
4.733301690933295891e-01,9.998963884143794445e-01
4.733301690933295891e-01,9.998963884143794445e-01
4.733301690933295891e-01,9.998963884143794445e-01
4.733301690933295891e-01,9.998963884143794445e-01
4.733301690933295891e-01,9.998963884143794445e-01
4.733301690933295891e-01,9.998963884143794445e-01
4.733301690933295891e-01,9.998963884143794445e-01
4.733301690933295891e-01,9.998963884143794445e-01
4.733301690933295891e-01,9.998963884143794445e-01
4.734616975224006930e-01,9.998410337881814547e-01
4.734616975224006930e-01,9.998410337881814547e-01
4.734616975224006930e-01,9.998410337881814547e-01
4.734616975224006930e-01,9.998410337881814547e-01
4.734616975224006930e-01,9.998410337881814547e-01
4.734616975224006930e-01,9.998410337881814547e-01
4.734616975224006930e-01,9.998410337881814547e-01
4.734616975224006930e-01,9.998410337881814547e-01
4.734616975224006930e-01,9.998410337881814547e-01
4.734616975224006930e-01,9.998410337881814547e-01
4.734616975224006930e-01,9.998410337881814547e-01
4.734616975224006930e-01,9.998410337881814547e-01
4.734616975224006930e-01,9.998410337881814547e-01
4.734616975224006930e-01,9.998410337881814547e-01
4.734616975224006930e-01,9.998410337881814547e-01
4.734616975224006930e-01,9.998410337881814547e-01
4.734616975224006930e-01,9.998410337881814547e-01
4.734616975224006930e-01,9.998410337881814547e-01
4.734616975224006930e-01,9.998410337881814547e-01
4.732319671645180970e-01,9.999110395456627387e-01
4.732319671645180970e-01,9.999110395456627387e-01
4.732319671645180970e-01,9.999110395456627387e-01
4.732319671645180970e-01,9.999110395456627387e-01
4.732319671645180970e-01,9.999110395456627387e-01
4.732319671645180970e-01,9.999110395456627387e-01
4.733160328404159567e-01,9.999991018634336593e-01
4.733160328404159567e-01,9.999991018634336593e-01
4.733160328404159567e-01,9.999991018634336593e-01
4.733160328404159567e-01,9.999991018634336593e-01
4.733160328404159567e-01,9.999991018634336593e-01
4.733160328404159567e-01,9.999991018634336593e-01
4.733160328404159567e-01,9.999991018634336593e-01
4.733160328404159567e-01,9.999991018634336593e-01
4.733160328404159567e-01,9.999991018634336593e-01
4.733160328404159567e-01,9.999991018634336593e-01
4.733160328404159567e-01,9.999991018634336593e-01
4.733160328404159567e-01,9.999991018634336593e-01
4.733160328404159567e-01,9.999991018634336593e-01
4.733160328404159567e-01,9.999991018634336593e-01
4.733160328404159567e-01,9.999991018634336593e-01
4.733160328404159567e-01,9.999991018634336593e-01
4.733160328404159567e-01,9.999991018634336593e-01
4.733160328404159567e-01,9.999991018634336593e-01
4.733160328404159567e-01,9.999991018634336593e-01
4.733160328404159567e-01,9.999991018634336593e-01
4.733160328404159567e-01,9.999991018634336593e-01
4.733160328404159567e-01,9.999991018634336593e-01
4.733160328404159567e-01,9.999991018634336593e-01
4.733160328404159567e-01,9.999991018634336593e-01
4.733160328404159567e-01,9.999991018634336593e-01
4.733160328404159567e-01,9.999991018634336593e-01
4.733160328404159567e-01,9.999991018634336593e-01
4.733160328404159567e-01,9.999991018634336593e-01
4.733160328404159567e-01,9.999991018634336593e-01
4.733246555489681873e-01,9.999679294888779157e-01
4.733246555489681873e-01,9.999679294888779157e-01
4.733246555489681873e-01,9.999679294888779157e-01
4.733246555489681873e-01,9.999679294888779157e-01
4.733246555489681873e-01,9.999679294888779157e-01
4.733246555489681873e-01,9.999679294888779157e-01
4.733246555489681873e-01,9.999679294888779157e-01
4.733722836338778994e-01,9.999194628845101684e-01
4.733722836338778994e-01,9.999194628845101684e-01
4.733722836338778994e-01,9.999194628845101684e-01
4.733722836338778994e-01,9.999194628845101684e-01
4.733722836338778994e-01,9.999194628845101684e-01
4.733722836338778994e-01,9.999194628845101684e-01
4.733722836338778994e-01,9.999194628845101684e-01
4.733722836338778994e-01,9.999194628845101684e-01
4.733722836338778994e-01,9.999194628845101684e-01
4.733722836338778994e-01,9.999194628845101684e-01
4.733722836338778994e-01,9.999194628845101684e-01
4.733722836338778994e-01,9.999194628845101684e-01
4.733722836338778994e-01,9.999194628845101684e-01
4.733722836338778994e-01,9.999194628845101684e-01
4.733722836338778994e-01,9.999194628845101684e-01
4.733722836338778994e-01,9.999194628845101684e-01
4.733722836338778994e-01,9.999194628845101684e-01
4.733722836338778994e-01,9.999194628845101684e-01
4.733722836338778994e-01,9.999194628845101684e-01
4.733722836338778994e-01,9.999194628845101684e-01
4.733722836338778994e-01,9.999194628845101684e-01
4.733722836338778994e-01,9.999194628845101684e-01
4.733722836338778994e-01,9.999194628845101684e-01
4.733722836338778994e-01,9.999194628845101684e-01
4.729971742433953241e-01,9.998602623594110561e-01
4.729971742433953241e-01,9.998602623594110561e-01
4.731971643056483434e-01,9.993519312857314096e-01
4.731971643056483434e-01,9.993519312857314096e-01
4.731971643056483434e-01,9.993519312857314096e-01
4.731971643056483434e-01,9.993519312857314096e-01
4.733444212706700571e-01,9.999560660332451612e-01
4.733444212706700571e-01,9.999560660332451612e-01
4.733444212706700571e-01,9.999560660332451612e-01
4.733444212706700571e-01,9.999560660332451612e-01
4.733444212706700571e-01,9.999560660332451612e-01
4.733444212706700571e-01,9.999560660332451612e-01
4.733444212706700571e-01,9.999560660332451612e-01
4.733444212706700571e-01,9.999560660332451612e-01
4.733444212706700571e-01,9.999560660332451612e-01
4.733444212706700571e-01,9.999560660332451612e-01
4.733444212706700571e-01,9.999560660332451612e-01
4.733444212706700571e-01,9.999560660332451612e-01
4.733444212706700571e-01,9.999560660332451612e-01
4.733444212706700571e-01,9.999560660332451612e-01
4.733444212706700571e-01,9.999560660332451612e-01
4.733444212706700571e-01,9.999560660332451612e-01
4.733444212706700571e-01,9.999560660332451612e-01
4.733444212706700571e-01,9.999560660332451612e-01
4.733444212706700571e-01,9.999560660332451612e-01
4.733444212706700571e-01,9.999560660332451612e-01
4.733444212706700571e-01,9.999560660332451612e-01
4.733444212706700571e-01,9.999560660332451612e-01
4.733444212706700571e-01,9.999560660332451612e-01
4.733444212706700571e-01,9.999560660332451612e-01
4.733444212706700571e-01,9.999560660332451612e-01
4.733444212706700571e-01,9.999560660332451612e-01
4.733444212706700571e-01,9.999560660332451612e-01
4.733444212706700571e-01,9.999560660332451612e-01
4.733534099933194295e-01,9.995378463570124827e-01
4.735227026658316296e-01,9.999319414334744138e-01
4.735227026658316296e-01,9.999319414334744138e-01
4.735227026658316296e-01,9.999319414334744138e-01
4.734949853573548473e-01,9.998736521165565438e-01
4.734949853573548473e-01,9.998736521165565438e-01
4.734949853573548473e-01,9.998736521165565438e-01
4.734949853573548473e-01,9.998736521165565438e-01
4.734949853573548473e-01,9.998736521165565438e-01
4.734949853573548473e-01,9.998736521165565438e-01
4.734949853573548473e-01,9.998736521165565438e-01
4.734949853573548473e-01,9.998736521165565438e-01
4.734949853573548473e-01,9.998736521165565438e-01
4.734949853573548473e-01,9.998736521165565438e-01
4.734949853573548473e-01,9.998736521165565438e-01
4.734949853573548473e-01,9.998736521165565438e-01
4.734949853573548473e-01,9.998736521165565438e-01
4.734949853573548473e-01,9.998736521165565438e-01
4.734949853573548473e-01,9.998736521165565438e-01
4.734949853573548473e-01,9.998736521165565438e-01
4.734949853573548473e-01,9.998736521165565438e-01
4.734949853573548473e-01,9.998736521165565438e-01
4.734949853573548473e-01,9.998736521165565438e-01
4.734949853573548473e-01,9.998736521165565438e-01
4.734949853573548473e-01,9.998736521165565438e-01
4.734949853573548473e-01,9.998736521165565438e-01
4.734949853573548473e-01,9.998736521165565438e-01
4.734949853573548473e-01,9.998736521165565438e-01
4.734949853573548473e-01,9.998736521165565438e-01
4.734949853573548473e-01,9.998736521165565438e-01
4.734949853573548473e-01,9.998736521165565438e-01
4.734949853573548473e-01,9.998736521165565438e-01
4.735100834093575184e-01,9.998935386424119276e-01
4.735100834093575184e-01,9.998935386424119276e-01
4.735100834093575184e-01,9.998935386424119276e-01
4.735100834093575184e-01,9.998935386424119276e-01
4.735100834093575184e-01,9.998935386424119276e-01
4.735100834093575184e-01,9.998935386424119276e-01
4.735100834093575184e-01,9.998935386424119276e-01
4.735100834093575184e-01,9.998935386424119276e-01
4.735100834093575184e-01,9.998935386424119276e-01
4.735100834093575184e-01,9.998935386424119276e-01
4.735100834093575184e-01,9.998935386424119276e-01
4.735100834093575184e-01,9.998935386424119276e-01
4.735100834093575184e-01,9.998935386424119276e-01
4.732817648110387854e-01,9.997868189460927812e-01
4.732817648110387854e-01,9.997868189460927812e-01
4.732817648110387854e-01,9.997868189460927812e-01
4.732817648110387854e-01,9.997868189460927812e-01
4.732817648110387854e-01,9.997868189460927812e-01
4.731921861893054193e-01,9.999553030747467819e-01
4.731079806950441724e-01,9.997111142157311114e-01
4.731079806950441724e-01,9.997111142157311114e-01
4.731079806950441724e-01,9.997111142157311114e-01
4.731079806950441724e-01,9.997111142157311114e-01
4.731079806950441724e-01,9.997111142157311114e-01
4.731079806950441724e-01,9.997111142157311114e-01
4.733596200003547527e-01,9.996043562309016028e-01
4.733596200003547527e-01,9.996043562309016028e-01
4.733596200003547527e-01,9.996043562309016028e-01
4.733596200003547527e-01,9.996043562309016028e-01
4.733596200003547527e-01,9.996043562309016028e-01
4.733596200003547527e-01,9.996043562309016028e-01
4.733596200003547527e-01,9.996043562309016028e-01
4.733596200003547527e-01,9.996043562309016028e-01
4.733596200003547527e-01,9.996043562309016028e-01
4.733596200003547527e-01,9.996043562309016028e-01
4.733596200003547527e-01,9.996043562309016028e-01
4.733596200003547527e-01,9.996043562309016028e-01
4.733596200003547527e-01,9.996043562309016028e-01
4.733596200003547527e-01,9.996043562309016028e-01
4.733596200003547527e-01,9.996043562309016028e-01
4.733596200003547527e-01,9.996043562309016028e-01
4.733596200003547527e-01,9.996043562309016028e-01
4.733596200003547527e-01,9.996043562309016028e-01
4.733596200003547527e-01,9.996043562309016028e-01
4.733596200003547527e-01,9.996043562309016028e-01
4.733596200003547527e-01,9.996043562309016028e-01
4.733596200003547527e-01,9.996043562309016028e-01
4.733596200003547527e-01,9.996043562309016028e-01
4.733596200003547527e-01,9.996043562309016028e-01
4.733596200003547527e-01,9.996043562309016028e-01
4.733596200003547527e-01,9.996043562309016028e-01
4.733596200003547527e-01,9.996043562309016028e-01
4.733596200003547527e-01,9.996043562309016028e-01
4.733596200003547527e-01,9.996043562309016028e-01
4.733596200003547527e-01,9.996043562309016028e-01
4.732602693838321439e-01,9.995747768644118736e-01
4.732602693838321439e-01,9.995747768644118736e-01
4.732602693838321439e-01,9.995747768644118736e-01
4.732602693838321439e-01,9.995747768644118736e-01
4.732602693838321439e-01,9.995747768644118736e-01
4.732602693838321439e-01,9.995747768644118736e-01
4.732602693838321439e-01,9.995747768644118736e-01
4.733573220698407691e-01,9.999649915112094334e-01
4.733573220698407691e-01,9.999649915112094334e-01
4.733573220698407691e-01,9.999649915112094334e-01
4.733573220698407691e-01,9.999649915112094334e-01
4.733573220698407691e-01,9.999649915112094334e-01
4.733573220698407691e-01,9.999649915112094334e-01
4.753524313989237471e-01,9.975538239541204000e-01
4.753362206686390090e-01,9.959220208201895463e-01
4.747999790020040467e-01,9.960705932688611597e-01
4.754308348622176550e-01,9.984865516382703809e-01
4.755918768537286678e-01,9.998649982941636427e-01
4.755918768537286678e-01,9.998649982941636427e-01
4.755918768537286678e-01,9.998649982941636427e-01
4.758004669301220124e-01,9.995539944975175839e-01
4.758004669301220124e-01,9.995539944975175839e-01
4.758004669301220124e-01,9.995539944975175839e-01
4.758004669301220124e-01,9.995539944975175839e-01
4.757285705821793775e-01,9.991598360809548218e-01
4.757285705821793775e-01,9.991598360809548218e-01
4.751729809628018608e-01,9.986810976850895027e-01
4.751729809628018608e-01,9.986810976850895027e-01
4.749795023655378756e-01,9.974538976116568145e-01
4.749795023655378756e-01,9.974538976116568145e-01
4.752718577348989393e-01,9.982497639608973738e-01
4.752149004815119926e-01,9.982111906775350540e-01
4.752149004815119926e-01,9.982111906775350540e-01
4.752807240143430145e-01,9.992564412363473814e-01
4.752807240143430145e-01,9.992564412363473814e-01
4.759166295418484349e-01,9.997200185199727196e-01
4.759166295418484349e-01,9.997200185199727196e-01
4.753685035433480865e-01,9.988722203016857648e-01
4.753685035433480865e-01,9.988722203016857648e-01
4.755750463988972498e-01,9.976822066454918980e-01
4.759480947908574233e-01,9.999464192285532071e-01
4.759480947908574233e-01,9.999464192285532071e-01
4.755452598387397423e-01,9.989345302087321299e-01
4.756812007675319531e-01,9.984769139724877229e-01
4.754556706896417850e-01,9.975189791774395909e-01
4.757330929623437288e-01,9.986591566643676643e-01
4.757330929623437288e-01,9.986591566643676643e-01
4.757330929623437288e-01,9.986591566643676643e-01
4.757330929623437288e-01,9.986591566643676643e-01
4.758324798855551596e-01,9.989154689779921048e-01
4.758324798855551596e-01,9.989154689779921048e-01
4.755726919665691499e-01,9.991684044732828118e-01
4.756788093384025085e-01,9.991963083307090487e-01
4.759190775000599061e-01,9.994375571612695852e-01
4.759190775000599061e-01,9.994375571612695852e-01
4.759190775000599061e-01,9.994375571612695852e-01
4.754555329901570260e-01,9.996439086412166608e-01
4.744299331464391645e-01,9.946238597416713345e-01
4.759042950686181994e-01,9.992977525589253895e-01
4.759042950686181994e-01,9.992977525589253895e-01
4.759042950686181994e-01,9.992977525589253895e-01
4.759042950686181994e-01,9.992977525589253895e-01
4.762554216987940903e-01,9.988745606679167999e-01
4.755253129949024160e-01,9.987411528756492407e-01
4.755253129949024160e-01,9.987411528756492407e-01
4.760041630618291886e-01,9.992597923832056139e-01
4.763328754236119122e-01,9.996391547050562654e-01
4.751266519864426052e-01,9.987834863313881373e-01
4.754563732321339109e-01,9.977235051680733990e-01
4.754563732321339109e-01,9.977235051680733990e-01
4.753971433592052431e-01,9.987853394503976023e-01
4.753920572558009150e-01,9.996782428368702345e-01
4.753920572558009150e-01,9.996782428368702345e-01
4.755722575984968059e-01,9.999414739934892049e-01
4.752317251631815731e-01,9.990550240028933660e-01
4.759886323268622821e-01,9.996035074716397295e-01
4.759886323268622821e-01,9.996035074716397295e-01
4.755966064479536515e-01,9.995944251451654994e-01
4.755966064479536515e-01,9.995944251451654994e-01
4.755966064479536515e-01,9.995944251451654994e-01
4.755966064479536515e-01,9.995944251451654994e-01
4.761218655737406436e-01,9.999777978830545200e-01
4.761218655737406436e-01,9.999777978830545200e-01
4.761218655737406436e-01,9.999777978830545200e-01
4.761218655737406436e-01,9.999777978830545200e-01
4.761218655737406436e-01,9.999777978830545200e-01
4.761218655737406436e-01,9.999777978830545200e-01
4.761218655737406436e-01,9.999777978830545200e-01
4.761218655737406436e-01,9.999777978830545200e-01
4.761218655737406436e-01,9.999777978830545200e-01
4.761218655737406436e-01,9.999777978830545200e-01
4.761218655737406436e-01,9.999777978830545200e-01
4.761218655737406436e-01,9.999777978830545200e-01
4.761218655737406436e-01,9.999777978830545200e-01
4.761218655737406436e-01,9.999777978830545200e-01
4.748046114851637300e-01,9.954091601094461339e-01
4.752779402560687316e-01,9.974738413584215424e-01
4.751027111495623179e-01,9.984117375486937229e-01
4.750746761945342511e-01,9.976090329261174672e-01
4.755288716981482255e-01,9.989945333284313556e-01
4.755288716981482255e-01,9.989945333284313556e-01
4.757571551534128806e-01,9.991140304773997727e-01
4.757571551534128806e-01,9.991140304773997727e-01
4.757571551534128806e-01,9.991140304773997727e-01
4.758778636667673756e-01,9.995539171946404844e-01
4.758778636667673756e-01,9.995539171946404844e-01
4.754273059597178275e-01,9.989087907858850146e-01
4.754273059597178275e-01,9.989087907858850146e-01
4.754273059597178275e-01,9.989087907858850146e-01
4.756192860325751948e-01,9.979672301377150445e-01
4.754426167761440225e-01,9.986708909526377242e-01
4.759210511674603628e-01,9.985996844328770550e-01
4.755279522207964127e-01,9.998685014674916216e-01
4.746942347217677494e-01,9.962707982378936622e-01
4.755769726851645784e-01,9.996618548800184634e-01
4.755769726851645784e-01,9.996618548800184634e-01
4.755769726851645784e-01,9.996618548800184634e-01
4.757311418948306780e-01,9.995534707812856468e-01
4.754976023492952231e-01,9.995286359196826620e-01
4.754976023492952231e-01,9.995286359196826620e-01
4.758315343391497088e-01,9.991039721730582412e-01
4.758133632725530804e-01,9.998966451021842339e-01
4.758133632725530804e-01,9.998966451021842339e-01
4.758133632725530804e-01,9.998966451021842339e-01
4.758133632725530804e-01,9.998966451021842339e-01
4.758133632725530804e-01,9.998966451021842339e-01
4.758133632725530804e-01,9.998966451021842339e-01
4.758133632725530804e-01,9.998966451021842339e-01
4.753564965622605332e-01,9.984122125114403001e-01
4.750077931730630199e-01,9.982506041611592940e-01
4.762078113260407308e-01,9.988082441639547504e-01
4.758509081037635702e-01,9.991193990607141195e-01
4.747721744932359433e-01,9.980222839909204113e-01
4.750883974459389480e-01,9.962297784104209297e-01
4.755685435002646178e-01,9.985584409389646199e-01
4.756425884032547402e-01,9.989796897897519345e-01
4.754788161457488838e-01,9.989619446868407415e-01
4.759109982689800344e-01,9.997103936427539361e-01
4.759109982689800344e-01,9.997103936427539361e-01
4.759109982689800344e-01,9.997103936427539361e-01
4.759109982689800344e-01,9.997103936427539361e-01
4.750511352890562922e-01,9.998889913560947695e-01
4.757818874724352165e-01,9.996215479689370964e-01
4.757818874724352165e-01,9.996215479689370964e-01
4.757818874724352165e-01,9.996215479689370964e-01
4.757818874724352165e-01,9.996215479689370964e-01
4.757818874724352165e-01,9.996215479689370964e-01
4.757818874724352165e-01,9.996215479689370964e-01
4.757818874724352165e-01,9.996215479689370964e-01
4.757818874724352165e-01,9.996215479689370964e-01
4.754372069064206063e-01,9.982385227092270830e-01
4.752792071183251088e-01,9.991527746057248249e-01
4.752792071183251088e-01,9.991527746057248249e-01
4.753938014155750236e-01,9.977258781338324001e-01
4.762702205481088025e-01,9.992773332184529123e-01
4.760521169265264918e-01,9.990437776746117216e-01
4.760521169265264918e-01,9.990437776746117216e-01
4.745328759907688210e-01,9.945201148211815223e-01
4.754272496849212826e-01,9.988725180702247020e-01
4.760375108307131065e-01,9.992847234797954670e-01
4.754263652027312936e-01,9.985324680568978817e-01
4.759117690431962644e-01,9.994143975847674666e-01
4.755815502483003998e-01,9.995397736513651488e-01
4.754674972978001346e-01,9.989934759272297571e-01
4.754674972978001346e-01,9.989934759272297571e-01
4.758894467764731573e-01,9.995520576542509250e-01
4.758894467764731573e-01,9.995520576542509250e-01
4.758894467764731573e-01,9.995520576542509250e-01
4.758894467764731573e-01,9.995520576542509250e-01
4.758894467764731573e-01,9.995520576542509250e-01
4.756639980134376722e-01,9.998843206099546910e-01
4.753786682363400073e-01,9.987979624406404522e-01
4.750504094164453295e-01,9.965035589223939505e-01
4.750504094164453295e-01,9.965035589223939505e-01
4.762299702573902227e-01,9.991969472099253569e-01
4.750260185591733686e-01,9.979080062605423240e-01
4.750595359369388926e-01,9.993812355896262156e-01
4.750595359369388926e-01,9.993812355896262156e-01
4.756211398265157708e-01,9.991465500901239860e-01
4.754198163789398190e-01,9.987536091613186118e-01
4.756940135652523161e-01,9.989711002096005599e-01
4.756940135652523161e-01,9.989711002096005599e-01
4.756940135652523161e-01,9.989711002096005599e-01
4.755439931562189249e-01,9.984924857490151684e-01
4.750202371647784250e-01,9.972935282890340591e-01
4.761246525638826999e-01,9.992637014019807307e-01
4.755103240606412540e-01,9.977756262537146315e-01
4.750559837322487211e-01,9.965998503949815568e-01
4.750559837322487211e-01,9.965998503949815568e-01
4.759243076680739759e-01,9.993836011427494892e-01
4.759243076680739759e-01,9.993836011427494892e-01
4.757578441847372108e-01,9.992618512065177816e-01
4.753961863861545512e-01,9.986316524838962927e-01
4.748466501241861981e-01,9.975483354400571656e-01
4.752477509790073995e-01,9.983730319533882236e-01
4.752477509790073995e-01,9.983730319533882236e-01
4.752477509790073995e-01,9.983730319533882236e-01
4.754197682149421400e-01,9.998053618504166851e-01
4.750343843877806171e-01,9.973049170551098186e-01
4.751319346998491011e-01,9.969844879537316240e-01
4.752516304162637262e-01,9.979017912368922660e-01
4.752865888808755490e-01,9.988133812170851833e-01
4.752707038141025797e-01,9.985719775731274339e-01
4.757612640833579487e-01,9.985862984279330057e-01
4.761192697626963066e-01,9.995160036455672525e-01
4.753981006972167189e-01,9.974128328623873552e-01
4.752020348980359188e-01,9.972726157178922746e-01
4.752020348980359188e-01,9.972726157178922746e-01
4.763009123123710387e-01,9.995587226159542427e-01
4.749568980155031706e-01,9.959560070031507895e-01
4.760667407234945303e-01,9.989579346483756783e-01
4.749928207430331728e-01,9.985926295179102796e-01
4.755187170671698049e-01,9.990683265944861891e-01
4.753263109934914299e-01,9.988610984356125488e-01
4.756685218114714009e-01,9.992700949382233855e-01
4.756685218114714009e-01,9.992700949382233855e-01
4.751029506804305691e-01,9.974164107693813675e-01
4.756185933563310542e-01,9.981397875479331994e-01
4.762074603562682085e-01,9.996255352725570420e-01
4.753107378247363179e-01,9.992403063567175669e-01
4.753107378247363179e-01,9.992403063567175669e-01
4.753107378247363179e-01,9.992403063567175669e-01
4.750323661935026420e-01,9.968344273828160240e-01
4.759455176060707338e-01,9.997776218865205289e-01
4.759455176060707338e-01,9.997776218865205289e-01
4.759455176060707338e-01,9.997776218865205289e-01
4.759455176060707338e-01,9.997776218865205289e-01
4.759455176060707338e-01,9.997776218865205289e-01
4.759455176060707338e-01,9.997776218865205289e-01
4.759455176060707338e-01,9.997776218865205289e-01
4.759455176060707338e-01,9.997776218865205289e-01
4.759455176060707338e-01,9.997776218865205289e-01
4.759455176060707338e-01,9.997776218865205289e-01
4.759455176060707338e-01,9.997776218865205289e-01
4.759455176060707338e-01,9.997776218865205289e-01
4.759455176060707338e-01,9.997776218865205289e-01
4.753474504098157971e-01,9.994314439183120680e-01
4.752809144660491980e-01,9.978629012594908421e-01
4.752214776453742018e-01,9.989552905757739243e-01
4.745414730244902901e-01,9.957863244161908600e-01
4.750527367871550388e-01,9.962149960859894016e-01
4.759317049878670214e-01,9.993916224430967610e-01
4.759317049878670214e-01,9.993916224430967610e-01
4.757150038356990351e-01,9.994570808908750381e-01
4.757150038356990351e-01,9.994570808908750381e-01
4.757150038356990351e-01,9.994570808908750381e-01
4.757150038356990351e-01,9.994570808908750381e-01
4.757150038356990351e-01,9.994570808908750381e-01
4.757150038356990351e-01,9.994570808908750381e-01
4.756702657704476311e-01,9.996352786636703014e-01
4.756702657704476311e-01,9.996352786636703014e-01
4.756702657704476311e-01,9.996352786636703014e-01
4.756702657704476311e-01,9.996352786636703014e-01
4.759131859992363212e-01,9.992861346648117538e-01
4.755648094749665433e-01,9.980671293749496797e-01
4.755648094749665433e-01,9.980671293749496797e-01
4.751789702530286874e-01,9.978474792036606811e-01
4.744431847085598397e-01,9.948584308280640220e-01
4.755985350133357104e-01,9.970353488240102369e-01
4.747490162311576722e-01,9.961272467500947858e-01
4.747490162311576722e-01,9.961272467500947858e-01
4.754790743610700088e-01,9.998570144514097313e-01
4.754790743610700088e-01,9.998570144514097313e-01
4.754790743610700088e-01,9.998570144514097313e-01
4.751344490768281692e-01,9.986396906471848300e-01
4.760740760018628004e-01,9.998079952846209428e-01
4.753965554216564859e-01,9.993618277601281630e-01
4.738613951196968821e-01,9.930306912347893755e-01
4.756527020627703273e-01,9.977304872322042550e-01
4.750312596051184388e-01,9.981022975663753627e-01
4.760587895771418165e-01,9.988641567143770050e-01
4.753136362544424509e-01,9.981630819872482352e-01
4.755674405136747218e-01,9.986795774240961876e-01
4.749823261606317959e-01,9.975804351672798997e-01
4.749823261606317959e-01,9.975804351672798997e-01
4.755214824712002963e-01,9.999231778037914742e-01
4.751014589743201566e-01,9.994936035223457305e-01
4.751259095837095936e-01,9.976724582800019503e-01
4.745593461622462650e-01,9.966471150449036642e-01
4.742441458319113234e-01,9.940563296317784792e-01
4.754250196334038892e-01,9.980889131119395907e-01
4.746992124519693879e-01,9.962356012305301212e-01
4.753786027809936976e-01,9.990268814601335201e-01
4.750422882583509310e-01,9.976287794491965899e-01
4.752752679015475046e-01,9.979712715651724020e-01
4.757458777201722944e-01,9.991777771088695692e-01
4.763285117098103871e-01,9.986552373849513220e-01
4.744623857969533232e-01,9.970816991463611334e-01
4.744495015026577445e-01,9.965638604440039128e-01
4.757061178930468981e-01,9.984936885045440080e-01
4.750606427825331268e-01,9.986756877838453006e-01
4.754166463580299373e-01,9.983140393930730605e-01
4.761356731706808953e-01,9.997338324276541233e-01
4.761356731706808953e-01,9.997338324276541233e-01
4.757319462755091322e-01,9.990179698056113056e-01
4.757319462755091322e-01,9.990179698056113056e-01
4.757548759728641996e-01,9.992450489080166864e-01
4.759140015143185076e-01,9.995951920452710304e-01
4.759140015143185076e-01,9.995951920452710304e-01
4.742156866433964169e-01,9.943676672284859075e-01
4.749469408065141729e-01,9.974401880289344158e-01
4.747358536301388710e-01,9.958393028506414835e-01
4.758125196027132575e-01,9.991782352991249727e-01
4.758125196027132575e-01,9.991782352991249727e-01
4.758125196027132575e-01,9.991782352991249727e-01
4.758125196027132575e-01,9.991782352991249727e-01
4.758125196027132575e-01,9.991782352991249727e-01
4.748868330654890113e-01,9.964421753629361111e-01
4.761759685905770922e-01,9.995738591317857580e-01
4.751450782718393273e-01,9.984287145748887982e-01
4.755107690404427045e-01,9.994320408660072319e-01
4.755107690404427045e-01,9.994320408660072319e-01
4.755107690404427045e-01,9.994320408660072319e-01
4.760587716828941218e-01,9.996578842381694807e-01
4.760587716828941218e-01,9.996578842381694807e-01
4.758308321608987201e-01,9.995159699275983911e-01
4.756102854462169738e-01,9.987468028127155506e-01
4.756102854462169738e-01,9.987468028127155506e-01
4.756102854462169738e-01,9.987468028127155506e-01
4.762033158657918430e-01,9.998576322511593117e-01
4.745862303718077491e-01,9.958371262211811459e-01
4.750264361605475161e-01,9.990697032142878964e-01
4.755432415429677873e-01,9.974916301870598856e-01
4.755432415429677873e-01,9.974916301870598856e-01
4.752649371072855122e-01,9.991862806990575718e-01
4.748558634888429553e-01,9.960763477713443503e-01
4.743704052649800329e-01,9.932933965590324821e-01
4.745351695770644862e-01,9.976709348593532090e-01
4.755850930961734724e-01,9.978381724187610491e-01
4.759695252379835817e-01,9.991554867088736636e-01
4.759695252379835817e-01,9.991554867088736636e-01
4.759695252379835817e-01,9.991554867088736636e-01
4.755745352308265450e-01,9.997250664067482973e-01
4.755745352308265450e-01,9.997250664067482973e-01
4.755745352308265450e-01,9.997250664067482973e-01
4.755745352308265450e-01,9.997250664067482973e-01
4.739440639323479476e-01,9.920260137921280696e-01
4.751962915015240374e-01,9.964951925836995628e-01
4.760857294135850681e-01,9.996504920376496628e-01
4.760857294135850681e-01,9.996504920376496628e-01
4.760857294135850681e-01,9.996504920376496628e-01
4.760465059545246902e-01,9.995033068168739376e-01
4.760465059545246902e-01,9.995033068168739376e-01
4.760465059545246902e-01,9.995033068168739376e-01
4.747367262705760038e-01,9.985958915475316999e-01
4.755660489510649680e-01,9.978218740058534264e-01
4.756684626163735774e-01,9.980691143858010372e-01
4.756684626163735774e-01,9.980691143858010372e-01
4.754475487309767767e-01,9.988246850737855231e-01
4.754475487309767767e-01,9.988246850737855231e-01
4.754475487309767767e-01,9.988246850737855231e-01
4.754475487309767767e-01,9.988246850737855231e-01
4.757705075022132246e-01,9.990099891017409917e-01
4.757705075022132246e-01,9.990099891017409917e-01
4.754601048838385524e-01,9.999589266574783197e-01
4.755610389804004190e-01,9.980343868360872506e-01
4.752162960085414833e-01,9.999166132368569881e-01
4.752628753733792455e-01,9.978248581859651134e-01
4.752628753733792455e-01,9.978248581859651134e-01
4.754966469053683586e-01,9.984702317195731647e-01
4.754966469053683586e-01,9.984702317195731647e-01
4.753912707227246348e-01,9.999216923643255983e-01
4.757158779084529887e-01,9.998725782630941694e-01
4.757158779084529887e-01,9.998725782630941694e-01
4.756618298317060733e-01,9.997202243947485023e-01
4.756618298317060733e-01,9.997202243947485023e-01
4.756618298317060733e-01,9.997202243947485023e-01
4.756618298317060733e-01,9.997202243947485023e-01
4.745403251871690431e-01,9.951658061809610656e-01
4.745403251871690431e-01,9.951658061809610656e-01
4.760392098132442684e-01,9.989529714802634075e-01
4.761447857324996313e-01,9.995462910696627512e-01
4.761447857324996313e-01,9.995462910696627512e-01
4.761447857324996313e-01,9.995462910696627512e-01
4.761447857324996313e-01,9.995462910696627512e-01
4.745688016070373494e-01,9.961716585955198155e-01
4.758464062305027276e-01,9.989477617262816356e-01
4.752611441025796357e-01,9.972303473894814640e-01
4.761709852164920376e-01,9.997739176931415006e-01
4.761709852164920376e-01,9.997739176931415006e-01
4.753165356706623990e-01,9.975827674112802690e-01
4.750927790387362015e-01,9.980889882051182660e-01
4.759859974097463975e-01,9.999761908699494883e-01
4.758224160367490740e-01,9.997743333259599963e-01
4.755299157770564444e-01,9.994371506512913506e-01
4.755299157770564444e-01,9.994371506512913506e-01
4.750873786559572931e-01,9.972937970034174704e-01
4.749649904328423489e-01,9.984250015547887491e-01
4.754450054613862942e-01,9.991811936822714291e-01
4.754450054613862942e-01,9.991811936822714291e-01
4.754450054613862942e-01,9.991811936822714291e-01
4.754450054613862942e-01,9.991811936822714291e-01
4.755796261921995116e-01,9.989014105243935182e-01
4.758025589937355804e-01,9.993713577906004897e-01
4.757810437090941313e-01,9.990455184338757899e-01
4.753064630340282926e-01,9.977027194700166524e-01
4.763367906642016480e-01,9.999011042804771821e-01
4.763367906642016480e-01,9.999011042804771821e-01
4.741844941497720956e-01,9.935509866953559088e-01
4.757677484370544940e-01,9.984721889991077237e-01
4.738409632252377213e-01,9.921476044619625956e-01
4.746716531610007950e-01,9.963775635966268807e-01
4.750629515788034607e-01,9.990564468487197480e-01
4.752339546638503776e-01,9.994834416395741439e-01
4.758536286274302474e-01,9.988498701350129183e-01
4.758536286274302474e-01,9.988498701350129183e-01
4.758536286274302474e-01,9.988498701350129183e-01
4.758536286274302474e-01,9.988498701350129183e-01
4.758421157343137864e-01,9.980170488952618824e-01
4.756911308020077556e-01,9.980516479064718283e-01
4.760955426168733129e-01,9.986249384682681640e-01
4.752354049396373958e-01,9.979408175443409412e-01
4.751750099120542470e-01,9.969966613149179313e-01
4.761002538868827072e-01,9.990038172263112637e-01
4.751004552170637885e-01,9.965060808578164453e-01
4.754893030119798913e-01,9.990216686569549642e-01
4.754893030119798913e-01,9.990216686569549642e-01
4.754893030119798913e-01,9.990216686569549642e-01
4.755710051746520062e-01,9.992021560962818238e-01
4.751285517926764346e-01,9.968871042808945537e-01
4.755144000599267340e-01,9.989503813514276631e-01
4.754129141443536044e-01,9.991107064758628642e-01
4.754592386872313337e-01,9.986389887077989913e-01
4.761679456799634003e-01,9.999189531814733911e-01
4.754395731358558863e-01,9.983146851487383344e-01
4.752563865041263269e-01,9.984978536610852329e-01
4.755983634605713273e-01,9.996258597258724787e-01
4.755610832239450247e-01,9.991154575239787894e-01
4.757457993769798055e-01,9.990536798178064615e-01
4.757457993769798055e-01,9.990536798178064615e-01
4.750254777862318867e-01,9.990580975010597831e-01
4.759677012018805886e-01,9.995358656434859546e-01
4.759677012018805886e-01,9.995358656434859546e-01
4.751865179269185169e-01,9.984661353946371332e-01
4.747974522694494159e-01,9.986179150217379119e-01
4.757991512287688685e-01,9.998408128735547518e-01
4.761068044828446477e-01,9.994084612075708751e-01
4.754054456747295876e-01,9.973764471114834329e-01
4.755282110857810829e-01,9.976830751819185661e-01
4.755282110857810829e-01,9.976830751819185661e-01
4.754210297905172022e-01,9.983817701298598468e-01
4.763501905089899680e-01,9.999817105460601097e-01
4.763501905089899680e-01,9.999817105460601097e-01
4.757781601307863317e-01,9.998143392355807180e-01
4.757781601307863317e-01,9.998143392355807180e-01
4.757781601307863317e-01,9.998143392355807180e-01
4.757781601307863317e-01,9.998143392355807180e-01
4.757781601307863317e-01,9.998143392355807180e-01
4.757781601307863317e-01,9.998143392355807180e-01
4.748300045717359641e-01,9.971731199354634256e-01
4.750465277746532267e-01,9.962722859147309373e-01
4.749269583621868462e-01,9.952221771847452603e-01
4.752625116157592755e-01,9.982763490843121756e-01
4.756313194381124876e-01,9.978889238793641203e-01
4.758324247730982837e-01,9.991549855562567028e-01
4.752945710213012931e-01,9.992752718012248847e-01
4.752945710213012931e-01,9.992752718012248847e-01
4.752945710213012931e-01,9.992752718012248847e-01
4.756031808026753849e-01,9.999991420883054261e-01
4.756663972487581993e-01,9.982731476945820859e-01
4.743002585114348135e-01,9.932196450024597389e-01
4.743002585114348135e-01,9.932196450024597389e-01
4.743041788103596335e-01,9.959503226695609612e-01
4.751680118124849139e-01,9.992660752956239456e-01
4.751680118124849139e-01,9.992660752956239456e-01
4.757690965943554007e-01,9.985302378206318830e-01
4.757690965943554007e-01,9.985302378206318830e-01
4.757690965943554007e-01,9.985302378206318830e-01
4.754079381835418783e-01,9.994799026374235895e-01
4.754079381835418783e-01,9.994799026374235895e-01
4.758747621585773802e-01,9.988976534018768616e-01
4.753924430044235705e-01,9.976863463004160826e-01
4.751929016888430946e-01,9.969001579029581617e-01
4.749178765557772186e-01,9.971636814577142793e-01
4.753194630277793875e-01,9.984678517013253485e-01
4.760268453078381756e-01,9.999544092356263958e-01
4.760268453078381756e-01,9.999544092356263958e-01
4.760268453078381756e-01,9.999544092356263958e-01
4.760268453078381756e-01,9.999544092356263958e-01
4.749514490886589391e-01,9.959273674547662880e-01
4.761771320740991187e-01,9.998632662493086576e-01
4.761771320740991187e-01,9.998632662493086576e-01
4.755375888191576417e-01,9.987066243676562260e-01
4.755375888191576417e-01,9.987066243676562260e-01
4.749463967740517045e-01,9.977581770480097312e-01
4.748885983886839690e-01,9.970234168114934237e-01
4.751959760630239393e-01,9.977727456025773378e-01
4.751959760630239393e-01,9.977727456025773378e-01
4.755460744638931869e-01,9.994287573504072597e-01
4.755460744638931869e-01,9.994287573504072597e-01
4.755460744638931869e-01,9.994287573504072597e-01
4.756163513674629972e-01,9.991965842850433210e-01
4.756163513674629972e-01,9.991965842850433210e-01
4.758237869497916606e-01,9.989445433336822111e-01
4.758237869497916606e-01,9.989445433336822111e-01
4.756963709181401545e-01,9.980649484655466086e-01
4.750423392527186595e-01,9.966582762844666821e-01
4.750423392527186595e-01,9.966582762844666821e-01
4.753320778051232653e-01,9.994363998546972327e-01
4.753320778051232653e-01,9.994363998546972327e-01
4.754746296496760727e-01,9.979586763400206673e-01
4.749317201507282094e-01,9.978590304273862177e-01
4.751753022058635145e-01,9.974994886104807668e-01
4.751213100547018175e-01,9.977743333038535667e-01
4.760076447472824102e-01,9.999759091352203866e-01
4.759713439700202220e-01,9.997926353890025375e-01
4.759713439700202220e-01,9.997926353890025375e-01
4.759713439700202220e-01,9.997926353890025375e-01
4.759713439700202220e-01,9.997926353890025375e-01
4.759713439700202220e-01,9.997926353890025375e-01
4.757259938712415925e-01,9.978119095342256051e-01
4.760551549239556701e-01,9.991054414441203901e-01
4.751663885295352996e-01,9.983623506312685469e-01
4.755537855165229977e-01,9.988557579972543454e-01
4.757885548441935786e-01,9.998111458853102818e-01
4.757885548441935786e-01,9.998111458853102818e-01
4.757885548441935786e-01,9.998111458853102818e-01
4.757885548441935786e-01,9.998111458853102818e-01
4.757885548441935786e-01,9.998111458853102818e-01
4.757885548441935786e-01,9.998111458853102818e-01
4.757885548441935786e-01,9.998111458853102818e-01
4.757885548441935786e-01,9.998111458853102818e-01
4.751267233235735854e-01,9.985595172019195997e-01
4.756074331911245290e-01,9.981322026861803032e-01
4.759246310590937723e-01,9.997492339807515505e-01
4.753116606993001980e-01,9.977713650030555215e-01
4.753314971718053950e-01,9.992161974312522288e-01
4.760076471598095327e-01,9.998081252755944837e-01
4.760076471598095327e-01,9.998081252755944837e-01
4.760076471598095327e-01,9.998081252755944837e-01
4.757033898476147882e-01,9.993017223847516783e-01
4.756360590863867865e-01,9.992258202556774105e-01
4.756360590863867865e-01,9.992258202556774105e-01
4.756360590863867865e-01,9.992258202556774105e-01
4.756360590863867865e-01,9.992258202556774105e-01
4.757130260122149901e-01,9.973107455958138967e-01
4.753348083035728866e-01,9.993125227233933261e-01
4.753348083035728866e-01,9.993125227233933261e-01
4.750520235555923954e-01,9.970319226396869849e-01
4.750842202799464009e-01,9.964144532554924938e-01
4.755711258470008418e-01,9.988303297452736373e-01
4.756768009824796084e-01,9.991631765735784487e-01
4.756768009824796084e-01,9.991631765735784487e-01
4.760357353766121458e-01,9.985538844215441356e-01
4.752639227314759407e-01,9.974530285006665276e-01
4.748430663430944776e-01,9.964818016058264449e-01
4.753622224162359355e-01,9.984879523614772490e-01
4.753622224162359355e-01,9.984879523614772490e-01
4.753622224162359355e-01,9.984879523614772490e-01
4.754420302869292181e-01,9.996992856529874905e-01
4.754420302869292181e-01,9.996992856529874905e-01
4.750651542767868052e-01,9.972808554447829543e-01
4.749524878048554943e-01,9.986813808137109394e-01
4.754333241154686807e-01,9.971970578459555812e-01
4.752116215651678299e-01,9.970167297367800163e-01
4.748897478079314727e-01,9.968355336762173557e-01
4.760961394528214208e-01,9.986084360278280059e-01
4.758756838913489329e-01,9.998840777433569693e-01
4.758756838913489329e-01,9.998840777433569693e-01
4.758756838913489329e-01,9.998840777433569693e-01
4.758756838913489329e-01,9.998840777433569693e-01
4.759029158499231693e-01,9.998830999939944952e-01
4.759029158499231693e-01,9.998830999939944952e-01
4.759029158499231693e-01,9.998830999939944952e-01
4.759029158499231693e-01,9.998830999939944952e-01
4.759029158499231693e-01,9.998830999939944952e-01
4.759029158499231693e-01,9.998830999939944952e-01
4.759029158499231693e-01,9.998830999939944952e-01
4.759029158499231693e-01,9.998830999939944952e-01
4.759207810444545661e-01,9.996371823425126424e-01
4.759207810444545661e-01,9.996371823425126424e-01
4.756680230671805898e-01,9.992711904637260334e-01
4.756680230671805898e-01,9.992711904637260334e-01
4.756680230671805898e-01,9.992711904637260334e-01
4.756680230671805898e-01,9.992711904637260334e-01
4.756680230671805898e-01,9.992711904637260334e-01
4.763309072547460277e-01,9.992704969831001094e-01
4.759838997635403302e-01,9.997017666067159469e-01
4.759838997635403302e-01,9.997017666067159469e-01
4.759838997635403302e-01,9.997017666067159469e-01
4.751519452698022561e-01,9.982092450905664105e-01
4.751323835094992121e-01,9.977368614064259233e-01
4.751323835094992121e-01,9.977368614064259233e-01
4.762039677958372352e-01,9.996058404041860967e-01
4.751490404813995538e-01,9.976306287641705239e-01
4.756699392808977911e-01,9.992965484287560374e-01
4.749236282797894004e-01,9.989510569610193791e-01
4.758321939905705844e-01,9.994723190661092271e-01
4.761351850776892602e-01,9.988877277109339259e-01
4.756756527117358968e-01,9.983626899748696548e-01
4.749212618955898080e-01,9.980975946265288057e-01
4.751089403918459797e-01,9.989849531323428122e-01
4.759237401212626506e-01,9.979606517727099835e-01
4.756329017587785923e-01,9.983268467930211942e-01
4.757040087678188200e-01,9.992163737322574679e-01
4.757040087678188200e-01,9.992163737322574679e-01
4.748324123383493855e-01,9.977783067203485068e-01
4.751350486863639699e-01,9.991828708664822756e-01
4.758055727766887788e-01,9.964112453642661738e-01
4.760831981279951552e-01,9.999701009589168077e-01
4.755565966653708676e-01,9.997658554391224417e-01
4.762669724965711282e-01,9.998295640487135927e-01
4.752951731163050364e-01,9.986874918811641244e-01
4.756072962544558580e-01,9.983868581610225723e-01
4.761216329263779357e-01,9.994987368602697986e-01
4.762806606555269329e-01,9.998294114122469045e-01
4.754812763414505983e-01,9.978737659873567756e-01
4.759638555099361401e-01,9.998458537067108631e-01
4.759638555099361401e-01,9.998458537067108631e-01
4.759143849201633580e-01,9.993901955487149991e-01
4.758035953870234924e-01,9.992364970202561869e-01
4.759565143027326140e-01,9.990627117808502655e-01
4.761285377258095974e-01,9.995446163117612803e-01
4.753796254948841060e-01,9.991348263093389193e-01
4.744747649645084664e-01,9.974364469958107993e-01
4.754242950527452494e-01,9.985907595781167156e-01
4.753486631412930929e-01,9.961533560185380498e-01
4.762610596459001533e-01,9.991533901251569150e-01
4.753607624659208497e-01,9.979816171830954152e-01
4.753607624659208497e-01,9.979816171830954152e-01
4.753607624659208497e-01,9.979816171830954152e-01
4.753607624659208497e-01,9.979816171830954152e-01
4.753607624659208497e-01,9.979816171830954152e-01
4.753931635763185559e-01,9.968625739343439651e-01
4.756057578534853003e-01,9.999645696201281408e-01
4.756057578534853003e-01,9.999645696201281408e-01
4.756057578534853003e-01,9.999645696201281408e-01
4.755421168855323288e-01,9.993663283422470345e-01
4.755421168855323288e-01,9.993663283422470345e-01
4.755421168855323288e-01,9.993663283422470345e-01
4.755421168855323288e-01,9.993663283422470345e-01
4.755421168855323288e-01,9.993663283422470345e-01
4.755421168855323288e-01,9.993663283422470345e-01
4.755421168855323288e-01,9.993663283422470345e-01
4.755421168855323288e-01,9.993663283422470345e-01
4.755421168855323288e-01,9.993663283422470345e-01
4.755421168855323288e-01,9.993663283422470345e-01
4.738718923526429871e-01,9.924710531627387589e-01
4.757724502427144730e-01,9.986632239882859974e-01
4.755624351634950564e-01,9.974011156696858116e-01
4.751041771733444663e-01,9.974434296098009245e-01
4.757807426393154682e-01,9.998746857958767942e-01
4.757807426393154682e-01,9.998746857958767942e-01
4.757807426393154682e-01,9.998746857958767942e-01
4.757419121355886960e-01,9.992163041152506420e-01
4.753825478588224462e-01,9.979801200995942478e-01
4.753825478588224462e-01,9.979801200995942478e-01
4.756807106998255374e-01,9.986961497021308309e-01
4.751781970322204174e-01,9.975716006159449645e-01
4.747193372998513294e-01,9.948502215223928857e-01
4.744840250868619380e-01,9.963130644688719117e-01
4.755079406142604936e-01,9.992408164324028119e-01
4.755079406142604936e-01,9.992408164324028119e-01
4.758865041219544900e-01,9.991232505890682569e-01
4.758865041219544900e-01,9.991232505890682569e-01
4.752351356648196745e-01,9.975551783928060523e-01
4.759161227453031495e-01,9.984795205690244480e-01
4.759161227453031495e-01,9.984795205690244480e-01
4.752787836099418017e-01,9.982889245743169493e-01
4.754148758427832466e-01,9.995890301820971047e-01
4.754148758427832466e-01,9.995890301820971047e-01
4.755733151149957871e-01,9.990191741301334138e-01
4.755733151149957871e-01,9.990191741301334138e-01
4.755733151149957871e-01,9.990191741301334138e-01
4.755733151149957871e-01,9.990191741301334138e-01
4.755733151149957871e-01,9.990191741301334138e-01
4.754529803767917895e-01,9.989263286286476085e-01
4.754529803767917895e-01,9.989263286286476085e-01
4.751671512424844313e-01,9.975886094708413809e-01
4.763330586360504104e-01,9.999551226819383132e-01
4.763330586360504104e-01,9.999551226819383132e-01
4.761015013756907943e-01,9.993586460330210475e-01
4.756217860928491636e-01,9.992769543261402765e-01
4.754885333936918479e-01,9.989583587582534507e-01
4.754885333936918479e-01,9.989583587582534507e-01
4.754885333936918479e-01,9.989583587582534507e-01
4.753890150985192742e-01,9.998865712950765205e-01
4.740266823557099385e-01,9.929748149647218414e-01
4.767793568743863286e-01,9.999673896077497792e-01
4.754054228795774883e-01,9.994097975452234106e-01
4.754054228795774883e-01,9.994097975452234106e-01
4.760865450972991408e-01,9.999598380580214663e-01
4.761232724432605257e-01,9.999780215663903737e-01
4.755016204257416779e-01,9.984288053919221362e-01
4.755038423411419579e-01,9.976363411559064920e-01
4.750980460450340837e-01,9.982308729246845980e-01
4.752742115765983266e-01,9.978571776054276921e-01
4.752742115765983266e-01,9.978571776054276921e-01
4.752742115765983266e-01,9.978571776054276921e-01
4.752742115765983266e-01,9.978571776054276921e-01
4.752742115765983266e-01,9.978571776054276921e-01
4.752141884357005686e-01,9.983364121711961747e-01
4.752813449880016750e-01,9.980441374084007000e-01
4.757102554808113060e-01,9.991664924459104924e-01
4.757102554808113060e-01,9.991664924459104924e-01
4.757102554808113060e-01,9.991664924459104924e-01
4.757102554808113060e-01,9.991664924459104924e-01
4.757102554808113060e-01,9.991664924459104924e-01
4.753623424074745474e-01,9.992111089802584445e-01
4.760161551762939758e-01,9.998520234068977164e-01
4.760161551762939758e-01,9.998520234068977164e-01
4.750038675858897497e-01,9.986236960797657547e-01
4.760288308536253510e-01,9.989335457485346570e-01
4.760288308536253510e-01,9.989335457485346570e-01
4.754008312723878582e-01,9.994441100389523935e-01
4.754008312723878582e-01,9.994441100389523935e-01
4.754008312723878582e-01,9.994441100389523935e-01
4.757567406906031415e-01,9.988151535521665458e-01
4.752903606968247319e-01,9.986300135527945709e-01
4.752903606968247319e-01,9.986300135527945709e-01
4.751551015197336691e-01,9.977547587958315312e-01
4.751551015197336691e-01,9.977547587958315312e-01
4.756485500776777564e-01,9.987516830447745741e-01
4.754456971692953560e-01,9.998913036194055914e-01
4.754456971692953560e-01,9.998913036194055914e-01
4.754456971692953560e-01,9.998913036194055914e-01
4.754456971692953560e-01,9.998913036194055914e-01
4.757891095256142067e-01,9.992211152042937972e-01
4.758195257964986657e-01,9.997814633611347146e-01
4.758195257964986657e-01,9.997814633611347146e-01
4.755095171827284362e-01,9.996183338112241135e-01
4.755095171827284362e-01,9.996183338112241135e-01
4.755095171827284362e-01,9.996183338112241135e-01
4.761541514132021646e-01,9.989726489897553519e-01
4.753547316783348076e-01,9.974369549739751095e-01
4.753547316783348076e-01,9.974369549739751095e-01
4.753547316783348076e-01,9.974369549739751095e-01
4.749536555844137697e-01,9.976872231806083180e-01
4.761931561607803398e-01,9.993237550957573267e-01
4.761931561607803398e-01,9.993237550957573267e-01
4.750485482650157465e-01,9.991101635337217290e-01
4.750485482650157465e-01,9.991101635337217290e-01
4.755921088401092178e-01,9.999123476534448329e-01
4.746088165683261528e-01,9.979613408684708808e-01
4.755815607047299554e-01,9.992804995505690790e-01
4.755815607047299554e-01,9.992804995505690790e-01
4.756274521790856413e-01,9.990698554728545400e-01
4.756274521790856413e-01,9.990698554728545400e-01
4.756274521790856413e-01,9.990698554728545400e-01
4.758975149957047623e-01,9.988100805377317926e-01
4.763056971814119134e-01,9.996633069148391781e-01
4.757000215268219478e-01,9.971950221321962404e-01
4.747559495228557136e-01,9.967944866785757307e-01
4.747559495228557136e-01,9.967944866785757307e-01
4.754362541274333442e-01,9.986387015890885177e-01
4.754362541274333442e-01,9.986387015890885177e-01
4.757162389265031099e-01,9.986030369957413777e-01
4.757162389265031099e-01,9.986030369957413777e-01
4.756524043115355482e-01,9.976535254196780000e-01
4.754223127641484248e-01,9.997505218600087895e-01
4.761457643939646101e-01,9.992089555867844641e-01
4.761457643939646101e-01,9.992089555867844641e-01
4.751079558253922808e-01,9.968003238696062640e-01
4.757746400057381586e-01,9.981241659228170526e-01
4.757746400057381586e-01,9.981241659228170526e-01
4.753289506321624058e-01,9.988146262671425690e-01
4.754321231502104395e-01,9.998618472069651375e-01
4.754321231502104395e-01,9.998618472069651375e-01
4.754523378736689732e-01,9.983447627895117860e-01
4.757990616319063837e-01,9.988761760779227838e-01
4.758425058481014491e-01,9.994554672814256469e-01
4.758425058481014491e-01,9.994554672814256469e-01
4.755289570138048205e-01,9.995190163645194525e-01
4.757816367500628529e-01,9.994562375269226973e-01
4.754461027903193471e-01,9.993951714505814321e-01
4.758514874849419374e-01,9.980914786945739303e-01
4.756659394106019789e-01,9.980195651558668724e-01
4.758489512553797374e-01,9.993050512507815064e-01
4.760218704015848901e-01,9.992840509301069707e-01
4.760218704015848901e-01,9.992840509301069707e-01
4.760218704015848901e-01,9.992840509301069707e-01
4.760218704015848901e-01,9.992840509301069707e-01
4.760218704015848901e-01,9.992840509301069707e-01
4.760218704015848901e-01,9.992840509301069707e-01
4.760218704015848901e-01,9.992840509301069707e-01
4.760218704015848901e-01,9.992840509301069707e-01
4.761731941006208668e-01,9.998439044089957317e-01
4.744631277069055186e-01,9.941405449955000861e-01
4.750043171357618554e-01,9.980210284145240029e-01
4.750750398317597489e-01,9.973899779770172280e-01
4.760256491262696010e-01,9.999395028434132637e-01
4.760256491262696010e-01,9.999395028434132637e-01
4.760256491262696010e-01,9.999395028434132637e-01
4.754359770626723769e-01,9.994890554162844110e-01
4.754359770626723769e-01,9.994890554162844110e-01
4.757875530778751250e-01,9.981140676952819923e-01
4.752296137207601134e-01,9.973805170918347285e-01
4.752296137207601134e-01,9.973805170918347285e-01
4.760961925780420878e-01,9.992486549095602744e-01
4.744903031809897809e-01,9.951161909276712292e-01
4.749627949143676031e-01,9.965795151813919839e-01
4.759613859767137800e-01,9.994930678770662658e-01
4.759613859767137800e-01,9.994930678770662658e-01
4.762612378847559946e-01,9.993177543503830584e-01
4.760386628121358044e-01,9.996671571617912200e-01
4.760386628121358044e-01,9.996671571617912200e-01
4.760386628121358044e-01,9.996671571617912200e-01
4.759947185361464439e-01,9.998303577899672057e-01
4.759947185361464439e-01,9.998303577899672057e-01
4.759947185361464439e-01,9.998303577899672057e-01
4.754895024743847065e-01,9.991089031859143876e-01
4.754895024743847065e-01,9.991089031859143876e-01
4.760013842349286040e-01,9.995139435557789387e-01
4.757222540664368116e-01,9.992372814523339253e-01
4.743725222970440192e-01,9.953165752789958631e-01
4.750346171411257146e-01,9.978542587485776938e-01
4.762050997156396237e-01,9.993148692972710911e-01
4.762050997156396237e-01,9.993148692972710911e-01
4.762050997156396237e-01,9.993148692972710911e-01
4.756124371513580362e-01,9.980476263271145232e-01
4.752907024751787390e-01,9.992093702360446139e-01
4.752907024751787390e-01,9.992093702360446139e-01
4.752907024751787390e-01,9.992093702360446139e-01
4.748700165572381504e-01,9.949484339361502894e-01
4.739740609348484512e-01,9.933364692188922929e-01
4.748297577937580782e-01,9.969774857265560897e-01
4.747324846643902752e-01,9.962835460685784961e-01
4.747511812968401301e-01,9.967126975097284625e-01
4.749804106085850353e-01,9.966639397442813575e-01
4.756778131802428811e-01,9.982955404747133610e-01
4.750102825230310133e-01,9.987301502951865251e-01
4.754776409905186463e-01,9.999843316094786383e-01
4.754776409905186463e-01,9.999843316094786383e-01
4.754776409905186463e-01,9.999843316094786383e-01
4.760939428150746111e-01,9.993849232208535938e-01
4.760939428150746111e-01,9.993849232208535938e-01
4.757211098822628492e-01,9.984287451269344693e-01
4.757928668370032255e-01,9.998501552594633024e-01
4.757928668370032255e-01,9.998501552594633024e-01
4.757928668370032255e-01,9.998501552594633024e-01
4.757928668370032255e-01,9.998501552594633024e-01
4.757928668370032255e-01,9.998501552594633024e-01
4.757928668370032255e-01,9.998501552594633024e-01
4.751816487777119624e-01,9.970553124506057463e-01
4.755838433582553204e-01,9.986144590866286030e-01
4.755838433582553204e-01,9.986144590866286030e-01
4.760774434474424610e-01,9.998113838595514835e-01
4.760930244472606487e-01,9.996807776051481742e-01
4.760930244472606487e-01,9.996807776051481742e-01
4.749478160887302680e-01,9.961900903149101261e-01
4.754752599989097162e-01,9.980860665276335419e-01
4.754752599989097162e-01,9.980860665276335419e-01
4.758985596850841548e-01,9.996800106006656916e-01
4.758985596850841548e-01,9.996800106006656916e-01
4.758985596850841548e-01,9.996800106006656916e-01
4.753156514678037459e-01,9.983566946318838120e-01
4.760811701026966269e-01,9.985375622137331320e-01
4.756931138648909374e-01,9.985684433436210483e-01
4.753876483651811036e-01,9.998304863798800346e-01
4.751089705647003614e-01,9.978449837684584267e-01
4.745587009751597862e-01,9.960891098547248745e-01
4.753207973283370968e-01,9.983637248695488298e-01
4.753207973283370968e-01,9.983637248695488298e-01
4.757701789474949039e-01,9.993551428282276827e-01
4.757701789474949039e-01,9.993551428282276827e-01
4.742555733569937537e-01,9.944840749313257344e-01
4.754551771093707968e-01,9.977324611458182613e-01
4.758763763072150210e-01,9.988725305956683842e-01
4.752855556089210509e-01,9.994269332190983679e-01
4.752855556089210509e-01,9.994269332190983679e-01
4.757706760747847929e-01,9.984860139413455071e-01
4.757706760747847929e-01,9.984860139413455071e-01
4.750693140149649940e-01,9.973788036955832936e-01
4.764080076561738597e-01,9.999693514227950830e-01
4.750807062059211328e-01,9.969912319730620531e-01
4.750807062059211328e-01,9.969912319730620531e-01
4.743660417641857863e-01,9.944495564464607140e-01
4.754730853696052528e-01,9.993173073812663398e-01
4.754730853696052528e-01,9.993173073812663398e-01
4.754730853696052528e-01,9.993173073812663398e-01
4.754730853696052528e-01,9.993173073812663398e-01
4.756578148332186173e-01,9.995057464057183205e-01
4.756664222400437403e-01,9.993551650236451867e-01
4.756664222400437403e-01,9.993551650236451867e-01
4.756664222400437403e-01,9.993551650236451867e-01
4.756664222400437403e-01,9.993551650236451867e-01
4.757933366558705357e-01,9.985903986493200879e-01
4.759848052748483216e-01,9.993843237953576875e-01
4.759848052748483216e-01,9.993843237953576875e-01
4.757902992520164354e-01,9.990400446395851786e-01
4.757902992520164354e-01,9.990400446395851786e-01
4.757902992520164354e-01,9.990400446395851786e-01
4.743319741205603846e-01,9.962077809960689923e-01
4.751332729494413543e-01,9.978839425110134220e-01
4.754487335333212328e-01,9.996646575801551027e-01
4.756467373278420729e-01,9.996853822828151159e-01
4.756467373278420729e-01,9.996853822828151159e-01
4.755787380562329081e-01,9.990685036541928632e-01
4.755787380562329081e-01,9.990685036541928632e-01
4.753524923099189947e-01,9.998039032793782921e-01
4.757646489602616602e-01,9.998770370468204050e-01
4.757646489602616602e-01,9.998770370468204050e-01
4.757646489602616602e-01,9.998770370468204050e-01
4.755532674743512267e-01,9.997048037422516797e-01
4.755532674743512267e-01,9.997048037422516797e-01
4.755532674743512267e-01,9.997048037422516797e-01
4.755532674743512267e-01,9.997048037422516797e-01
4.755532674743512267e-01,9.997048037422516797e-01
4.760942272561506372e-01,9.987629390195374990e-01
4.760158889215128086e-01,9.997979572019290995e-01
4.752755037494339474e-01,9.971349131244413577e-01
4.761495675663147686e-01,9.991201731503634997e-01
4.757008378278734795e-01,9.998728612992517917e-01
4.759647272099081228e-01,9.996618760932531877e-01
4.756805398724721079e-01,9.999815906843905200e-01
4.756805398724721079e-01,9.999815906843905200e-01
4.745428882276205851e-01,9.961044055236010220e-01
4.745428882276205851e-01,9.961044055236010220e-01
4.755321055538487274e-01,9.967442045008575446e-01
4.744575591425330141e-01,9.942185594153156725e-01
4.747519422095303754e-01,9.962371629395422312e-01
4.747519422095303754e-01,9.962371629395422312e-01
4.756758874505307433e-01,9.994114824744484427e-01
4.757912988372906549e-01,9.990958010870812922e-01
4.755092461731962872e-01,9.984129051741624794e-01
4.750798926959715618e-01,9.962381146190598669e-01
4.752357382988007251e-01,9.987531975219438030e-01
4.751599113072060288e-01,9.964545480611451955e-01
4.748622686551676741e-01,9.967156764434549343e-01
4.748622686551676741e-01,9.967156764434549343e-01
4.752587814487019280e-01,9.972071890992280085e-01
4.741803472923202256e-01,9.926857762677013808e-01
4.755152678945977485e-01,9.978599168733989222e-01
4.759307853184837067e-01,9.982404525549487539e-01
4.759307853184837067e-01,9.982404525549487539e-01
4.752381036959694161e-01,9.992762862535367052e-01
4.753293228246436297e-01,9.992741250621627325e-01
4.753293228246436297e-01,9.992741250621627325e-01
4.746854186697313516e-01,9.962071670496781550e-01
4.756684565431184564e-01,9.988701990519067708e-01
4.756684565431184564e-01,9.988701990519067708e-01
4.759481331029337681e-01,9.983801198512445296e-01
4.753781726715096689e-01,9.983777214695107594e-01
4.753835950858918968e-01,9.997047045625993000e-01
4.754463909272830247e-01,9.998601437973981820e-01
4.754463909272830247e-01,9.998601437973981820e-01
4.752318074364714762e-01,9.987196484701048593e-01
4.756784030752038706e-01,9.998913768830525184e-01
4.756784030752038706e-01,9.998913768830525184e-01
4.750634167371447503e-01,9.982234561418384944e-01
4.750634167371447503e-01,9.982234561418384944e-01
4.751239487609248968e-01,9.982045828939746235e-01
4.760534798011533120e-01,9.994489725824756698e-01
4.752214843060099114e-01,9.966909512675099503e-01
4.752214843060099114e-01,9.966909512675099503e-01
4.753476898539570339e-01,9.997176768501754296e-01
4.754938578600418908e-01,9.990206759585376073e-01
4.754938578600418908e-01,9.990206759585376073e-01
4.754938578600418908e-01,9.990206759585376073e-01
4.755612690617135319e-01,9.984621564449863707e-01
4.755612690617135319e-01,9.984621564449863707e-01
4.755612690617135319e-01,9.984621564449863707e-01
4.755612690617135319e-01,9.984621564449863707e-01
4.761608512277620275e-01,9.992866888307956330e-01
4.753176270573311601e-01,9.983101122003295025e-01
4.750280975381515614e-01,9.979985435043238207e-01
4.757742387208976909e-01,9.997488473279524390e-01
4.757742387208976909e-01,9.997488473279524390e-01
4.757742387208976909e-01,9.997488473279524390e-01
4.757742387208976909e-01,9.997488473279524390e-01
4.757742387208976909e-01,9.997488473279524390e-01
4.738814217080554170e-01,9.938317514302831279e-01
4.757860063283546048e-01,9.996360628186474750e-01
4.757860063283546048e-01,9.996360628186474750e-01
4.764628659294984914e-01,9.999608102417731903e-01
4.755119410103519906e-01,9.986000939570917057e-01
4.757394404999471527e-01,9.979748064085125492e-01
4.759705397897381896e-01,9.986063728049668908e-01
4.755325010106977723e-01,9.990267774246998078e-01
4.760803610230684435e-01,9.998072478105857197e-01
4.760803610230684435e-01,9.998072478105857197e-01
4.753382099303186115e-01,9.973077590115161373e-01
4.753445121443919397e-01,9.971687929334124290e-01
4.753445121443919397e-01,9.971687929334124290e-01
4.757770426552442866e-01,9.993195645427713769e-01
4.757770426552442866e-01,9.993195645427713769e-01
4.759099753588766912e-01,9.994589813563231617e-01
4.757293994477856391e-01,9.994273173543848365e-01
4.757293994477856391e-01,9.994273173543848365e-01
4.757293994477856391e-01,9.994273173543848365e-01
4.757293994477856391e-01,9.994273173543848365e-01
4.756032734258596739e-01,9.992334148681424333e-01
4.754235808121950457e-01,9.993685132537417637e-01
4.754235808121950457e-01,9.993685132537417637e-01
4.754235808121950457e-01,9.993685132537417637e-01
4.754235808121950457e-01,9.993685132537417637e-01
4.754235808121950457e-01,9.993685132537417637e-01
4.754235808121950457e-01,9.993685132537417637e-01
4.759248701512029389e-01,9.989055437531039194e-01
4.759248701512029389e-01,9.989055437531039194e-01
4.757105223177194309e-01,9.988317757804581198e-01
4.757105223177194309e-01,9.988317757804581198e-01
4.757105223177194309e-01,9.988317757804581198e-01
4.751672763662693200e-01,9.981574327058601037e-01
4.751672763662693200e-01,9.981574327058601037e-01
4.763435864795735886e-01,9.999415025518928468e-01
4.763435864795735886e-01,9.999415025518928468e-01
4.763435864795735886e-01,9.999415025518928468e-01
4.763435864795735886e-01,9.999415025518928468e-01
4.763435864795735886e-01,9.999415025518928468e-01
4.751202998884946904e-01,9.957798946716238664e-01
4.752667332374197473e-01,9.996189236824695179e-01
4.752667332374197473e-01,9.996189236824695179e-01
4.745277952766009943e-01,9.960011275243346729e-01
4.761628599832647968e-01,9.998257843687954338e-01
4.761628599832647968e-01,9.998257843687954338e-01
4.759283896009116055e-01,9.988126364263755219e-01
4.743513159002017421e-01,9.951351214419787983e-01
4.759427521793553328e-01,9.993780951209532137e-01
4.752054881323100610e-01,9.978191322497940163e-01
4.752054881323100610e-01,9.978191322497940163e-01
4.756693248670428309e-01,9.982031378807760813e-01
4.756693248670428309e-01,9.982031378807760813e-01
4.863925378919614073e-01,9.998831274940774838e-01
4.863925378919614073e-01,9.998831274940774838e-01
4.863925378919614073e-01,9.998831274940774838e-01
4.863925378919614073e-01,9.998831274940774838e-01
4.863925378919614073e-01,9.998831274940774838e-01
4.863925378919614073e-01,9.998831274940774838e-01
4.863925378919614073e-01,9.998831274940774838e-01
4.863925378919614073e-01,9.998831274940774838e-01
4.863925378919614073e-01,9.998831274940774838e-01
4.863925378919614073e-01,9.998831274940774838e-01
4.860380087116707992e-01,9.996269298116140511e-01
4.860380087116707992e-01,9.996269298116140511e-01
4.860380087116707992e-01,9.996269298116140511e-01
4.860380087116707992e-01,9.996269298116140511e-01
4.864246567030403035e-01,9.998414929476980850e-01
4.864246567030403035e-01,9.998414929476980850e-01
4.864246567030403035e-01,9.998414929476980850e-01
4.864246567030403035e-01,9.998414929476980850e-01
4.864246567030403035e-01,9.998414929476980850e-01
4.864246567030403035e-01,9.998414929476980850e-01
4.864246567030403035e-01,9.998414929476980850e-01
4.864246567030403035e-01,9.998414929476980850e-01
4.864246567030403035e-01,9.998414929476980850e-01
4.864246567030403035e-01,9.998414929476980850e-01
4.858988957820043475e-01,9.998839481121958306e-01
4.858988957820043475e-01,9.998839481121958306e-01
4.859869457978445162e-01,9.993327852324501714e-01
4.857564881609114926e-01,9.982582405693020133e-01
4.856106542405714266e-01,9.976785827112536476e-01
4.856106542405714266e-01,9.976785827112536476e-01
4.860247864795371187e-01,9.998577569558286804e-01
4.861762094381558152e-01,9.997542351718581299e-01
4.861762094381558152e-01,9.997542351718581299e-01
4.861762094381558152e-01,9.997542351718581299e-01
4.861762094381558152e-01,9.997542351718581299e-01
4.861762094381558152e-01,9.997542351718581299e-01
4.861762094381558152e-01,9.997542351718581299e-01
4.861762094381558152e-01,9.997542351718581299e-01
4.861762094381558152e-01,9.997542351718581299e-01
4.861762094381558152e-01,9.997542351718581299e-01
4.861762094381558152e-01,9.997542351718581299e-01
4.859855826731735440e-01,9.985560193522211581e-01
4.866487566047467128e-01,9.999292494916341978e-01
4.866487566047467128e-01,9.999292494916341978e-01
4.866487566047467128e-01,9.999292494916341978e-01
4.860100519977323397e-01,9.987278189999224676e-01
4.860100519977323397e-01,9.987278189999224676e-01
4.858921471501226330e-01,9.991280957856539802e-01
4.858921471501226330e-01,9.991280957856539802e-01
4.858921471501226330e-01,9.991280957856539802e-01
4.858921471501226330e-01,9.991280957856539802e-01
4.859613708510832630e-01,9.991685398055629719e-01
4.859006868400891910e-01,9.982135865616329484e-01
4.854535632661051703e-01,9.975724029443847618e-01
4.855945006830819644e-01,9.982420763118996510e-01
4.858289555355486122e-01,9.990644596940232436e-01
4.851256941224306174e-01,9.968164878971379483e-01
4.856420407616739987e-01,9.995243428514730688e-01
4.856420407616739987e-01,9.995243428514730688e-01
4.856420407616739987e-01,9.995243428514730688e-01
4.852667014494105313e-01,9.957754699256602393e-01
4.861182494700545531e-01,9.995124840980226244e-01
4.861182494700545531e-01,9.995124840980226244e-01
4.861182494700545531e-01,9.995124840980226244e-01
4.859097569344587586e-01,9.997151079649361227e-01
4.858399343030787021e-01,9.989795626985166210e-01
4.858399343030787021e-01,9.989795626985166210e-01
4.860397704514428097e-01,9.995943536948959096e-01
4.860397704514428097e-01,9.995943536948959096e-01
4.860397704514428097e-01,9.995943536948959096e-01
4.860397704514428097e-01,9.995943536948959096e-01
4.860397704514428097e-01,9.995943536948959096e-01
4.860397704514428097e-01,9.995943536948959096e-01
4.862317848913320639e-01,9.993938184308509554e-01
4.860069299588039571e-01,9.996329309047757850e-01
4.860069299588039571e-01,9.996329309047757850e-01
4.860069299588039571e-01,9.996329309047757850e-01
4.860069299588039571e-01,9.996329309047757850e-01
4.857261314785704664e-01,9.986589992598865484e-01
4.857261314785704664e-01,9.986589992598865484e-01
4.857261314785704664e-01,9.986589992598865484e-01
4.864835814766829691e-01,9.996752859275105374e-01
4.864835814766829691e-01,9.996752859275105374e-01
4.856466947481367646e-01,9.989620683127363732e-01
4.856466947481367646e-01,9.989620683127363732e-01
4.856466947481367646e-01,9.989620683127363732e-01
4.862816012128169385e-01,9.996060345516629697e-01
4.862816012128169385e-01,9.996060345516629697e-01
4.862816012128169385e-01,9.996060345516629697e-01
4.862816012128169385e-01,9.996060345516629697e-01
4.862816012128169385e-01,9.996060345516629697e-01
4.863742793801882902e-01,9.995503221438571950e-01
4.863742793801882902e-01,9.995503221438571950e-01
4.863823781106712540e-01,9.996333342514122089e-01
4.859062508077300335e-01,9.992516756866911543e-01
4.859062508077300335e-01,9.992516756866911543e-01
4.859062508077300335e-01,9.992516756866911543e-01
4.859285393042411805e-01,9.984385394016793702e-01
4.861598048697858832e-01,9.995198369256000914e-01
4.861598048697858832e-01,9.995198369256000914e-01
4.857252861898008756e-01,9.983541745910908816e-01
4.857252861898008756e-01,9.983541745910908816e-01
4.857259483521096377e-01,9.984936786379549067e-01
4.857906159253123635e-01,9.982542425475567915e-01
4.858604666959515650e-01,9.979376876763520476e-01
4.861510707230318196e-01,9.986068318824883328e-01
4.861510707230318196e-01,9.986068318824883328e-01
4.855313454865256007e-01,9.988985682232991437e-01
4.855313454865256007e-01,9.988985682232991437e-01
4.855313454865256007e-01,9.988985682232991437e-01
4.855313454865256007e-01,9.988985682232991437e-01
4.855487231345250176e-01,9.990145559818258691e-01
4.860309635111840776e-01,9.992971513689760110e-01
4.860309635111840776e-01,9.992971513689760110e-01
4.860309635111840776e-01,9.992971513689760110e-01
4.860309635111840776e-01,9.992971513689760110e-01
4.860593210894785798e-01,9.995668982833136873e-01
4.860593210894785798e-01,9.995668982833136873e-01
4.860593210894785798e-01,9.995668982833136873e-01
4.860593210894785798e-01,9.995668982833136873e-01
4.860593210894785798e-01,9.995668982833136873e-01
4.860593210894785798e-01,9.995668982833136873e-01
4.860069138114569975e-01,9.995153166796089117e-01
4.860069138114569975e-01,9.995153166796089117e-01
4.860069138114569975e-01,9.995153166796089117e-01
4.860069138114569975e-01,9.995153166796089117e-01
4.860069138114569975e-01,9.995153166796089117e-01
4.860069138114569975e-01,9.995153166796089117e-01
4.860069138114569975e-01,9.995153166796089117e-01
4.860069138114569975e-01,9.995153166796089117e-01
4.860069138114569975e-01,9.995153166796089117e-01
4.859457646026841826e-01,9.991324945082086240e-01
4.859457646026841826e-01,9.991324945082086240e-01
4.859457646026841826e-01,9.991324945082086240e-01
4.859457646026841826e-01,9.991324945082086240e-01
4.859457646026841826e-01,9.991324945082086240e-01
4.859457646026841826e-01,9.991324945082086240e-01
4.859457646026841826e-01,9.991324945082086240e-01
4.859457646026841826e-01,9.991324945082086240e-01
4.863939705153867976e-01,9.991797867619713891e-01
4.860063768618315683e-01,9.988481454427916573e-01
4.860063768618315683e-01,9.988481454427916573e-01
4.860063768618315683e-01,9.988481454427916573e-01
4.860896764353982435e-01,9.996193817027785311e-01
4.860896764353982435e-01,9.996193817027785311e-01
4.860896764353982435e-01,9.996193817027785311e-01
4.861790880054432940e-01,9.995962292595500509e-01
4.861790880054432940e-01,9.995962292595500509e-01
4.859868006820730613e-01,9.997676108154781582e-01
4.859868006820730613e-01,9.997676108154781582e-01
4.859868006820730613e-01,9.997676108154781582e-01
4.859868006820730613e-01,9.997676108154781582e-01
4.859868006820730613e-01,9.997676108154781582e-01
4.859868006820730613e-01,9.997676108154781582e-01
4.859868006820730613e-01,9.997676108154781582e-01
4.859868006820730613e-01,9.997676108154781582e-01
4.859868006820730613e-01,9.997676108154781582e-01
4.859868006820730613e-01,9.997676108154781582e-01
4.859868006820730613e-01,9.997676108154781582e-01
4.859868006820730613e-01,9.997676108154781582e-01
4.859723607069734719e-01,9.999436415886377993e-01
4.859723607069734719e-01,9.999436415886377993e-01
4.859723607069734719e-01,9.999436415886377993e-01
4.859723607069734719e-01,9.999436415886377993e-01
4.859723607069734719e-01,9.999436415886377993e-01
4.860523002503902013e-01,9.989904986548091559e-01
4.860523002503902013e-01,9.989904986548091559e-01
4.860523002503902013e-01,9.989904986548091559e-01
4.860523002503902013e-01,9.989904986548091559e-01
4.860523002503902013e-01,9.989904986548091559e-01
4.863751975950675877e-01,9.992243825630671150e-01
4.858651288688490832e-01,9.980902025755130635e-01
4.858651288688490832e-01,9.980902025755130635e-01
4.858651288688490832e-01,9.980902025755130635e-01
4.858651288688490832e-01,9.980902025755130635e-01
4.864966203009579160e-01,9.995698563157378036e-01
4.864966203009579160e-01,9.995698563157378036e-01
4.860214581457059091e-01,9.997009976053475855e-01
4.858683926656434671e-01,9.998936590648501710e-01
4.857228399090300908e-01,9.996676237129490383e-01
4.860208703868083568e-01,9.987433143592822082e-01
4.857758502508637277e-01,9.991552969357908598e-01
4.855247463942137243e-01,9.971719528522535736e-01
4.859254748977423488e-01,9.990102936105015319e-01
4.862773880533666770e-01,9.994319453000726217e-01
4.856579126576917593e-01,9.995649374730659620e-01
4.864423788282528083e-01,9.988184872499586975e-01
4.850515213376672130e-01,9.957208602570986056e-01
4.857422318212752943e-01,9.984097246343677234e-01
4.857422318212752943e-01,9.984097246343677234e-01
4.854519763559529411e-01,9.972742126085829550e-01
4.854519763559529411e-01,9.972742126085829550e-01
4.852065617623649296e-01,9.967946869236807839e-01
4.852065617623649296e-01,9.967946869236807839e-01
4.856280631521266433e-01,9.977474166577691150e-01
4.856280631521266433e-01,9.977474166577691150e-01
4.857856520159011260e-01,9.982708163510781718e-01
4.857856520159011260e-01,9.982708163510781718e-01
4.857856520159011260e-01,9.982708163510781718e-01
4.854790057367012746e-01,9.996054939549674501e-01
4.863000538788434524e-01,9.999991321279870782e-01
4.863000538788434524e-01,9.999991321279870782e-01
4.860342634405683815e-01,9.986823030605357365e-01
4.860342634405683815e-01,9.986823030605357365e-01
4.857081845511388996e-01,9.992900509817065346e-01
4.857081845511388996e-01,9.992900509817065346e-01
4.855825959820266324e-01,9.980540596424570809e-01
4.864053936288977309e-01,9.991923962845121743e-01
4.863669767467738714e-01,9.999343019089942386e-01
4.863669767467738714e-01,9.999343019089942386e-01
4.863669767467738714e-01,9.999343019089942386e-01
4.863669767467738714e-01,9.999343019089942386e-01
4.863669767467738714e-01,9.999343019089942386e-01
4.862942447549266634e-01,9.993072953291648464e-01
4.862942447549266634e-01,9.993072953291648464e-01
4.862942447549266634e-01,9.993072953291648464e-01
4.862942447549266634e-01,9.993072953291648464e-01
4.863291751464239310e-01,9.988533429710537703e-01
4.853302416440632983e-01,9.961278645720682556e-01
4.857658129014028603e-01,9.979227943253126121e-01
4.857658129014028603e-01,9.979227943253126121e-01
4.857658129014028603e-01,9.979227943253126121e-01
4.860981751381296956e-01,9.993099849698244830e-01
4.860981751381296956e-01,9.993099849698244830e-01
4.860981751381296956e-01,9.993099849698244830e-01
4.860981751381296956e-01,9.993099849698244830e-01
4.860981751381296956e-01,9.993099849698244830e-01
4.862155153462247026e-01,9.997807858359714084e-01
4.862155153462247026e-01,9.997807858359714084e-01
4.863625333985209243e-01,9.997234297947269477e-01
4.859730874972341130e-01,9.997552576814190406e-01
4.861212555095106302e-01,9.987090780452625438e-01
4.861212555095106302e-01,9.987090780452625438e-01
4.861212555095106302e-01,9.987090780452625438e-01
4.862000722016663334e-01,9.986889393958974237e-01
4.862000722016663334e-01,9.986889393958974237e-01
4.862000722016663334e-01,9.986889393958974237e-01
4.862000722016663334e-01,9.986889393958974237e-01
4.867608054628567160e-01,9.998002138554279439e-01
4.856591710224349989e-01,9.972121482207447762e-01
4.861200600327100774e-01,9.999201846816812012e-01
4.861200600327100774e-01,9.999201846816812012e-01
4.861200600327100774e-01,9.999201846816812012e-01
4.861200600327100774e-01,9.999201846816812012e-01
4.861200600327100774e-01,9.999201846816812012e-01
4.861200600327100774e-01,9.999201846816812012e-01
4.861200600327100774e-01,9.999201846816812012e-01
4.861200600327100774e-01,9.999201846816812012e-01
4.861200600327100774e-01,9.999201846816812012e-01
4.861200600327100774e-01,9.999201846816812012e-01
4.861200600327100774e-01,9.999201846816812012e-01
4.858180716149418932e-01,9.985779295220182927e-01
4.865947873781322763e-01,9.999185001391992511e-01
4.865947873781322763e-01,9.999185001391992511e-01
4.864095171463859724e-01,9.998070009855957174e-01
4.864095171463859724e-01,9.998070009855957174e-01
4.864095171463859724e-01,9.998070009855957174e-01
4.864095171463859724e-01,9.998070009855957174e-01
4.864095171463859724e-01,9.998070009855957174e-01
4.864095171463859724e-01,9.998070009855957174e-01
4.864095171463859724e-01,9.998070009855957174e-01
4.864095171463859724e-01,9.998070009855957174e-01
4.862990396504233703e-01,9.992185846685631700e-01
4.862990396504233703e-01,9.992185846685631700e-01
4.864771025191667597e-01,9.997276547517544021e-01
4.861345063049795079e-01,9.995946583270305386e-01
4.861345063049795079e-01,9.995946583270305386e-01
4.861345063049795079e-01,9.995946583270305386e-01
4.856499430200995060e-01,9.974303118163243553e-01
4.867175252128019824e-01,9.997817030074260813e-01
4.856818347605477149e-01,9.968839109363027973e-01
4.858945885430703826e-01,9.996727364969227869e-01
4.858945885430703826e-01,9.996727364969227869e-01
4.862292190390352653e-01,9.999272323157575304e-01
4.862292190390352653e-01,9.999272323157575304e-01
4.861846963499291685e-01,9.998879681437358169e-01
4.861846963499291685e-01,9.998879681437358169e-01
4.858253646603319931e-01,9.991996381819390205e-01
4.858253646603319931e-01,9.991996381819390205e-01
4.862190735472370906e-01,9.994265751006338183e-01
4.862190735472370906e-01,9.994265751006338183e-01
4.862847745513472764e-01,9.992969454350237868e-01
4.862847745513472764e-01,9.992969454350237868e-01
4.857397719717891915e-01,9.990371040016482462e-01
4.864984198247749858e-01,9.998666456765037402e-01
4.857936945113614513e-01,9.986960429039523079e-01
4.857936945113614513e-01,9.986960429039523079e-01
4.860330877645954728e-01,9.998887680971733083e-01
4.860330877645954728e-01,9.998887680971733083e-01
4.860330877645954728e-01,9.998887680971733083e-01
4.860330877645954728e-01,9.998887680971733083e-01
4.860975368422991161e-01,9.991723470323194967e-01
4.860975368422991161e-01,9.991723470323194967e-01
4.860975368422991161e-01,9.991723470323194967e-01
4.860975368422991161e-01,9.991723470323194967e-01
4.862911324583009676e-01,9.998728919730681675e-01
4.860678423053155228e-01,9.984897808348066617e-01
4.860678423053155228e-01,9.984897808348066617e-01
4.861430313552826399e-01,9.987546422407925784e-01
4.860216431734997733e-01,9.990938437380151305e-01
4.858840615349514502e-01,9.983765288978601049e-01
4.858840615349514502e-01,9.983765288978601049e-01
4.858840615349514502e-01,9.983765288978601049e-01
4.858840615349514502e-01,9.983765288978601049e-01
4.859025765949900322e-01,9.978344304328550241e-01
4.867287542369419517e-01,9.997113323416739750e-01
4.860987476091952475e-01,9.979645872065855405e-01
4.857130758639042756e-01,9.988700400472774188e-01
4.859704245321119775e-01,9.998335195369063566e-01
4.859704245321119775e-01,9.998335195369063566e-01
4.859704245321119775e-01,9.998335195369063566e-01
4.859704245321119775e-01,9.998335195369063566e-01
4.859704245321119775e-01,9.998335195369063566e-01
4.859704245321119775e-01,9.998335195369063566e-01
4.862062951579839143e-01,9.998585344798192054e-01
4.862062951579839143e-01,9.998585344798192054e-01
4.862062951579839143e-01,9.998585344798192054e-01
4.863425030334914689e-01,9.993053044956403674e-01
4.860562162670912789e-01,9.986026227880633321e-01
4.861466773421568854e-01,9.997419505633714509e-01
4.861466773421568854e-01,9.997419505633714509e-01
4.862317725207895847e-01,9.995319913401542467e-01
4.858724384213232161e-01,9.991078812870933801e-01
4.858724384213232161e-01,9.991078812870933801e-01
4.858724384213232161e-01,9.991078812870933801e-01
4.858724384213232161e-01,9.991078812870933801e-01
4.858724384213232161e-01,9.991078812870933801e-01
4.858724384213232161e-01,9.991078812870933801e-01
4.858724384213232161e-01,9.991078812870933801e-01
4.858724384213232161e-01,9.991078812870933801e-01
4.854806580014212614e-01,9.976884976568202168e-01
4.861004156387809805e-01,9.992109692026562850e-01
4.861004156387809805e-01,9.992109692026562850e-01
4.859927279927957477e-01,9.997732873527969133e-01
4.859927279927957477e-01,9.997732873527969133e-01
4.859927279927957477e-01,9.997732873527969133e-01
4.859927279927957477e-01,9.997732873527969133e-01
4.862096160262200373e-01,9.995837734078909520e-01
4.861183086890502048e-01,9.999662943343352595e-01
4.861183086890502048e-01,9.999662943343352595e-01
4.861683091668259626e-01,9.999826554201199924e-01
4.861683091668259626e-01,9.999826554201199924e-01
4.861683091668259626e-01,9.999826554201199924e-01
4.861683091668259626e-01,9.999826554201199924e-01
4.861683091668259626e-01,9.999826554201199924e-01
4.861683091668259626e-01,9.999826554201199924e-01
4.864062652578561852e-01,9.991170032833284198e-01
4.864189904304953571e-01,9.997798346440253114e-01
4.864189904304953571e-01,9.997798346440253114e-01
4.864189904304953571e-01,9.997798346440253114e-01
4.864189904304953571e-01,9.997798346440253114e-01
4.860384552534190994e-01,9.987173516997660538e-01
4.856439485480481544e-01,9.974873125456379386e-01
4.855923543319589641e-01,9.971121902380916113e-01
4.856307398415425358e-01,9.979061945627784036e-01
4.856307398415425358e-01,9.979061945627784036e-01
4.856307398415425358e-01,9.979061945627784036e-01
4.858223237449095233e-01,9.975905892073659853e-01
4.856471953092141303e-01,9.994706944142930372e-01
4.856471953092141303e-01,9.994706944142930372e-01
4.856333861946457442e-01,9.981739522585957314e-01
4.856333861946457442e-01,9.981739522585957314e-01
4.859667208527441717e-01,9.989354412370482494e-01
4.859667208527441717e-01,9.989354412370482494e-01
4.859667208527441717e-01,9.989354412370482494e-01
4.863640528204148383e-01,9.994502218725400677e-01
4.863640528204148383e-01,9.994502218725400677e-01
4.863640528204148383e-01,9.994502218725400677e-01
4.852924249331343476e-01,9.980286501939636956e-01
4.852924249331343476e-01,9.980286501939636956e-01
4.868356150148616668e-01,9.997686777662686541e-01
4.852780197141868812e-01,9.962302241967140315e-01
4.852230635434744976e-01,9.968053644095793420e-01
4.864983301544322791e-01,9.990407223362330891e-01
4.864983301544322791e-01,9.990407223362330891e-01
4.864983301544322791e-01,9.990407223362330891e-01
4.864983301544322791e-01,9.990407223362330891e-01
4.858791066865368879e-01,9.988976420941940715e-01
4.860118682077950170e-01,9.992640615207026844e-01
4.860118682077950170e-01,9.992640615207026844e-01
4.853113589413192153e-01,9.971773736309602620e-01
4.864479382801766283e-01,9.997052723583196299e-01
4.864479382801766283e-01,9.997052723583196299e-01
4.855668525193471141e-01,9.984312915720516823e-01
4.856460633436053276e-01,9.992273364857447993e-01
4.856425487188572032e-01,9.996325609348333252e-01
4.855402101655784119e-01,9.989845704655183622e-01
4.855429442936490814e-01,9.986351805992448316e-01
4.861992524996797127e-01,9.990598623959262570e-01
4.859317785370101395e-01,9.991666022277345682e-01
4.859317785370101395e-01,9.991666022277345682e-01
4.859317785370101395e-01,9.991666022277345682e-01
4.859317785370101395e-01,9.991666022277345682e-01
4.859317785370101395e-01,9.991666022277345682e-01
4.859317785370101395e-01,9.991666022277345682e-01
4.859317785370101395e-01,9.991666022277345682e-01
4.859317785370101395e-01,9.991666022277345682e-01
4.859317785370101395e-01,9.991666022277345682e-01
4.859317785370101395e-01,9.991666022277345682e-01
4.859317785370101395e-01,9.991666022277345682e-01
4.861977836388852170e-01,9.998379132992727403e-01
4.861977836388852170e-01,9.998379132992727403e-01
4.861977836388852170e-01,9.998379132992727403e-01
4.861977836388852170e-01,9.998379132992727403e-01
4.861977836388852170e-01,9.998379132992727403e-01
4.861977836388852170e-01,9.998379132992727403e-01
4.864366005441703167e-01,9.997341308382485803e-01
4.864366005441703167e-01,9.997341308382485803e-01
4.858176920147865840e-01,9.993587432759428735e-01
4.858176920147865840e-01,9.993587432759428735e-01
4.858176920147865840e-01,9.993587432759428735e-01
4.858454583621523160e-01,9.989041645455375429e-01
4.862650629059251939e-01,9.995537043948347078e-01
4.862650629059251939e-01,9.995537043948347078e-01
4.856792632085587536e-01,9.984119668133738523e-01
4.856792632085587536e-01,9.984119668133738523e-01
4.858763203152232091e-01,9.985802236142803379e-01
4.861957943785744085e-01,9.994076195712341404e-01
4.855197402503061421e-01,9.985242249605716935e-01
4.856231368626239830e-01,9.980364537860940688e-01
4.856231368626239830e-01,9.980364537860940688e-01
4.856231368626239830e-01,9.980364537860940688e-01
4.854418656582690228e-01,9.985092598884076631e-01
4.857225457666148327e-01,9.976211964371409779e-01
4.855099197624385132e-01,9.969624159903623939e-01
4.861218251413128022e-01,9.993463601764569493e-01
4.861218251413128022e-01,9.993463601764569493e-01
4.861218251413128022e-01,9.993463601764569493e-01
4.862880736353527578e-01,9.993511141685332833e-01
4.862880736353527578e-01,9.993511141685332833e-01
4.858029982570997718e-01,9.987135447334387628e-01
4.858029982570997718e-01,9.987135447334387628e-01
4.858029982570997718e-01,9.987135447334387628e-01
4.858029982570997718e-01,9.987135447334387628e-01
4.860719829999790020e-01,9.996178277559485403e-01
4.859003927004249546e-01,9.998707052071266199e-01
4.861901399173888527e-01,9.995309944266055346e-01
4.861901399173888527e-01,9.995309944266055346e-01
4.863595053474504826e-01,9.998710925202292099e-01
4.863595053474504826e-01,9.998710925202292099e-01
4.863595053474504826e-01,9.998710925202292099e-01
4.863595053474504826e-01,9.998710925202292099e-01
4.863595053474504826e-01,9.998710925202292099e-01
4.863595053474504826e-01,9.998710925202292099e-01
4.863439196587207025e-01,9.999318284752493069e-01
4.860669458056264824e-01,9.993113469435516150e-01
4.860669458056264824e-01,9.993113469435516150e-01
4.863051912989715397e-01,9.996870326985567434e-01
4.863051912989715397e-01,9.996870326985567434e-01
4.863051912989715397e-01,9.996870326985567434e-01
4.863051912989715397e-01,9.996870326985567434e-01
4.863051912989715397e-01,9.996870326985567434e-01
4.863051912989715397e-01,9.996870326985567434e-01
4.863051912989715397e-01,9.996870326985567434e-01
4.863051912989715397e-01,9.996870326985567434e-01
4.863051912989715397e-01,9.996870326985567434e-01
4.863051912989715397e-01,9.996870326985567434e-01
4.863051912989715397e-01,9.996870326985567434e-01
4.860602900980736663e-01,9.992876367533057858e-01
4.860602900980736663e-01,9.992876367533057858e-01
4.863541204017531316e-01,9.994039065870758964e-01
4.863541204017531316e-01,9.994039065870758964e-01
4.863541204017531316e-01,9.994039065870758964e-01
4.863541204017531316e-01,9.994039065870758964e-01
4.863541204017531316e-01,9.994039065870758964e-01
4.862887053186589759e-01,9.998552750651562571e-01
4.862887053186589759e-01,9.998552750651562571e-01
4.862887053186589759e-01,9.998552750651562571e-01
4.862887053186589759e-01,9.998552750651562571e-01
4.862887053186589759e-01,9.998552750651562571e-01
4.862887053186589759e-01,9.998552750651562571e-01
4.862887053186589759e-01,9.998552750651562571e-01
4.862887053186589759e-01,9.998552750651562571e-01
4.862887053186589759e-01,9.998552750651562571e-01
4.862887053186589759e-01,9.998552750651562571e-01
4.862887053186589759e-01,9.998552750651562571e-01
4.862887053186589759e-01,9.998552750651562571e-01
4.862887053186589759e-01,9.998552750651562571e-01
4.862887053186589759e-01,9.998552750651562571e-01
4.862887053186589759e-01,9.998552750651562571e-01
4.862887053186589759e-01,9.998552750651562571e-01
4.862887053186589759e-01,9.998552750651562571e-01
4.862887053186589759e-01,9.998552750651562571e-01
4.861861756575331373e-01,9.992720307638320865e-01
4.861861756575331373e-01,9.992720307638320865e-01
4.858974578956570256e-01,9.991186537162483061e-01
4.858974578956570256e-01,9.991186537162483061e-01
4.858974578956570256e-01,9.991186537162483061e-01
4.858974578956570256e-01,9.991186537162483061e-01
4.858974578956570256e-01,9.991186537162483061e-01
4.858974578956570256e-01,9.991186537162483061e-01
4.858974578956570256e-01,9.991186537162483061e-01
4.858974578956570256e-01,9.991186537162483061e-01
4.858974578956570256e-01,9.991186537162483061e-01
4.858974578956570256e-01,9.991186537162483061e-01
4.861786479869286137e-01,9.995969924669153572e-01
4.861786479869286137e-01,9.995969924669153572e-01
4.861786479869286137e-01,9.995969924669153572e-01
4.861786479869286137e-01,9.995969924669153572e-01
4.861786479869286137e-01,9.995969924669153572e-01
4.864992558331147077e-01,9.998376418314346425e-01
4.864992558331147077e-01,9.998376418314346425e-01
4.857243388628614822e-01,9.980354549241989837e-01
4.862222796195528329e-01,9.996234855085341930e-01
4.862222796195528329e-01,9.996234855085341930e-01
4.862222796195528329e-01,9.996234855085341930e-01
4.862222796195528329e-01,9.996234855085341930e-01
4.862169523719293007e-01,9.999666284355374080e-01
4.862169523719293007e-01,9.999666284355374080e-01
4.862169523719293007e-01,9.999666284355374080e-01
4.862169523719293007e-01,9.999666284355374080e-01
4.862169523719293007e-01,9.999666284355374080e-01
4.862169523719293007e-01,9.999666284355374080e-01
4.862169523719293007e-01,9.999666284355374080e-01
4.862169523719293007e-01,9.999666284355374080e-01
4.857632177817137742e-01,9.990841113758491820e-01
4.857632177817137742e-01,9.990841113758491820e-01
4.857632177817137742e-01,9.990841113758491820e-01
4.857150667290477952e-01,9.997606794971896083e-01
4.857150667290477952e-01,9.997606794971896083e-01
4.858126968892720887e-01,9.996371120897245000e-01
4.858126968892720887e-01,9.996371120897245000e-01
4.858126968892720887e-01,9.996371120897245000e-01
4.859338796379256697e-01,9.986942118490960141e-01
4.859338796379256697e-01,9.986942118490960141e-01
4.866654079936867938e-01,9.999511073649138826e-01
4.866654079936867938e-01,9.999511073649138826e-01
4.859694197217040434e-01,9.990990385997545742e-01
4.859694197217040434e-01,9.990990385997545742e-01
4.858286633710929281e-01,9.982824965793269945e-01
4.858286633710929281e-01,9.982824965793269945e-01
4.853004412783199495e-01,9.965905591139951891e-01
4.853004412783199495e-01,9.965905591139951891e-01
4.861577273655952602e-01,9.991170528541866158e-01
4.861577273655952602e-01,9.991170528541866158e-01
4.861577273655952602e-01,9.991170528541866158e-01
4.861577273655952602e-01,9.991170528541866158e-01
4.861577273655952602e-01,9.991170528541866158e-01
4.861577273655952602e-01,9.991170528541866158e-01
4.861577273655952602e-01,9.991170528541866158e-01
4.861577273655952602e-01,9.991170528541866158e-01
4.861577273655952602e-01,9.991170528541866158e-01
4.856669358736422359e-01,9.974391495035038746e-01
4.860386786471669884e-01,9.996485184702463833e-01
4.862498143453876098e-01,9.990919064530027205e-01
4.859150334795909743e-01,9.992638256622804471e-01
4.861605258234591442e-01,9.999253442571642836e-01
4.861605258234591442e-01,9.999253442571642836e-01
4.861605258234591442e-01,9.999253442571642836e-01
4.861605258234591442e-01,9.999253442571642836e-01
4.861605258234591442e-01,9.999253442571642836e-01
4.861605258234591442e-01,9.999253442571642836e-01
4.861605258234591442e-01,9.999253442571642836e-01
4.861605258234591442e-01,9.999253442571642836e-01
4.857957966475469624e-01,9.987725978212987910e-01
4.857957966475469624e-01,9.987725978212987910e-01
4.857957966475469624e-01,9.987725978212987910e-01
4.857957966475469624e-01,9.987725978212987910e-01
4.857412997826165424e-01,9.979987975892529173e-01
4.857412997826165424e-01,9.979987975892529173e-01
4.858781352870188419e-01,9.975676496960373951e-01
4.857103674523393644e-01,9.972464503267758351e-01
4.854055305462582903e-01,9.973861472930038996e-01
4.863761824060220396e-01,9.999777960666003107e-01
4.863761824060220396e-01,9.999777960666003107e-01
4.863761824060220396e-01,9.999777960666003107e-01
4.863761824060220396e-01,9.999777960666003107e-01
4.863761824060220396e-01,9.999777960666003107e-01
4.863761824060220396e-01,9.999777960666003107e-01
4.863761824060220396e-01,9.999777960666003107e-01
4.863761824060220396e-01,9.999777960666003107e-01
4.863761824060220396e-01,9.999777960666003107e-01
4.863761824060220396e-01,9.999777960666003107e-01
4.863761824060220396e-01,9.999777960666003107e-01
4.863761824060220396e-01,9.999777960666003107e-01
4.863256874224926030e-01,9.997709644935919293e-01
4.863256874224926030e-01,9.997709644935919293e-01
4.863256874224926030e-01,9.997709644935919293e-01
4.863256874224926030e-01,9.997709644935919293e-01
4.863256874224926030e-01,9.997709644935919293e-01
4.863171185720170930e-01,9.998171531396335965e-01
4.863171185720170930e-01,9.998171531396335965e-01
4.860627706423856220e-01,9.998700054009631577e-01
4.860627706423856220e-01,9.998700054009631577e-01
4.860627706423856220e-01,9.998700054009631577e-01
4.860627706423856220e-01,9.998700054009631577e-01
4.861117061870485756e-01,9.999008222396644774e-01
4.861117061870485756e-01,9.999008222396644774e-01
4.861117061870485756e-01,9.999008222396644774e-01
4.861117061870485756e-01,9.999008222396644774e-01
4.861117061870485756e-01,9.999008222396644774e-01
4.861117061870485756e-01,9.999008222396644774e-01
4.863895553202922661e-01,9.998766464174896340e-01
4.862798882688765811e-01,9.995827143838871276e-01
4.862798882688765811e-01,9.995827143838871276e-01
4.862798882688765811e-01,9.995827143838871276e-01
4.857202123884692968e-01,9.987721835730656306e-01
4.857202123884692968e-01,9.987721835730656306e-01
4.857202123884692968e-01,9.987721835730656306e-01
4.857202123884692968e-01,9.987721835730656306e-01
4.862234317423296814e-01,9.999856043277747242e-01
4.862234317423296814e-01,9.999856043277747242e-01
4.862234317423296814e-01,9.999856043277747242e-01
4.862234317423296814e-01,9.999856043277747242e-01
4.862234317423296814e-01,9.999856043277747242e-01
4.862234317423296814e-01,9.999856043277747242e-01
4.862234317423296814e-01,9.999856043277747242e-01
4.862233316533369765e-01,9.998674868287087403e-01
4.862233316533369765e-01,9.998674868287087403e-01
4.862233316533369765e-01,9.998674868287087403e-01
4.862233316533369765e-01,9.998674868287087403e-01
4.862233316533369765e-01,9.998674868287087403e-01
4.862233316533369765e-01,9.998674868287087403e-01
4.862233316533369765e-01,9.998674868287087403e-01
4.862233316533369765e-01,9.998674868287087403e-01
4.862233316533369765e-01,9.998674868287087403e-01
4.862233316533369765e-01,9.998674868287087403e-01
4.862233316533369765e-01,9.998674868287087403e-01
4.862233316533369765e-01,9.998674868287087403e-01
4.862233316533369765e-01,9.998674868287087403e-01
4.862233316533369765e-01,9.998674868287087403e-01
4.862233316533369765e-01,9.998674868287087403e-01
4.862233316533369765e-01,9.998674868287087403e-01
4.862233316533369765e-01,9.998674868287087403e-01
4.862233316533369765e-01,9.998674868287087403e-01
4.862233316533369765e-01,9.998674868287087403e-01
4.862233316533369765e-01,9.998674868287087403e-01
4.862233316533369765e-01,9.998674868287087403e-01
4.862233316533369765e-01,9.998674868287087403e-01
4.862233316533369765e-01,9.998674868287087403e-01
4.862233316533369765e-01,9.998674868287087403e-01
4.862233316533369765e-01,9.998674868287087403e-01
4.862233316533369765e-01,9.998674868287087403e-01
4.857992821001739792e-01,9.990262382747752135e-01
4.861228372477986448e-01,9.999264144547912458e-01
4.861228372477986448e-01,9.999264144547912458e-01
4.861228372477986448e-01,9.999264144547912458e-01
4.861228372477986448e-01,9.999264144547912458e-01
4.857373048453421105e-01,9.989625886665393084e-01
4.859436751122383491e-01,9.987206821522476297e-01
4.859436751122383491e-01,9.987206821522476297e-01
4.861389074154769396e-01,9.994532596055908380e-01
4.861389074154769396e-01,9.994532596055908380e-01
4.861389074154769396e-01,9.994532596055908380e-01
4.861389074154769396e-01,9.994532596055908380e-01
4.861389074154769396e-01,9.994532596055908380e-01
4.856649746293411063e-01,9.975874747319765090e-01
4.856649746293411063e-01,9.975874747319765090e-01
4.856649746293411063e-01,9.975874747319765090e-01
4.857671759771718945e-01,9.986778888656285824e-01
4.855038163547573671e-01,9.964296200126215863e-01
4.855603701768777536e-01,9.983967798986179698e-01
4.855603701768777536e-01,9.983967798986179698e-01
4.855603701768777536e-01,9.983967798986179698e-01
4.855603701768777536e-01,9.983967798986179698e-01
4.863833552343914124e-01,9.988414070529448852e-01
4.859915282086344490e-01,9.990273798983201337e-01
4.856104059257853600e-01,9.986570201273115011e-01
4.858186362732811459e-01,9.981665466878267834e-01
4.858186362732811459e-01,9.981665466878267834e-01
4.862138273841886682e-01,9.989827018628218980e-01
4.859381718284399021e-01,9.994983555954526366e-01
4.859381718284399021e-01,9.994983555954526366e-01
4.859381718284399021e-01,9.994983555954526366e-01
4.859381718284399021e-01,9.994983555954526366e-01
4.859381718284399021e-01,9.994983555954526366e-01
4.859381718284399021e-01,9.994983555954526366e-01
4.859381718284399021e-01,9.994983555954526366e-01
4.860902766723874113e-01,9.994691233205585945e-01
4.860902766723874113e-01,9.994691233205585945e-01
4.860902766723874113e-01,9.994691233205585945e-01
4.860902766723874113e-01,9.994691233205585945e-01
4.854167050073516232e-01,9.974169399374823719e-01
4.861709986673917738e-01,9.979858406780530711e-01
4.861095528606713678e-01,9.985649498283982739e-01
4.861095528606713678e-01,9.985649498283982739e-01
4.861095528606713678e-01,9.985649498283982739e-01
4.856144262398919276e-01,9.984558618357728399e-01
4.856144262398919276e-01,9.984558618357728399e-01
4.856144262398919276e-01,9.984558618357728399e-01
4.856144262398919276e-01,9.984558618357728399e-01
4.859745952949318659e-01,9.990714008176917460e-01
4.859745952949318659e-01,9.990714008176917460e-01
4.859745952949318659e-01,9.990714008176917460e-01
4.859391520387734698e-01,9.994410843203782591e-01
4.857474153579086629e-01,9.974911518977794822e-01
4.862234384266388432e-01,9.983719484764446150e-01
4.862234384266388432e-01,9.983719484764446150e-01
4.862234384266388432e-01,9.983719484764446150e-01
4.862838811490213242e-01,9.996054011884039081e-01
4.862838811490213242e-01,9.996054011884039081e-01
4.862838811490213242e-01,9.996054011884039081e-01
4.862838811490213242e-01,9.996054011884039081e-01
4.862838811490213242e-01,9.996054011884039081e-01
4.862838811490213242e-01,9.996054011884039081e-01
4.862838811490213242e-01,9.996054011884039081e-01
4.862838811490213242e-01,9.996054011884039081e-01
4.862838811490213242e-01,9.996054011884039081e-01
4.862838811490213242e-01,9.996054011884039081e-01
4.862838811490213242e-01,9.996054011884039081e-01
4.859990048533185947e-01,9.998894877645164714e-01
4.859990048533185947e-01,9.998894877645164714e-01
4.859990048533185947e-01,9.998894877645164714e-01
4.859990048533185947e-01,9.998894877645164714e-01
4.859990048533185947e-01,9.998894877645164714e-01
4.860729667537604382e-01,9.997053235501294211e-01
4.858826862472306884e-01,9.997211895757119882e-01
4.854743544868916350e-01,9.973227642352815447e-01
4.855334011193483956e-01,9.952082468055530873e-01
4.856355174142311659e-01,9.997138701339256528e-01
4.863220105852676389e-01,9.991253606938036436e-01
4.863220105852676389e-01,9.991253606938036436e-01
4.863220105852676389e-01,9.991253606938036436e-01
4.863220105852676389e-01,9.991253606938036436e-01
4.859300442040665469e-01,9.994827896959443958e-01
4.862665946123057026e-01,9.996481055182452335e-01
4.862665946123057026e-01,9.996481055182452335e-01
4.860194452085770944e-01,9.988186326502312973e-01
4.856303895970278672e-01,9.978154098203727562e-01
4.856303895970278672e-01,9.978154098203727562e-01
4.856303895970278672e-01,9.978154098203727562e-01
4.855359426310804083e-01,9.984944557412588351e-01
4.855359426310804083e-01,9.984944557412588351e-01
4.855359426310804083e-01,9.984944557412588351e-01
4.861278247100647154e-01,9.984604998861501546e-01
4.858170990553888346e-01,9.994702801148706017e-01
4.861315233176071726e-01,9.991596739263749472e-01
4.861315233176071726e-01,9.991596739263749472e-01
4.861315233176071726e-01,9.991596739263749472e-01
4.861315233176071726e-01,9.991596739263749472e-01
4.861315233176071726e-01,9.991596739263749472e-01
4.850742229263144689e-01,9.958357489585324407e-01
4.856008192591182993e-01,9.982862462975190532e-01
4.856008192591182993e-01,9.982862462975190532e-01
4.856008192591182993e-01,9.982862462975190532e-01
4.858700666970210413e-01,9.990763725644973281e-01
4.860752828390123570e-01,9.997051669745856683e-01
4.859983146398700327e-01,9.995159949174596825e-01
4.862461310408987547e-01,9.997273966713090543e-01
4.862461310408987547e-01,9.997273966713090543e-01
4.862461310408987547e-01,9.997273966713090543e-01
4.862461310408987547e-01,9.997273966713090543e-01
4.862461310408987547e-01,9.997273966713090543e-01
4.862461310408987547e-01,9.997273966713090543e-01
4.862461310408987547e-01,9.997273966713090543e-01
4.862461310408987547e-01,9.997273966713090543e-01
4.860408685200013346e-01,9.997055137726139629e-01
4.860408685200013346e-01,9.997055137726139629e-01
4.863291063539822434e-01,9.995478291779155144e-01
4.861430132527420067e-01,9.999620884656669206e-01
4.861430132527420067e-01,9.999620884656669206e-01
4.859646980681046613e-01,9.996831200774356496e-01
4.859646980681046613e-01,9.996831200774356496e-01
4.859646980681046613e-01,9.996831200774356496e-01
4.859646980681046613e-01,9.996831200774356496e-01
4.859646980681046613e-01,9.996831200774356496e-01
4.859646980681046613e-01,9.996831200774356496e-01
4.859646980681046613e-01,9.996831200774356496e-01
4.859483397842841446e-01,9.987917536598466262e-01
4.861059695829355598e-01,9.992700012605616466e-01
4.859157471439701226e-01,9.986409929328338153e-01
4.859157471439701226e-01,9.986409929328338153e-01
4.859157471439701226e-01,9.986409929328338153e-01
4.859157471439701226e-01,9.986409929328338153e-01
4.859157471439701226e-01,9.986409929328338153e-01
4.859157471439701226e-01,9.986409929328338153e-01
4.859157471439701226e-01,9.986409929328338153e-01
4.859157471439701226e-01,9.986409929328338153e-01
4.857676292573652743e-01,9.993794544445524508e-01
4.857676292573652743e-01,9.993794544445524508e-01
4.853649634426412951e-01,9.988727881748730164e-01
4.853645718553313837e-01,9.959656998963484220e-01
4.858142946638011050e-01,9.982755970867003281e-01
4.858142946638011050e-01,9.982755970867003281e-01
4.858142946638011050e-01,9.982755970867003281e-01
4.862005622008095940e-01,9.996353723656488111e-01
4.862005622008095940e-01,9.996353723656488111e-01
4.862005622008095940e-01,9.996353723656488111e-01
4.862005622008095940e-01,9.996353723656488111e-01
4.854996709427842894e-01,9.981748216951501496e-01
4.854901792953686956e-01,9.975453658391545408e-01
4.858878924960646217e-01,9.979475768645806877e-01
4.858284369076038001e-01,9.994421498375642976e-01
4.858284369076038001e-01,9.994421498375642976e-01
4.858284369076038001e-01,9.994421498375642976e-01
4.858284369076038001e-01,9.994421498375642976e-01
4.858284369076038001e-01,9.994421498375642976e-01
4.858284369076038001e-01,9.994421498375642976e-01
4.858284369076038001e-01,9.994421498375642976e-01
4.863398674950325518e-01,9.997325841275587210e-01
4.863398674950325518e-01,9.997325841275587210e-01
4.863398674950325518e-01,9.997325841275587210e-01
4.863398674950325518e-01,9.997325841275587210e-01
4.860648845207029556e-01,9.992825419881442572e-01
4.860648845207029556e-01,9.992825419881442572e-01
4.860648845207029556e-01,9.992825419881442572e-01
4.860648845207029556e-01,9.992825419881442572e-01
4.860648845207029556e-01,9.992825419881442572e-01
4.860648845207029556e-01,9.992825419881442572e-01
4.861845529498627361e-01,9.993498115279384475e-01
4.862504198432148761e-01,9.992784055403067800e-01
4.862504198432148761e-01,9.992784055403067800e-01
4.862651120959876616e-01,9.998990232327854555e-01
4.862651120959876616e-01,9.998990232327854555e-01
4.866206202793594837e-01,9.998803413325304534e-01
4.858720478515511365e-01,9.990034945277659340e-01
4.861481961625243042e-01,9.993660749483698202e-01
4.861481961625243042e-01,9.993660749483698202e-01
4.865103573041207885e-01,9.999489624167239299e-01
4.865103573041207885e-01,9.999489624167239299e-01
4.865103573041207885e-01,9.999489624167239299e-01
4.865103573041207885e-01,9.999489624167239299e-01
4.860445855492031009e-01,9.982204538707525332e-01
4.857896772928576579e-01,9.979387893939163368e-01
4.860722538221889377e-01,9.987416512981788230e-01
4.860722538221889377e-01,9.987416512981788230e-01
4.860722538221889377e-01,9.987416512981788230e-01
4.861390170714131043e-01,9.988813108228363769e-01
4.861390170714131043e-01,9.988813108228363769e-01
4.861390170714131043e-01,9.988813108228363769e-01
4.861390170714131043e-01,9.988813108228363769e-01
4.858589706392817953e-01,9.987167468613467047e-01
4.858589706392817953e-01,9.987167468613467047e-01
4.858589706392817953e-01,9.987167468613467047e-01
4.858589706392817953e-01,9.987167468613467047e-01
4.858589706392817953e-01,9.987167468613467047e-01
4.858589706392817953e-01,9.987167468613467047e-01
4.861517197795642842e-01,9.986600093363433572e-01
4.859742240677261682e-01,9.990516055798506212e-01
4.859742240677261682e-01,9.990516055798506212e-01
4.859742240677261682e-01,9.990516055798506212e-01
4.859742240677261682e-01,9.990516055798506212e-01
4.859742240677261682e-01,9.990516055798506212e-01
4.859742240677261682e-01,9.990516055798506212e-01
4.859742240677261682e-01,9.990516055798506212e-01
4.858651295749631949e-01,9.990781316374881538e-01
4.859155953573557896e-01,9.989349762687946832e-01
4.859155953573557896e-01,9.989349762687946832e-01
4.859155953573557896e-01,9.989349762687946832e-01
4.860084098909485673e-01,9.989620307117929032e-01
4.860084098909485673e-01,9.989620307117929032e-01
4.860084098909485673e-01,9.989620307117929032e-01
4.860084098909485673e-01,9.989620307117929032e-01
4.860084098909485673e-01,9.989620307117929032e-01
4.858929197829692792e-01,9.993497302750139477e-01
4.858929197829692792e-01,9.993497302750139477e-01
4.858929197829692792e-01,9.993497302750139477e-01
4.858929197829692792e-01,9.993497302750139477e-01
4.858929197829692792e-01,9.993497302750139477e-01
4.858929197829692792e-01,9.993497302750139477e-01
4.858929197829692792e-01,9.993497302750139477e-01
4.858929197829692792e-01,9.993497302750139477e-01
4.863251610041331441e-01,9.999080431900160271e-01
4.863251610041331441e-01,9.999080431900160271e-01
4.863251610041331441e-01,9.999080431900160271e-01
4.863251610041331441e-01,9.999080431900160271e-01
4.863251610041331441e-01,9.999080431900160271e-01
4.863251610041331441e-01,9.999080431900160271e-01
4.863251610041331441e-01,9.999080431900160271e-01
4.863251610041331441e-01,9.999080431900160271e-01
4.863251610041331441e-01,9.999080431900160271e-01
4.863450237133952747e-01,9.997428219971634666e-01
4.863450237133952747e-01,9.997428219971634666e-01
4.863450237133952747e-01,9.997428219971634666e-01
4.862327601927786680e-01,9.996448390623224878e-01
4.861288009040823921e-01,9.997239228268668398e-01
4.861288009040823921e-01,9.997239228268668398e-01
4.861288009040823921e-01,9.997239228268668398e-01
4.861288009040823921e-01,9.997239228268668398e-01
4.861288009040823921e-01,9.997239228268668398e-01
4.861288009040823921e-01,9.997239228268668398e-01
4.861288009040823921e-01,9.997239228268668398e-01
4.861288009040823921e-01,9.997239228268668398e-01
4.861288009040823921e-01,9.997239228268668398e-01
4.861288009040823921e-01,9.997239228268668398e-01
4.861288009040823921e-01,9.997239228268668398e-01
4.861288009040823921e-01,9.997239228268668398e-01
4.860168685600155802e-01,9.998610592373955441e-01
4.860168685600155802e-01,9.998610592373955441e-01
4.860168685600155802e-01,9.998610592373955441e-01
4.860168685600155802e-01,9.998610592373955441e-01
4.862193051254565801e-01,9.994965746801922624e-01
4.860998309907335613e-01,9.992087852180641105e-01
4.860998309907335613e-01,9.992087852180641105e-01
4.860432691865875232e-01,9.988103651956531381e-01
4.860432691865875232e-01,9.988103651956531381e-01
4.860432691865875232e-01,9.988103651956531381e-01
4.859802204755468424e-01,9.986644466786589458e-01
4.859802204755468424e-01,9.986644466786589458e-01
4.861866512924843953e-01,9.996891481133758361e-01
4.861866512924843953e-01,9.996891481133758361e-01
4.861866512924843953e-01,9.996891481133758361e-01
4.861866512924843953e-01,9.996891481133758361e-01
4.861866512924843953e-01,9.996891481133758361e-01
4.861866512924843953e-01,9.996891481133758361e-01
4.861866512924843953e-01,9.996891481133758361e-01
4.861866512924843953e-01,9.996891481133758361e-01
4.861866512924843953e-01,9.996891481133758361e-01
4.861866512924843953e-01,9.996891481133758361e-01
4.861866512924843953e-01,9.996891481133758361e-01
4.859512168818374001e-01,9.994766298485894263e-01
4.863177680058606844e-01,9.998306320650608425e-01
4.863177680058606844e-01,9.998306320650608425e-01
4.863177680058606844e-01,9.998306320650608425e-01
4.863177680058606844e-01,9.998306320650608425e-01
4.863177680058606844e-01,9.998306320650608425e-01
4.863177680058606844e-01,9.998306320650608425e-01
4.863177680058606844e-01,9.998306320650608425e-01
4.863177680058606844e-01,9.998306320650608425e-01
4.860046929841820296e-01,9.987962575256640330e-01
4.860046929841820296e-01,9.987962575256640330e-01
4.860046929841820296e-01,9.987962575256640330e-01
4.860046929841820296e-01,9.987962575256640330e-01
4.860231020380621492e-01,9.999746832070354197e-01
4.860231020380621492e-01,9.999746832070354197e-01
4.863729862003793869e-01,9.994576460399876572e-01
4.863729862003793869e-01,9.994576460399876572e-01
4.863729862003793869e-01,9.994576460399876572e-01
4.852536190604038735e-01,9.970630055185251139e-01
4.866784477723677393e-01,9.999173967502528182e-01
4.859817959937925980e-01,9.994857726157503341e-01
4.859817959937925980e-01,9.994857726157503341e-01
4.856221684064738198e-01,9.984506675760967953e-01
4.859036719255361292e-01,9.990590127165150935e-01
4.859036719255361292e-01,9.990590127165150935e-01
4.857901721666427752e-01,9.999787124977378427e-01
4.857339541158983143e-01,9.975910160438515861e-01
4.859230949103141017e-01,9.989709263699479980e-01
4.862215613679694015e-01,9.992768182334313964e-01
4.862215613679694015e-01,9.992768182334313964e-01
4.861475070013193123e-01,9.999181750597455620e-01
4.864289533231460072e-01,9.997022584817427671e-01
4.864289533231460072e-01,9.997022584817427671e-01
4.858633083339666259e-01,9.996021935912489109e-01
4.858633083339666259e-01,9.996021935912489109e-01
4.861451918206863287e-01,9.993869107235259230e-01
4.861451918206863287e-01,9.993869107235259230e-01
4.854912332194250557e-01,9.973961662437100806e-01
4.854912332194250557e-01,9.973961662437100806e-01
4.854912332194250557e-01,9.973961662437100806e-01
4.849104683410517258e-01,9.955891648482833034e-01
4.857880498889932674e-01,9.968373995064866433e-01
4.857880498889932674e-01,9.968373995064866433e-01
4.859513355697345216e-01,9.977929241444146724e-01
4.859513355697345216e-01,9.977929241444146724e-01
4.862940258128184978e-01,9.993287133971270331e-01
4.862940258128184978e-01,9.993287133971270331e-01
4.863514601626854894e-01,9.997801322100766663e-01
4.863514601626854894e-01,9.997801322100766663e-01
4.863514601626854894e-01,9.997801322100766663e-01
4.864171878813300376e-01,9.995518461734560489e-01
4.864171878813300376e-01,9.995518461734560489e-01
4.858436199546024570e-01,9.993411324552156083e-01
4.858436199546024570e-01,9.993411324552156083e-01
4.858436199546024570e-01,9.993411324552156083e-01
4.858436199546024570e-01,9.993411324552156083e-01
4.858436199546024570e-01,9.993411324552156083e-01
4.860370512441269386e-01,9.993446417147769933e-01
4.861964285167641453e-01,9.998972291230119325e-01
4.861964285167641453e-01,9.998972291230119325e-01
4.861964285167641453e-01,9.998972291230119325e-01
4.861964285167641453e-01,9.998972291230119325e-01
4.861964285167641453e-01,9.998972291230119325e-01
4.861964285167641453e-01,9.998972291230119325e-01
4.861964285167641453e-01,9.998972291230119325e-01
4.861964285167641453e-01,9.998972291230119325e-01
4.861964285167641453e-01,9.998972291230119325e-01
4.861964285167641453e-01,9.998972291230119325e-01
4.861964285167641453e-01,9.998972291230119325e-01
4.861964285167641453e-01,9.998972291230119325e-01
4.861964285167641453e-01,9.998972291230119325e-01
4.861964285167641453e-01,9.998972291230119325e-01
4.861964285167641453e-01,9.998972291230119325e-01
4.861964285167641453e-01,9.998972291230119325e-01
4.861964285167641453e-01,9.998972291230119325e-01
4.861964285167641453e-01,9.998972291230119325e-01
4.861964285167641453e-01,9.998972291230119325e-01
4.861964285167641453e-01,9.998972291230119325e-01
4.861964285167641453e-01,9.998972291230119325e-01
4.861964285167641453e-01,9.998972291230119325e-01
4.861964285167641453e-01,9.998972291230119325e-01
4.861964285167641453e-01,9.998972291230119325e-01
4.861964285167641453e-01,9.998972291230119325e-01
4.861964285167641453e-01,9.998972291230119325e-01
4.861964285167641453e-01,9.998972291230119325e-01
4.861964285167641453e-01,9.998972291230119325e-01
4.861964285167641453e-01,9.998972291230119325e-01
4.860810024013820230e-01,9.996413757395893329e-01
4.860810024013820230e-01,9.996413757395893329e-01
4.860810024013820230e-01,9.996413757395893329e-01
4.860810024013820230e-01,9.996413757395893329e-01
4.860810024013820230e-01,9.996413757395893329e-01
4.857915741822008138e-01,9.987913779440780182e-01
4.857915741822008138e-01,9.987913779440780182e-01
4.863267090421866112e-01,9.991914758346510661e-01
4.863956901967523283e-01,9.997529828047132527e-01
4.863956901967523283e-01,9.997529828047132527e-01
4.863956901967523283e-01,9.997529828047132527e-01
4.859513104951611595e-01,9.999265608917636827e-01
4.859513104951611595e-01,9.999265608917636827e-01
4.545544361682002377e-01,9.236226976345320860e-01
4.502631248529507246e-01,9.100484404284205908e-01
4.236854108176437150e-01,8.187833299823914501e-01
4.338534875825808546e-01,8.560614985709564806e-01
4.295865728239048331e-01,8.398286791002861351e-01
4.238616498532664090e-01,8.197958203217511342e-01
4.073123199303903541e-01,7.714009669397218216e-01
4.099600190938105793e-01,7.737346082838936212e-01
4.087853667391130319e-01,7.782793317684441048e-01
4.274553439420783474e-01,8.302161359484055980e-01
4.229652370809175443e-01,8.187212272432584648e-01
4.164736149669110432e-01,8.000351863106351935e-01
4.215285197239990733e-01,8.120129306403897074e-01
4.194252871772775615e-01,8.065658992583193410e-01
4.185491949506345288e-01,8.056358464551236498e-01
4.088807659348590029e-01,7.767457124092358445e-01
4.051147086222099958e-01,7.606949812497393326e-01
3.953945189840969987e-01,7.341215637874816125e-01
3.957913394888694647e-01,7.353322368882726501e-01
3.964627767686687010e-01,7.373921869513428984e-01
3.727891434198095100e-01,6.780858866706312993e-01
3.921384658301552140e-01,7.223808890436878016e-01
3.959182599247768053e-01,7.345849394014507538e-01
3.890570100807688170e-01,7.162326551720327172e-01
3.978877990157381195e-01,7.395322477657637616e-01
3.867390715294677372e-01,7.129661589843939717e-01
3.926184479980179831e-01,7.252970467806747479e-01
3.963412447763039470e-01,7.383864983626342582e-01
4.005509144652507070e-01,7.505208478131603078e-01
4.156787192896606586e-01,7.953215141811443845e-01
4.209447475852481357e-01,8.139400302137939081e-01
4.278937912259553888e-01,8.351125818699733916e-01
4.138133180263177668e-01,7.922990311195704516e-01
4.195473568116214191e-01,8.121230191511265017e-01
4.278675606251417518e-01,8.335565421624605564e-01
4.169212058060194903e-01,7.995804456374662195e-01
4.254077051779170948e-01,8.295649570603088607e-01
4.245224215144274282e-01,8.199351427048295893e-01
4.228675454656616872e-01,8.167739920672394405e-01
4.368769860163852492e-01,8.666021377241565071e-01
4.348663859159674905e-01,8.553139287868191110e-01
4.245963225861849044e-01,8.230620245157924675e-01
4.119118993826628161e-01,7.804887494415845284e-01
4.040868777986962868e-01,7.609594528051796258e-01
4.056049078563140897e-01,7.700556077140767730e-01
4.110177956863486082e-01,7.833626574719919633e-01
4.304690518208575956e-01,8.449100225479284632e-01
4.296793732642971153e-01,8.385901268334347014e-01
4.410550707758880140e-01,8.794438202773130486e-01
4.390684642334285459e-01,8.681498159841722906e-01
4.257949069726532643e-01,8.293211592720945990e-01
4.338445518695789871e-01,8.555446936153933146e-01
4.347787007110474056e-01,8.520459757005576229e-01
4.533818939642166868e-01,9.167174035546282740e-01
4.442739100246642647e-01,8.863050644902140673e-01
4.446033100508842151e-01,8.868763783400533951e-01
4.510406768236024933e-01,9.107569098100506411e-01
4.539510751789285203e-01,9.278015517316583471e-01
4.605234030876918516e-01,9.398867639871376634e-01
4.562561805048619412e-01,9.305921599579149994e-01
4.591223595271727853e-01,9.407867623440301363e-01
4.498465317950711140e-01,9.090680988940189611e-01
4.570752677305150447e-01,9.282431782610388593e-01
4.561751227104969830e-01,9.271993194432129881e-01
4.412749700725561164e-01,8.809662907505311225e-01
4.472215010228425269e-01,9.016105064872033115e-01
4.622147891964574207e-01,9.489596304630812940e-01
4.337841906126922997e-01,8.544583536050178729e-01
4.217741254162635789e-01,8.160887643936691749e-01
4.304254872781794194e-01,8.378853204459049131e-01
4.327182305325779632e-01,8.527713449832208248e-01
4.279299429233968111e-01,8.352282694368776683e-01
4.289494879844423791e-01,8.393916534418974784e-01
4.381533450413506170e-01,8.616844357306037150e-01
4.544388105332572425e-01,9.285205246186331030e-01
4.662131398059864984e-01,9.658361472612421172e-01
4.580686107903879645e-01,9.303510819812339516e-01
4.636985100351457834e-01,9.534508294702316311e-01
4.707827964941800891e-01,9.813516857426261009e-01
4.753141763722841806e-01,9.974104825028001775e-01
4.727880748287426882e-01,9.949598824593636204e-01
4.708164485476000194e-01,9.816461027746817836e-01
4.597774545324693207e-01,9.432984214160411440e-01
4.682846208082143691e-01,9.781963559559825327e-01
4.645820444956561546e-01,9.546225410146635948e-01
4.552077615032912861e-01,9.278056096807593134e-01
4.574081045512231047e-01,9.361871935389247668e-01
4.696191290038798094e-01,9.735488256882983693e-01
4.744001471673759407e-01,9.929647614410130885e-01
4.574414882663211945e-01,9.359070452665145812e-01
4.534286005570322686e-01,9.210327059522862569e-01
4.615206133140822287e-01,9.468603449530946792e-01
4.568805987817155523e-01,9.334806956533084898e-01
4.626787974826558347e-01,9.552020949679557171e-01
4.593273328914385667e-01,9.423185705167266280e-01
4.526285468242803312e-01,9.162775551844065669e-01
4.497893144346316596e-01,9.058869139810461490e-01
4.397054785021664025e-01,8.704572731487085768e-01
4.548901295038202397e-01,9.237287516138281696e-01
4.592520982862679513e-01,9.380943476617376042e-01
4.707086087000331709e-01,9.823610866663711194e-01
4.728158043286135870e-01,9.952110227775640139e-01
4.686169419353545806e-01,9.790571226254524140e-01
4.682332601324011856e-01,9.705705310828879329e-01
4.688738542162091405e-01,9.757614756234312958e-01
4.739889141970489717e-01,9.936460418014897433e-01
4.665824850433625270e-01,9.700644588676702318e-01
4.724334118146529815e-01,9.876294921446802100e-01
4.668023463430402975e-01,9.652504346098242927e-01
4.605764798128916815e-01,9.457698543243081568e-01
4.707753018809072709e-01,9.826225772705428074e-01
4.730544390119517661e-01,9.930648336365334172e-01
4.593228770394914839e-01,9.416260030431137240e-01
4.727610246502055302e-01,9.887218063866102247e-01
4.711524098479576983e-01,9.859112679960907455e-01
4.713888838008361004e-01,9.824828756648918970e-01
4.671332120179252922e-01,9.666816243040520229e-01
4.670002121115398031e-01,9.640139176809930932e-01
4.596644310926834009e-01,9.438404159600213283e-01
4.528234193925856355e-01,9.118414406337344014e-01
4.614671861724984336e-01,9.469461059251198520e-01
4.376118085540325331e-01,8.714404720448597486e-01
4.494067617081072274e-01,9.052663966623196723e-01
4.349669560602948404e-01,8.555774991105515870e-01
4.511648293691524203e-01,9.124252814055772154e-01
4.556070385124694755e-01,9.313055135576214782e-01
4.706530429494065193e-01,9.846495604916882805e-01
4.743848920018456372e-01,9.982703767059688538e-01
4.750771167711775322e-01,9.961149307711186784e-01
4.676511809069991976e-01,9.713842539390780129e-01
4.614244515417355585e-01,9.548210202880564879e-01
4.646880603925304110e-01,9.567260647544081342e-01
4.586440239407810759e-01,9.363375883595201898e-01
4.593994165422631282e-01,9.405837017801347288e-01
4.726818121545962037e-01,9.911639243914747155e-01
4.715894675386191892e-01,9.869402697277867009e-01
4.715894675386191892e-01,9.869402697277867009e-01
4.710075951186200038e-01,9.838258334028834318e-01
4.743131218869941490e-01,9.965946248903878590e-01
4.671837909382874909e-01,9.721855285681263448e-01
4.668432510545724723e-01,9.694213257720004639e-01
4.720468516131247072e-01,9.888247132040303145e-01
4.713272052845910998e-01,9.829229639439316379e-01
4.657726685276188938e-01,9.640214273495225639e-01
4.550226433750086952e-01,9.283229422415542054e-01
4.444007547423109994e-01,8.912320022567884470e-01
4.621111279962866192e-01,9.526473901706626890e-01
4.639194946424217703e-01,9.534978723708443793e-01
4.731518814782048055e-01,9.885463917854216964e-01
4.681093023031160927e-01,9.738080182827842934e-01
4.743344288072066650e-01,9.986654822409583021e-01
4.703536817578377605e-01,9.794413195374062076e-01
4.700662850253932157e-01,9.828235993751486266e-01
4.677283129862832012e-01,9.707657467087843495e-01
4.694223646952486173e-01,9.738866593698184415e-01
4.602308024441528755e-01,9.442492670709192737e-01
4.626131237323380940e-01,9.527668924816535823e-01
4.734945392807460851e-01,9.950513477250644279e-01
4.715826792242366339e-01,9.834195858083046859e-01
4.684616445197134493e-01,9.770683570949353358e-01
4.749718314870733371e-01,9.978588148842356675e-01
4.662380774132192096e-01,9.709399680253096854e-01
4.694027467542750132e-01,9.747581427674465449e-01
4.715658897824899776e-01,9.840223784177795086e-01
4.734518513753970259e-01,9.915423733511143922e-01
4.654727921451122241e-01,9.590112348717877433e-01
4.690649380974207250e-01,9.764208058113008626e-01
4.732348081615497803e-01,9.886639649038282407e-01
4.671333604996969480e-01,9.683045122093377755e-01
4.711737017551345108e-01,9.860673037565854671e-01
4.750933033768259817e-01,9.987089193193563474e-01
4.692835054636549375e-01,9.746691980630385332e-01
4.755465400453023350e-01,9.989887263022524388e-01
4.700582225902225630e-01,9.778256237359486125e-01
4.668469507657649342e-01,9.710627911204022800e-01
4.592245680601991786e-01,9.432634135600505010e-01
4.672406809113903714e-01,9.651144522027863548e-01
4.625861172484360129e-01,9.521378896224250710e-01
4.646664914840659688e-01,9.558868671893671065e-01
4.682012203842113029e-01,9.731489036948178795e-01
4.740298813038199555e-01,9.971916542451551013e-01
4.613490304681495124e-01,9.503269269661981378e-01
4.752066387886114684e-01,9.929543026031414366e-01
4.719031680629715009e-01,9.904833458328859974e-01
4.718305097086285538e-01,9.865284329349148784e-01
4.682503409527294935e-01,9.715200541907033083e-01
4.703613082617110197e-01,9.801830674760010353e-01
4.707621968863914264e-01,9.815926614719441279e-01
4.734695100830241254e-01,9.943107656088558954e-01
4.707892881738295898e-01,9.841794614698906596e-01
4.719920555673586815e-01,9.903113624010418947e-01
4.603713854971502872e-01,9.464542456445032004e-01
4.603040798977592329e-01,9.478289189349152766e-01
4.736815390622860500e-01,9.927841728511658248e-01
4.752697067934195108e-01,9.953181195304739992e-01
4.732858942458272877e-01,9.918606100365384703e-01
4.706392067242339272e-01,9.850915798693475889e-01
4.749205449038435001e-01,9.999327864510714203e-01
4.604058527908516663e-01,9.432024177034915580e-01
4.504420309876160378e-01,9.112350590565247987e-01
4.717636444817782659e-01,9.857762470177671155e-01
4.730897601112891149e-01,9.902519898441229929e-01
4.735649222726684981e-01,9.943297405366336994e-01
4.688963148164003170e-01,9.755008242764010573e-01
4.680309836942175283e-01,9.731392724021147300e-01
4.683143826929984099e-01,9.717460112944897865e-01
4.648266145576505637e-01,9.593509054755637866e-01
4.680083870728280471e-01,9.725920015110534056e-01
4.741836060687193433e-01,9.935361334624147611e-01
4.711436889372435655e-01,9.859298467173936986e-01
4.689308762724108126e-01,9.763795090874168858e-01
4.621765491465737452e-01,9.518876689210459263e-01
4.666710175553400175e-01,9.697444318430930021e-01
4.690499005872008631e-01,9.772080753978761303e-01
4.620040032636767435e-01,9.485068332221462395e-01
4.585558477099972441e-01,9.378398178722056056e-01
4.528280141855919316e-01,9.204489616472796287e-01
4.674448022682426984e-01,9.678640824830980760e-01
4.571030656087926025e-01,9.322814105937062834e-01
4.495910002284982943e-01,9.107486858800643015e-01
4.661160950806400027e-01,9.662187386762987051e-01
4.575216122507387850e-01,9.351644768292146637e-01
4.524891793523124761e-01,9.141980250239735151e-01
4.499489453755157742e-01,9.043715379889605277e-01
4.646639048291845708e-01,9.549065907281443222e-01
4.614563953993379708e-01,9.462258025525421834e-01
4.635648622495012194e-01,9.598414883112920126e-01
4.739179682145683303e-01,9.959860543466129146e-01
4.736823861467408525e-01,9.936890886352331975e-01
4.658969202929178488e-01,9.595170600132676419e-01
4.678817496630475747e-01,9.711972656471900001e-01
4.726081382224516791e-01,9.840886019810841656e-01
4.706034405897190354e-01,9.827933710382285026e-01
4.617265768869578957e-01,9.480115351194273732e-01
4.565774234176396829e-01,9.306082503799624206e-01
4.581706750523826255e-01,9.355033530935257247e-01
4.607741439322875499e-01,9.470684384640358777e-01
4.635829446312268454e-01,9.546114982968196827e-01
4.567319276219194424e-01,9.282509146298839608e-01
4.505024259151661492e-01,9.093189928538092381e-01
4.497730910368886725e-01,9.103944646767776483e-01
4.709794796871352718e-01,9.801830638379038785e-01
4.705880232992687429e-01,9.806493964500643257e-01
4.698613893456501378e-01,9.753749793566761639e-01
4.656632913596154832e-01,9.623408263241594041e-01
4.639971694019751070e-01,9.562118632761485992e-01
4.681947252838304374e-01,9.774414644123438078e-01
4.731660163592601442e-01,9.861294447336615976e-01
4.670611878620715696e-01,9.717692055415725338e-01
4.693891600616755255e-01,9.744633346407426400e-01
4.681011476197962651e-01,9.747293346604741782e-01
4.746796175416441166e-01,9.990401906199056770e-01
4.721956572548413611e-01,9.866775737802183643e-01
4.709979283870958655e-01,9.809162810031231139e-01
4.706433737424394192e-01,9.807704714152138958e-01
4.691715114756281335e-01,9.742668881131432146e-01
4.700971044526983667e-01,9.794841637165634385e-01
4.612533346468356554e-01,9.484793763111833975e-01
4.663824861367653063e-01,9.633861989400402948e-01
4.748869938744545438e-01,9.919676729172272056e-01
4.624813282315112795e-01,9.555316070593417033e-01
4.661297387398812275e-01,9.666635219324826167e-01
4.536782448887189956e-01,9.146046124598967708e-01
4.397228059900345487e-01,8.759597160909760039e-01
4.529774887988781140e-01,9.171184824062615926e-01
4.742516764941906993e-01,9.914338059084606414e-01
4.735838630606217792e-01,9.867923848037791767e-01
4.592886516757811455e-01,9.384433159699445692e-01
4.627520907638920100e-01,9.549445423750805295e-01
4.644997797052959898e-01,9.573855927531551568e-01
4.719154754008513253e-01,9.847158982618846590e-01
4.685192136122801054e-01,9.726217060497076572e-01
4.554846205180353436e-01,9.240983863194593972e-01
4.621697939458752069e-01,9.513550805992704307e-01
4.650704721498287175e-01,9.579410686972006372e-01
4.647961453502651441e-01,9.617328934274277374e-01
4.719362079087441875e-01,9.864797192801553205e-01
4.735909011836331173e-01,9.922110300478180767e-01
4.716439282397406618e-01,9.844740295909147898e-01
4.673469518346726193e-01,9.703748777801298742e-01
4.689687184608478110e-01,9.738727348431072128e-01
4.637803662831468388e-01,9.597406329201845221e-01
4.573621806373696641e-01,9.300379167050533136e-01
4.543752880881252176e-01,9.237582836386973861e-01
4.383378283268591913e-01,8.676254867745410992e-01
4.399961583545427546e-01,8.723017765135854251e-01
4.445124462851600677e-01,8.875841416516883076e-01
4.374153830413126109e-01,8.678327086726016493e-01
4.465271829710740770e-01,8.922524471553062719e-01
4.424933944975524280e-01,8.786920829434005098e-01
4.365733202075402497e-01,8.644760659636603339e-01
4.598016357623930239e-01,9.425190344547527133e-01
4.568718447000131855e-01,9.287685203156932356e-01
4.507677480731366315e-01,9.100717192070778561e-01
4.540079004041339128e-01,9.175785964148877039e-01
4.453368958313154158e-01,8.934152830987283078e-01
4.414251821571069656e-01,8.819616922155438798e-01
4.412956781937737993e-01,8.777787269208605636e-01
4.407610099269086423e-01,8.756988312055578039e-01
4.460406181073084952e-01,8.937150345383376715e-01
4.644688194824431182e-01,9.556647150943722302e-01
4.671390674183478753e-01,9.670292567742786449e-01
4.555843649119092897e-01,9.242063191411832301e-01
4.447461678681806085e-01,8.896986293751806274e-01
4.523489224743555415e-01,9.181055385148902959e-01
4.607773149078055464e-01,9.446565231873056412e-01
4.571559107028923541e-01,9.293944630147611408e-01
4.469719139636987304e-01,8.976394547904675836e-01
4.433858001549599304e-01,8.838792794180475587e-01
4.409601801327533988e-01,8.768156503221969933e-01
4.427283182667882122e-01,8.831911786698360967e-01
4.404268069150846232e-01,8.759150410377731788e-01
4.223024586484516729e-01,8.128070333647022805e-01
4.229932838707434750e-01,8.187210337497689006e-01
4.348520663914210993e-01,8.578808751541496802e-01
4.206346536617553422e-01,8.124712407071584819e-01
4.171180397038090626e-01,8.048964666065765439e-01
4.335832587074274214e-01,8.532473331234132763e-01
4.418055510643370543e-01,8.792363169527237510e-01
4.308931792213346879e-01,8.454662135601340722e-01
4.295366312933656672e-01,8.382469746688677725e-01
4.368480358431757749e-01,8.664092876592603965e-01
4.434363771058190129e-01,8.802196301039511006e-01
4.406221174916805094e-01,8.740842328555600282e-01
4.407659429534314111e-01,8.781174140703249531e-01
4.482529432260729529e-01,8.992502348317406025e-01
4.656168896459050854e-01,9.599124137125185641e-01
4.690517412021510957e-01,9.751062536009714732e-01
4.663733695030021220e-01,9.667073697737148530e-01
4.743223412712252451e-01,9.976289612229440884e-01
4.674118152765266432e-01,9.733672170184306527e-01
4.709228576296635160e-01,9.851986032153050576e-01
4.683806634974759797e-01,9.723557876836594893e-01
4.517157306728640243e-01,9.146131298377582208e-01
4.478685284391482613e-01,8.952777042710565736e-01
4.421626881897951500e-01,8.833347942867686431e-01
4.438829142079076528e-01,8.836459646630934195e-01
4.392979333835319022e-01,8.714255306065424866e-01
4.532513424983634631e-01,9.216605997749323098e-01
4.533356658977620302e-01,9.183283434127547107e-01
4.424140456888061568e-01,8.808449513995189051e-01
4.562146699170076536e-01,9.305189187466689216e-01
4.615437824527475197e-01,9.477827394615880863e-01
4.659555117696522197e-01,9.612088804587638480e-01
4.683864293945049773e-01,9.727875072360889774e-01
4.717017414675185871e-01,9.834677727075281650e-01
4.691117962867182856e-01,9.749738770948295219e-01
4.729659797181650638e-01,9.933836524226288267e-01
4.705646670134316367e-01,9.799235167340828445e-01
4.636590859783958352e-01,9.561303879832134811e-01
4.684186027546597964e-01,9.722186358332909339e-01
4.756935045008276464e-01,9.981785480115139553e-01
4.738083986522358959e-01,9.982534989187049623e-01
4.738010911637655642e-01,9.923193229919404779e-01
4.669139094802923773e-01,9.672682692119058956e-01
4.661126376066355159e-01,9.691100569277775190e-01
4.676389404711726039e-01,9.733313285251462554e-01
4.653143150760895019e-01,9.608114659150132075e-01
4.709727055409991814e-01,9.861377993562484567e-01
4.684861733923092464e-01,9.737740635351544993e-01
4.631695194535837556e-01,9.505786575945976979e-01
4.679547416615067457e-01,9.699990940864811062e-01
4.604877213988798901e-01,9.465280949516921005e-01
4.668576249539487244e-01,9.685020978243837897e-01
4.638882054717602399e-01,9.557894504326149843e-01
4.724637308360433718e-01,9.901582637148640398e-01
4.622183865817526272e-01,9.502244311456005121e-01
4.613839091417528682e-01,9.429919865143469027e-01
4.671847564184899437e-01,9.681071393491754717e-01
4.652132068981315038e-01,9.613081063986600450e-01
4.598303676826634989e-01,9.430179156666322893e-01
4.620242984816855247e-01,9.565124565825547931e-01
4.683440777744918848e-01,9.751527567587239265e-01
4.689850233195176910e-01,9.774915046698773313e-01
4.604167398738927552e-01,9.446511431537754078e-01
4.699032239349966722e-01,9.760732221242295337e-01
4.655961058408106257e-01,9.676687463383004673e-01
4.698576879428632558e-01,9.756702197956030886e-01
4.411554543409751949e-01,8.789026006874002261e-01
4.491154246675993500e-01,9.024773975422629713e-01
4.572265524870092190e-01,9.342125204595183030e-01
4.599208967670785353e-01,9.443945907734666578e-01
4.676590258089959318e-01,9.655337042123752767e-01
4.508580599835539382e-01,9.167109827519499543e-01
4.659804590733529484e-01,9.640415877918273591e-01
4.616361798382126458e-01,9.468561708806763066e-01
4.540373600102459717e-01,9.190964289924222763e-01
4.529202960211903828e-01,9.185625274297675169e-01
4.585752905374739785e-01,9.387667779936941237e-01
4.589676050610194680e-01,9.392388664108670682e-01
4.536815933653651212e-01,9.210412196256547723e-01
4.437615080438989112e-01,8.844294764328315406e-01
4.560408863869128693e-01,9.292680915583168000e-01
4.578033851279575961e-01,9.347110688469231210e-01
4.627827161585694737e-01,9.492668831754068615e-01
4.550874218925570203e-01,9.268843539717518398e-01
4.623990305380395460e-01,9.520096780323078489e-01
4.580630115698305915e-01,9.366569147426099251e-01
4.553560171047669747e-01,9.285275775410372079e-01
4.540661511321079646e-01,9.242106193991675989e-01
4.489882171855569259e-01,9.002029906727675446e-01
4.401443193648948982e-01,8.709373355558059915e-01
4.387051140971650054e-01,8.660149981560307797e-01
4.364048656366729673e-01,8.615050045391281497e-01
4.431939066296541885e-01,8.825234933052411579e-01
4.393334349792752946e-01,8.754462118227939182e-01
4.391640609483616342e-01,8.705907453906182036e-01
4.488505634221011120e-01,9.021526479610184612e-01
4.530633281051870687e-01,9.208082266021003770e-01
4.646504034330222743e-01,9.544018541065197869e-01
4.691085421237786712e-01,9.734036271331826251e-01
4.638608792362075572e-01,9.587926284575198910e-01
4.548620253149601167e-01,9.248011676104551659e-01
4.471123565696036861e-01,8.984816381203873936e-01
4.527781624825165663e-01,9.150927806638349260e-01
4.490245178413528326e-01,9.036813493895746729e-01
4.408051698672643681e-01,8.719149705306449283e-01
4.252827928973726967e-01,8.279140595386531576e-01
4.216537527538395946e-01,8.133855387778392565e-01
4.229264263374501454e-01,8.168883328775780051e-01
4.352481514195593593e-01,8.587315120806513491e-01
4.274870088319392969e-01,8.365206876622899301e-01
4.206587854805746152e-01,8.140824277687499499e-01
4.125112123030789668e-01,7.809463280686516073e-01
4.224005237406775470e-01,8.153857636544949994e-01
4.248029979780481580e-01,8.246443946233578126e-01
4.271938285343254704e-01,8.283691585587005246e-01
4.164539033075221330e-01,7.971704104969096205e-01
4.231994362304799528e-01,8.147228616601203122e-01
4.320925541411548276e-01,8.479731067511716569e-01
4.366659834389786665e-01,8.633603560271717603e-01
4.656304575950739877e-01,9.661841999151139504e-01
4.632663794531832191e-01,9.562502673112480700e-01
4.622432323860576342e-01,9.449636005732979793e-01
4.577902109044495460e-01,9.339887527649958221e-01
4.484446768411821660e-01,8.986085503379337425e-01
4.354112676242319346e-01,8.606413066799754041e-01
4.458968826096922355e-01,8.934722773066046120e-01
4.468874354695344664e-01,8.948826500937796524e-01
4.562446897821439418e-01,9.272384068401691160e-01
4.751757383389922373e-01,9.979397673689276438e-01
4.677258335854065918e-01,9.699507972616620011e-01
4.714447146984578896e-01,9.807936598541979745e-01
4.656292793063713242e-01,9.658182530729911841e-01
4.720426463782750881e-01,9.857796435537383717e-01
4.650693793632597606e-01,9.606940941381832966e-01
4.644834218765753198e-01,9.564913176961358232e-01
4.606637847307309963e-01,9.430882894363277202e-01
4.723065098786065619e-01,9.853750499744375890e-01
4.693339455125131177e-01,9.754021863384482183e-01
4.740485548585301467e-01,9.986196186281854903e-01
4.648912940887174883e-01,9.598823766677200275e-01
4.695633490287047795e-01,9.780991836133393624e-01
4.750807387277669047e-01,9.973738996478239693e-01
4.673407836450202413e-01,9.679527059838312075e-01
4.631065644865347553e-01,9.560650513321193866e-01
4.477016891438839186e-01,9.005099904452803505e-01
4.652031267280588023e-01,9.632533859342301552e-01
4.527761205537256251e-01,9.183605188606441816e-01
4.611485851794313029e-01,9.439120473767017572e-01
4.489610632831229631e-01,9.031194654447328718e-01
4.509377273301121147e-01,9.094663901474348000e-01
4.518431081543834993e-01,9.111668046574330493e-01
4.317636027034089108e-01,8.504979714168287019e-01
4.284990313949953999e-01,8.348418926915266436e-01
4.229231249491320344e-01,8.182137326663555532e-01
4.410351146773232589e-01,8.774251769940744072e-01
4.459223403076773562e-01,8.945053907290310136e-01
4.196564995824896838e-01,8.094857537284054771e-01
4.215285832277229638e-01,8.135316534429213320e-01
4.160774976145288351e-01,7.943353595696841518e-01
4.121114250035733395e-01,7.808520754398441399e-01
4.133802816362794341e-01,7.899584907107033427e-01
4.236094919345349541e-01,8.176837801656259286e-01
4.469349979489198876e-01,8.989377430246316969e-01
4.512797698470074059e-01,9.163275377740928151e-01
4.553204664955118885e-01,9.266343586564015355e-01
4.487039191339019517e-01,9.064536880428899490e-01
4.595831431090049990e-01,9.409420290156368383e-01
4.431840170278629754e-01,8.858562741155886489e-01
4.621179147432883383e-01,9.489975202063331006e-01
4.647480017887281045e-01,9.612276435834764543e-01
4.673641379529563933e-01,9.697501103721284377e-01
4.684699729883558539e-01,9.706971642921249366e-01
4.720690441943641846e-01,9.846638863145621423e-01
4.722499028476535576e-01,9.923965854983365364e-01
4.753115699028730434e-01,9.978922528234922540e-01
4.753115699028730434e-01,9.978922528234922540e-01
4.679751210184619481e-01,9.731713208642552848e-01
4.739213570275112031e-01,9.940706625040987010e-01
4.754851042168333208e-01,9.976631914952034386e-01
4.751398220437611508e-01,9.993630498958276931e-01
4.733291942106897521e-01,9.940838333072317123e-01
4.716627046971637593e-01,9.866567774240357913e-01
4.681218434696962083e-01,9.753454392579483656e-01
4.661172854686800315e-01,9.670717410575144779e-01
4.568411218334818558e-01,9.318172362716701240e-01
4.619795208752302540e-01,9.520888070123870728e-01
4.680356378389398664e-01,9.714348947767503795e-01
4.566708181089242369e-01,9.295095403196054207e-01
4.569424859142553474e-01,9.340310944789973480e-01
4.487434155995300156e-01,9.050139721394935277e-01
4.547044069313193604e-01,9.198589668787430229e-01
4.588975487311980350e-01,9.373001745304605503e-01
4.477067139380601635e-01,8.986316182355218452e-01
4.394480569783981716e-01,8.722575354760198074e-01
4.411753063974055977e-01,8.828326375007229387e-01
4.539727394847453135e-01,9.184460659154615181e-01
4.596551974466950852e-01,9.412961293357627879e-01
4.724764540130965140e-01,9.872151338470402937e-01
4.727700074325242308e-01,9.917053688557511126e-01
4.742939165556517289e-01,9.918611796537564196e-01
4.738342339586735230e-01,9.958626931842368135e-01
4.690590065463674518e-01,9.732996755746188278e-01
4.648749047477148122e-01,9.601484468169635411e-01
4.691714608520973218e-01,9.721754857028029884e-01
4.651050381349975948e-01,9.587333539028770613e-01
4.759217861963823126e-01,9.979869145662951802e-01
4.668037745539264094e-01,9.632907341721934635e-01
4.650091256896652925e-01,9.619035121264339905e-01
4.740663659800910534e-01,9.924415454963179117e-01
4.746968026706826493e-01,9.987451748392175421e-01
4.736444602117953484e-01,9.917849606674047358e-01
4.725868512116531694e-01,9.886919763934710614e-01
4.707188665799307281e-01,9.824234309500439188e-01
4.738728444898583914e-01,9.970239215653639020e-01
4.694917540369075715e-01,9.752680912472513342e-01
4.656903994301900829e-01,9.619960515203395124e-01
4.616982246399758405e-01,9.498614315314446443e-01
4.745599328211030921e-01,9.929565940735493035e-01
4.737878771035137770e-01,9.925841229766165785e-01
4.707939420885441928e-01,9.807421309811485965e-01
4.686353179867707164e-01,9.712518893249584284e-01
4.610801689485148902e-01,9.479863012110960607e-01
4.567565761036451177e-01,9.301137514751690594e-01
4.551533008011566239e-01,9.263020170879423532e-01
4.692434365210964020e-01,9.753807104711449405e-01
4.662562020461384904e-01,9.639874631070920463e-01
4.642453504545418497e-01,9.573225514534671188e-01
4.634800043608993114e-01,9.577313326389336190e-01
4.692075986353252404e-01,9.749772796879371262e-01
4.668894664680641737e-01,9.702028751656563976e-01
4.709099813471114282e-01,9.817044635628322524e-01
4.585569637796067521e-01,9.405098049514477587e-01
4.447919708500029934e-01,8.896625566592976098e-01
4.486576144928838272e-01,9.038416806613016607e-01
4.393931800834138257e-01,8.717644045961463473e-01
4.340658521578174001e-01,8.548687038379896297e-01
4.380798350042044986e-01,8.634419073414741908e-01
4.332876954437546169e-01,8.510413505622888009e-01
4.355824172167419572e-01,8.592100755270392076e-01
4.337842921047729283e-01,8.545955724227199957e-01
4.397261886255778296e-01,8.765362969549554961e-01
4.523013277707231827e-01,9.131253141097301906e-01
4.480704611487088540e-01,9.018850047667377190e-01
4.476605527126580331e-01,9.026413935856755222e-01
4.314950792638715393e-01,8.446107582349233756e-01
4.293870811208335692e-01,8.392358406991854425e-01
4.228484534690640784e-01,8.138270719410326537e-01
4.280460543045729871e-01,8.349351631327684986e-01
4.418111494838711240e-01,8.800680156317127745e-01
4.391220112475386905e-01,8.728707352374420747e-01
4.499862084512071259e-01,9.071524420684435874e-01
4.593843207857927213e-01,9.410868750833730756e-01
4.667826873673865395e-01,9.667405548416913019e-01
4.697111114111632291e-01,9.774774624733530981e-01
4.641727799339978033e-01,9.552911236664224370e-01
4.629971818601051337e-01,9.480119527730606066e-01
4.564507410534054954e-01,9.306342340737601138e-01
4.453361013892210285e-01,8.882045646048044585e-01
4.362053264230683070e-01,8.598182155592549725e-01
4.378223353617521907e-01,8.646490491399482226e-01
4.421204603231019270e-01,8.802161315625308680e-01
4.465183691948595990e-01,8.989766501445290992e-01
4.346760666619808866e-01,8.575239076759674228e-01
4.375187206872028223e-01,8.614774733134136220e-01
4.241976832888611493e-01,8.248280053774449394e-01
4.534343146967411142e-01,9.121644226320142490e-01
4.490174661186328020e-01,9.028082779397857971e-01
4.549440497839454256e-01,9.303846824697206142e-01
4.524749945422225084e-01,9.185841954709570434e-01
4.686593445484773524e-01,9.730752489618188505e-01
4.706573077097259694e-01,9.808329972879412662e-01
4.707660665111368936e-01,9.804931031498099747e-01
4.688580113232229118e-01,9.769618625268660095e-01
4.684866175085026785e-01,9.773621390719928748e-01
4.705954898395995900e-01,9.815510036395299620e-01
4.735129158813724537e-01,9.965090304002905963e-01
4.664993974756704853e-01,9.658790044401723840e-01
4.690567771474299930e-01,9.790249326982266576e-01
4.697472250742595334e-01,9.783081211565695101e-01
4.529153366411136084e-01,9.166164544876325149e-01
4.507513862464796461e-01,9.081499470945858521e-01
4.367268612128216709e-01,8.671636042110867360e-01
4.251752995015762315e-01,8.244904805093197231e-01
4.286539468866136238e-01,8.341222133889349966e-01
4.475828497358019797e-01,9.015362317689532556e-01
4.461303541323988764e-01,8.942509008640168178e-01
4.487364522999833238e-01,9.032046311513055592e-01
4.578853217228543993e-01,9.311502356144228942e-01
4.677384188383357233e-01,9.724309986667143413e-01
4.726754618618573822e-01,9.871541805595478447e-01
4.645195343032010871e-01,9.588700982714242205e-01
4.741071046826407231e-01,9.956045993001150229e-01
4.629813694961535941e-01,9.500797263495160960e-01
4.630627545460348493e-01,9.544373969135374614e-01
4.574923631361240139e-01,9.320034279926032728e-01
4.690593435601974059e-01,9.766203114939503438e-01
4.724523870761270783e-01,9.891309775713197361e-01
4.640707740894801647e-01,9.552889940568873861e-01
4.727776152141556221e-01,9.897691202229923491e-01
4.665665860588309455e-01,9.666946070414632608e-01
4.700306113123299268e-01,9.833981733465084751e-01
4.685940140698259260e-01,9.722274525501909404e-01
4.754929686822836343e-01,9.980112151978884905e-01
4.694497185408914031e-01,9.808531643373850084e-01
4.622244120022485636e-01,9.538737630266977963e-01
4.559199429937089709e-01,9.241457756246365118e-01
4.659220395422952188e-01,9.627204633036396952e-01
4.723037662046822849e-01,9.888888090841252421e-01
4.612086486779083949e-01,9.474043009190846742e-01
4.631246490143497430e-01,9.559772265216363030e-01
4.460287340763584019e-01,8.969824452808188298e-01
4.428063723927337936e-01,8.890210121047588121e-01
4.387658422823715321e-01,8.695440050521019426e-01
4.417128348171345253e-01,8.801677257349511674e-01
4.357311600747825753e-01,8.602471502603397102e-01
4.325397911088332270e-01,8.465584835145022469e-01
4.239726308038838098e-01,8.204779359761437130e-01
4.181859214440979411e-01,8.010969029842183176e-01
4.117721563948883445e-01,7.808107756459586879e-01
4.207004187380946059e-01,8.117669279258012960e-01
4.238347705571199886e-01,8.224631922333839329e-01
4.193160673394089599e-01,8.086818871577848844e-01
4.220824312390793476e-01,8.161660116491977757e-01
4.332048982581089835e-01,8.511883541559990274e-01
4.312412453565001580e-01,8.439705809514633783e-01
4.354335734648639988e-01,8.567392985902873015e-01
4.269911161719085468e-01,8.286184694555274177e-01
4.372584235645478046e-01,8.635549064645617889e-01
4.513933380635992143e-01,9.111240967213903863e-01
4.711105207775859172e-01,9.814415020667764944e-01
4.589500496378918770e-01,9.429105107140097752e-01
4.580972147406511263e-01,9.380865831499461960e-01
4.436874980914158328e-01,8.839579485385422597e-01
4.405702581313987176e-01,8.743745194060871251e-01
4.390193943677687671e-01,8.700267810658505185e-01
4.393103619694045947e-01,8.727310118851903109e-01
4.340756650578933562e-01,8.587401451963456722e-01
4.431406012806336503e-01,8.829230518024309138e-01
4.312588061535678752e-01,8.456381647659699796e-01
4.398781748546579662e-01,8.728429645043300766e-01
4.349976712935744172e-01,8.608317312825367607e-01
4.294558784739941903e-01,8.410521920907227944e-01
4.249910532500595917e-01,8.225897329316251838e-01
4.251768041861879732e-01,8.262314993561993282e-01
4.155129344486840348e-01,7.950760098113884844e-01
4.300854676923141495e-01,8.387142924611612482e-01
4.132755292769240696e-01,7.871008714173879373e-01
4.053970981412454155e-01,7.651087026253472478e-01
4.154880411124616812e-01,7.987414855364363131e-01
4.216246804948877713e-01,8.135090391192174586e-01
4.302388441883706616e-01,8.441319469286916455e-01
4.275995715822081267e-01,8.301751069482062872e-01
4.311623544496003269e-01,8.423527527517694624e-01
4.318814786804260342e-01,8.489700257537808881e-01
4.315472910840759124e-01,8.467668059593983498e-01
4.379818335396275519e-01,8.671447463266708233e-01
4.500935715406934601e-01,9.068277541785089158e-01
4.574797029544195315e-01,9.359311208421371431e-01
4.617645728608220645e-01,9.446126550335296468e-01
4.577529310325013645e-01,9.365599822799566265e-01
4.585245638747003083e-01,9.393261491807082253e-01
4.614697657722758861e-01,9.453366435327988926e-01
4.680507907375996424e-01,9.734380572482945748e-01
4.664950416040284376e-01,9.656056130224258682e-01
4.681400220124002920e-01,9.675344718080637341e-01
4.706280683625198025e-01,9.845461975988150094e-01
4.707385939179069001e-01,9.847045038561860197e-01
4.696240806089097553e-01,9.783038449771164213e-01
4.734540481482522045e-01,9.919444518565025959e-01
4.624984024284697903e-01,9.548389695783376929e-01
4.657529062074539650e-01,9.647335200548087242e-01
4.628558486027535834e-01,9.524236967097091666e-01
4.661104516304597767e-01,9.630613677538184536e-01
4.696599744097149087e-01,9.765218155313919457e-01
4.687597116509900075e-01,9.756339604143202671e-01
4.692214964888357098e-01,9.789422415775352881e-01
4.516734003894685157e-01,9.145109034491674116e-01
4.558733335910397644e-01,9.286437178481575794e-01
4.529443053276712705e-01,9.218276136810781285e-01
4.501837401504044656e-01,9.077218967962827900e-01
4.470638166030183602e-01,8.975536431370888524e-01
4.478311992057199542e-01,9.011109639905113822e-01
4.324390173049284525e-01,8.452570180772087660e-01
4.205471116200853454e-01,8.076713571466944686e-01
4.321342569393726851e-01,8.480516472175706477e-01
4.266224228297325061e-01,8.282608268075470903e-01
4.194180380207966352e-01,8.076815384197427727e-01
3.902032269467335390e-01,7.213929690306914999e-01
4.639574988235320441e-01,9.611461935001873735e-01
4.534402126188583626e-01,9.218990143012535388e-01
4.533917477302422117e-01,9.213667167260787272e-01
4.530752163716277314e-01,9.188683389760673448e-01
4.623755344036871162e-01,9.483681852809320301e-01
4.723709364681374367e-01,9.888895744215790984e-01
4.702976276374347120e-01,9.777305166075129783e-01
4.709445355809459000e-01,9.847616113594397369e-01
4.740872906045768831e-01,9.964912894366584339e-01
4.740627922574231490e-01,9.902233661523908159e-01
4.725208936636892676e-01,9.903765125683497983e-01
4.737032695505863922e-01,9.925914184870221479e-01
4.701787854373208897e-01,9.826466001747907741e-01
4.610266811207416326e-01,9.516845815844927614e-01
4.663211343300655565e-01,9.668523069472514386e-01
4.719313588892615208e-01,9.867232872602498261e-01
4.659406034307752020e-01,9.631642062409623284e-01
4.645146110985302057e-01,9.612172311721782769e-01
4.711056201282197153e-01,9.859469395250515245e-01
4.719788960093764807e-01,9.840499345604146741e-01
4.734766569039494666e-01,9.905276158831900490e-01
4.723549634956993870e-01,9.874092291086370432e-01
4.697948363548377637e-01,9.813002002360744491e-01
4.724044786227399317e-01,9.887196511555562672e-01
4.693237282572420010e-01,9.790611456443115701e-01
4.561477889186713042e-01,9.309026699000330085e-01
4.551756108606914153e-01,9.248711064300136897e-01
4.554683357722191239e-01,9.253118584671370384e-01
4.664888661861601449e-01,9.680452603145318635e-01
4.682623988025017558e-01,9.741547628104705314e-01
4.649969193164324999e-01,9.615632581564154124e-01
4.662504439365667275e-01,9.672971859563753716e-01
4.739514329524913139e-01,9.958668851849237225e-01
4.652592628239004546e-01,9.640781983404077549e-01
4.636341749850831362e-01,9.559936791117639165e-01
4.531658106746802583e-01,9.169509508635040884e-01
4.603662380168616619e-01,9.444138014738017173e-01
4.611607779928904027e-01,9.464567307789404360e-01
4.513903310932220747e-01,9.117571378895520384e-01
4.480764760787277479e-01,9.019491014251225236e-01
4.609680820739103790e-01,9.465517016670123018e-01
4.502594991590790352e-01,9.044373480548645317e-01
4.516373183636010480e-01,9.115635516553564077e-01
4.518385445941427436e-01,9.177029316027378592e-01
4.482716245011797440e-01,8.978292146498756399e-01
4.355034001492050777e-01,8.654237766970798162e-01
4.221798959553059727e-01,8.189401738699173539e-01
4.232387297316651531e-01,8.220779018456947362e-01
4.358213156345264738e-01,8.628408078557644467e-01
4.367626448223996816e-01,8.680462410190095124e-01
4.245948011283301460e-01,8.266626307911508764e-01
4.145070428088800107e-01,7.927427663880330932e-01
4.160953396570057361e-01,7.974185371374022946e-01
4.177922628878972255e-01,8.003807822423385510e-01
4.182694291618649918e-01,8.063010690217272680e-01
4.237000764393035745e-01,8.222554073806036534e-01
4.235894730943265962e-01,8.213139307429913050e-01
4.192397777981264895e-01,8.055841578878485398e-01
4.312356815264770660e-01,8.431008415656947586e-01
4.312040011506783621e-01,8.413858576751972462e-01
4.206572448942953457e-01,8.123748057277956347e-01
4.211950034256324860e-01,8.169168925557296346e-01
4.170330220222875361e-01,8.010293341850939219e-01
4.025604384229187205e-01,7.570270595293745464e-01
3.943381016395339778e-01,7.330892738037204648e-01
3.875442159827953148e-01,7.115393265294570613e-01
3.837728480410991794e-01,7.015114005549051290e-01
3.761592114289678546e-01,6.825758924361807756e-01
3.561777024143728543e-01,6.299058756088153910e-01
3.667086249630406858e-01,6.572316652212291110e-01
3.880797163779931003e-01,7.131153753560832698e-01
3.862728852574427441e-01,7.089217991222672710e-01
4.023818047052685754e-01,7.560401384996577878e-01
3.974282326924422626e-01,7.373182559004591852e-01
3.860413110140430426e-01,7.070093159534134308e-01
3.747064388582399541e-01,6.797738738316577711e-01
3.856595617708189483e-01,7.054324457762310985e-01
3.795405505794976486e-01,6.912287782024237881e-01
3.820617023884146368e-01,7.005594526550178447e-01
3.918550982911307989e-01,7.249957650726888136e-01
3.906632523384330202e-01,7.225037055869076852e-01
3.889550786407491301e-01,7.171558520756556865e-01
3.791188556529276887e-01,6.893863170924668937e-01
3.662999746882853458e-01,6.551633151185125570e-01
3.719782247354428972e-01,6.693930995204238066e-01
3.881013571161831543e-01,7.111929336521382039e-01
3.803195924881608847e-01,6.920161628566221523e-01
3.904766370465515557e-01,7.188194718361713420e-01
3.853458469067633785e-01,7.048281641954803334e-01
3.872123048607858387e-01,7.120992436213969823e-01
3.847052347711416020e-01,7.030418462786033329e-01
3.960226332451559639e-01,7.386167848249868273e-01
4.023061031606948723e-01,7.546336566888062203e-01
4.030201928539359213e-01,7.562290327299950876e-01
4.047759583018337715e-01,7.651251043104401184e-01
4.061261768872329037e-01,7.697592456804660532e-01
4.186792598763676154e-01,8.047529437478107006e-01
4.405892630030227575e-01,8.705123075025995583e-01
4.506391303493438860e-01,9.154526970558769516e-01
4.543176902164269837e-01,9.210184790065233384e-01
4.412672571300116919e-01,8.799310625849808831e-01
4.608811102608356691e-01,9.432153933548929059e-01
4.610085779133491490e-01,9.556077593175501539e-01
4.760894713678645029e-01,9.991224656238627544e-01
4.641505696739127163e-01,9.601445808235792301e-01
4.546581875673580408e-01,9.241659825416476126e-01
4.670718821843941604e-01,9.684505852731570830e-01
4.725337802834008172e-01,9.938657187865136411e-01
4.640113914705105702e-01,9.557685064513231632e-01
4.563044581282419965e-01,9.285746799456410239e-01
4.465403083927887429e-01,8.964284227788666959e-01
4.475710092082586522e-01,9.009160794519052162e-01
4.543087361198058782e-01,9.283533926231363198e-01
4.449633938535190181e-01,8.877006402129786755e-01
4.540577887217430164e-01,9.209067119447151839e-01
4.488490836663247552e-01,9.045193248077993964e-01
4.422314643343407958e-01,8.829186522361330836e-01
4.509480784111531415e-01,9.129288228153148443e-01
4.575416315694731950e-01,9.329570826681071738e-01
4.505175671996565767e-01,9.108922721052642446e-01
4.603287199103489602e-01,9.500320602207432685e-01
4.729352343907035072e-01,9.901074028428313856e-01
4.624068526967891057e-01,9.505729653504758625e-01
4.682862557980254636e-01,9.730776538134472409e-01
4.578137760170710724e-01,9.323683820011701151e-01
4.427855572993955047e-01,8.776538842180600097e-01
4.315218941862549173e-01,8.480670121631752600e-01
4.337191048753533673e-01,8.536245792866558046e-01
4.394261852324061746e-01,8.719798215069329839e-01
4.386597356947104509e-01,8.665101016294610714e-01
4.436613090975396467e-01,8.850118568731482060e-01
4.452510847201414101e-01,8.906472912717079415e-01
4.398743597736245459e-01,8.773309407673235416e-01
4.546158802992000814e-01,9.270629151951291780e-01
4.666123358355837025e-01,9.679405586955273089e-01
4.732755476369739922e-01,9.929861273014326528e-01
4.702965064572634524e-01,9.821219586009904967e-01
4.755944814196868542e-01,9.996408679432489119e-01
4.747821174908881114e-01,9.988859600721812226e-01
4.629006425834893412e-01,9.552276148980621828e-01
4.671094480922730607e-01,9.721315125586798001e-01
4.606290133909353157e-01,9.498449115652208841e-01
4.687416897894842727e-01,9.717118393729832215e-01
4.586903894077953847e-01,9.401952388427228247e-01
4.497116567676189836e-01,9.086542785514282183e-01
4.558428001773879301e-01,9.240512527988589131e-01
4.515641398213599000e-01,9.118034490378545964e-01
4.459625835567642693e-01,8.965411792719990558e-01
4.532186013952709813e-01,9.214268993621147485e-01
4.552189527283060921e-01,9.241698733103140828e-01
4.628423062553481682e-01,9.536588276620484583e-01
4.543580179474883685e-01,9.233044395180681763e-01
4.398996826916554137e-01,8.778607396678959063e-01
4.291509752937431310e-01,8.346778905284543137e-01
4.076448133193882883e-01,7.754998076795222017e-01
4.171032181432816066e-01,7.994464188437006014e-01
4.146925170498839686e-01,7.913240509371691767e-01
4.173681569367558852e-01,8.048677499430484383e-01
4.154328326158779894e-01,7.977132428036103340e-01
4.078243482322012059e-01,7.711210696072984261e-01
4.120220515410475959e-01,7.830301410298157183e-01
4.082670368797731153e-01,7.697342700765179568e-01
4.204695939176893438e-01,8.088395803876580192e-01
4.277516079099605295e-01,8.336067531536062170e-01
4.302290262981547930e-01,8.449146048116112917e-01
4.315893845822024177e-01,8.436399335261631771e-01
4.287979319942403778e-01,8.361259064242588801e-01
4.353696518981953756e-01,8.567050115724611503e-01
4.413272727516588390e-01,8.778107214433613636e-01
4.481990198042735685e-01,8.997747406759143418e-01
4.568884218484681736e-01,9.368655693610223878e-01
4.582480155332573912e-01,9.348603695828981985e-01
4.529403464032760729e-01,9.198865971382597095e-01
4.494600127317217586e-01,9.103757210506598918e-01
4.342005665440907825e-01,8.532521206160817995e-01
4.308989030426940703e-01,8.410392171679423878e-01
4.382090487497579678e-01,8.703173620782693742e-01
4.411221309479257391e-01,8.769349825419362476e-01
4.471788563194344923e-01,8.970895384012035345e-01
4.447932730809184276e-01,8.934480643671296463e-01
4.359344343502670194e-01,8.554045457462402524e-01
4.367075309067369737e-01,8.618509573202532970e-01
4.560610839052834931e-01,9.260831658491729401e-01
4.573744095696764544e-01,9.307696457278594737e-01
4.559992663397469115e-01,9.265590808169581472e-01
4.657156036370734831e-01,9.643858011737723723e-01
4.692395014226554695e-01,9.706594462893148867e-01
4.552342676678189370e-01,9.247736821527868800e-01
4.592737787996865606e-01,9.434144476306093319e-01
4.538353296652167801e-01,9.252436754995616575e-01
4.404401720009779031e-01,8.747880688831750629e-01
4.491829214112467161e-01,9.018773660422142457e-01
4.531737635325592817e-01,9.197080534552808384e-01
4.652994570040597799e-01,9.609092987515246431e-01
4.403264927554713659e-01,8.798987509598509282e-01
4.532334486765294268e-01,9.195172309831215474e-01
4.491842577165326422e-01,9.071010003347695916e-01
4.469303835798907887e-01,8.941449574334917605e-01
4.381720668010738451e-01,8.663039574339080895e-01
4.387267091126863527e-01,8.684386060757459669e-01
4.717071018759535495e-01,9.861086499090646607e-01
4.739468970405356085e-01,9.962945179091199366e-01
4.623447849163321299e-01,9.533626619363010368e-01
4.691367710905287591e-01,9.761801453322153099e-01
4.678348850198362219e-01,9.665223944036283044e-01
4.634105697405311308e-01,9.547438303865888320e-01
4.570919229312997434e-01,9.327615658318169078e-01
4.576624559522393665e-01,9.340060057186302389e-01
4.697639104695079393e-01,9.815223129176920969e-01
4.690593247942578259e-01,9.774473988332048613e-01
4.741622532017784608e-01,9.908381289101815259e-01
4.722790376189229811e-01,9.864834035121856637e-01
4.674310595957069103e-01,9.657838186467602171e-01
4.643079054712915266e-01,9.654159316827770621e-01
4.641527169612840731e-01,9.532143705565957470e-01
4.720274539620085141e-01,9.874802082058227182e-01
4.622335591357279450e-01,9.496659705707766186e-01
4.746935960055471693e-01,9.972124626536835734e-01
4.750773158570523735e-01,9.977501506508682505e-01
4.708430716774024138e-01,9.772089390059230940e-01
4.721355936195311687e-01,9.878318329960492639e-01
4.737666717346375456e-01,9.939289683161393052e-01
4.711141775924275188e-01,9.845010933178839352e-01
4.724322301511271194e-01,9.904285234297739438e-01
4.664072268018314982e-01,9.655875843447951912e-01
4.685656041801304350e-01,9.737672510352511912e-01
4.610257200478719009e-01,9.495673794166943349e-01
4.707396823158588317e-01,9.840116883991056884e-01
4.701828546738449077e-01,9.834246867291344119e-01
4.605238566502091735e-01,9.509557426640546929e-01
4.517613968360090215e-01,9.134648065843730125e-01
4.686461468150655563e-01,9.748850036302907363e-01
4.677192296316901032e-01,9.673539303346646578e-01
4.628601850206049417e-01,9.528421853921853479e-01
4.748073654116714559e-01,9.972862505780032416e-01
4.606701591246392113e-01,9.472961085579348905e-01
4.691586092649063788e-01,9.771903720573433816e-01
4.723433565104805942e-01,9.857288693960987169e-01
4.612393060553743318e-01,9.438277469721956248e-01
4.595803909055602987e-01,9.404655841353741774e-01
4.477410061176568812e-01,9.003917092372345499e-01
4.432628645723815097e-01,8.845189569593263634e-01
4.415850295954850679e-01,8.750546593600582179e-01
4.310181982136332968e-01,8.399400399032349585e-01
4.357936631995056875e-01,8.597479003433127209e-01
4.355152309090427609e-01,8.578080754068680980e-01
4.389238759290890468e-01,8.721315827920114172e-01
4.343893679510759664e-01,8.540391380420128131e-01
4.513363546407000437e-01,9.142100760864058095e-01
4.557839412745344765e-01,9.302067542534774303e-01
4.374471590792391451e-01,8.671537833889347846e-01
4.389243230622809633e-01,8.728849215548787344e-01
4.428691751101129226e-01,8.844227603560174122e-01
4.372433905423964706e-01,8.655852871360152356e-01
4.312352537640730676e-01,8.451925097021487643e-01
4.390379060118008159e-01,8.745799067957076289e-01
4.424838604176216661e-01,8.783570909546328798e-01
4.280241663109707884e-01,8.328709979699044919e-01
4.478546195257548934e-01,8.949348104069426713e-01
4.572636066656456943e-01,9.380873678283833117e-01
4.638162874888580034e-01,9.561945323844927014e-01
4.680556834497601182e-01,9.712877512775670574e-01
4.648909209834098943e-01,9.588075308423164023e-01
4.722414195721904018e-01,9.875004710164743127e-01
4.667146133571968281e-01,9.653115888212885354e-01
4.693896123344822868e-01,9.787147009700766231e-01
4.749273331117718211e-01,9.960348598328524483e-01
4.731843767741249485e-01,9.950076852418655582e-01
4.707721822761050112e-01,9.857714286864316389e-01
4.693074172293670299e-01,9.790577404352087676e-01
4.740636055004608940e-01,9.937564371281341069e-01
4.703039685336727338e-01,9.797469798525307860e-01
4.685079473850885523e-01,9.796241880662268642e-01
4.698639729991908043e-01,9.831126103665596139e-01
4.594688289530693415e-01,9.409325155163594800e-01
4.516246932438389150e-01,9.187315980975562235e-01
4.708330112519502619e-01,9.854726966835756219e-01
4.686673777551895181e-01,9.766784257781890854e-01
4.742544307317352881e-01,9.983975054274205618e-01
4.744400064019260177e-01,9.959434032338104759e-01
4.681992157256061882e-01,9.734935525243882948e-01
4.755074688217656442e-01,9.956818108943503720e-01
4.755251700821947480e-01,9.966918545299866539e-01
4.716996263707591286e-01,9.869152388390064479e-01
4.737854216835812315e-01,9.951721169662004485e-01
4.632507824050094425e-01,9.514548617306612943e-01
4.666795271196007566e-01,9.747307066487780336e-01
4.741568116357320339e-01,9.963817222074502489e-01
4.659025571960165313e-01,9.636917921876018145e-01
4.632363741036915616e-01,9.543500369694652985e-01
4.493721493357230590e-01,9.041424989284784219e-01
4.456787384031552501e-01,8.894031218652757032e-01
4.492048819606325183e-01,9.084719310632083378e-01
4.492120493473145681e-01,9.057147508796152824e-01
4.486647371408255536e-01,9.050336397257380261e-01
4.447674136962745384e-01,8.874493797074464174e-01
4.564542749290051438e-01,9.291173177763064617e-01
4.587618555666884701e-01,9.412866191220804479e-01
4.600448407655875482e-01,9.460377715364108875e-01
4.605722980733104044e-01,9.446309843596502054e-01
4.721884905636469787e-01,9.829660784908711424e-01
4.660471709289145670e-01,9.616880712346671523e-01
4.714737420787740718e-01,9.766216252415420573e-01
4.612149063395808990e-01,9.454450434315747609e-01
4.605680224746973583e-01,9.401185577988934172e-01
4.684093551469841743e-01,9.678296421612037070e-01
4.740445703421692913e-01,9.891665886112489536e-01
4.729425891451825015e-01,9.875123484162429133e-01
4.759774845626718598e-01,9.980785574221850975e-01
4.701639908924196143e-01,9.763449540892621403e-01
4.704781203151880420e-01,9.772691144724510171e-01
4.694130459754700113e-01,9.711049578640293944e-01
4.730852275809890872e-01,9.855786921967838454e-01
4.754876833542067138e-01,9.934337726469204544e-01
4.730439464055488652e-01,9.862302523972177326e-01
4.761524344713891077e-01,9.985765314578350926e-01
4.751155457526773929e-01,9.917517883837114745e-01
4.745275816264434843e-01,9.939480377791720667e-01
4.734473557580091141e-01,9.903103940930072513e-01
4.747199741836746201e-01,9.920650532613427552e-01
4.726155726352856967e-01,9.859011489650642002e-01
4.770663028518055682e-01,9.989721365552517440e-01
4.676099531534930187e-01,9.665675506090138924e-01
4.657164247212918218e-01,9.555688877512494850e-01
4.566721040980031288e-01,9.244303098779497185e-01
4.544266667409737614e-01,9.191524512553874704e-01
4.435098128559072928e-01,8.822531854649391381e-01
4.506550976456805691e-01,9.037798410665309756e-01
4.525317473924490019e-01,9.117803833276917347e-01
4.559158932167255984e-01,9.222312645238377460e-01
4.623626168046250373e-01,9.472086941078944333e-01
4.694746319326217887e-01,9.686697453899824062e-01
4.736557933125620234e-01,9.842770674902001637e-01
4.758870673988159772e-01,9.976286126498418172e-01
4.731270609232782753e-01,9.827012157063101938e-01
4.715206307091918125e-01,9.805718905730570478e-01
4.759130858619221027e-01,9.967136144359988181e-01
4.732755418694549188e-01,9.868193283166054597e-01
4.710486162003640898e-01,9.782174027460176502e-01
4.711080503421896104e-01,9.802422321145969342e-01
4.688531969243469044e-01,9.684965810055313762e-01
4.692702125286008497e-01,9.708239259714720459e-01
4.665728264387745683e-01,9.603152656868222392e-01
4.762928313108197864e-01,9.971259751181719144e-01
4.746160560525994332e-01,9.924330265852310262e-01
4.761295269740856706e-01,9.988023704245919676e-01
4.745548967249689776e-01,9.915662839446348631e-01
4.754768780237382808e-01,9.958711821715597878e-01
4.754778667680485960e-01,9.951714487533661613e-01
4.747303813693110053e-01,9.918953162455258488e-01
4.765914322514726020e-01,9.960298475197468804e-01
4.707939752869043648e-01,9.765421497642992055e-01
4.697878771610682902e-01,9.730917325406165386e-01
4.708653230380361321e-01,9.772337980174340410e-01
4.667634425797497766e-01,9.612025877709386990e-01
4.738812578677334408e-01,9.881012852865611595e-01
4.729949238608442963e-01,9.843311839340266323e-01
4.719564096350669646e-01,9.813290291172251933e-01
4.696963504051118732e-01,9.731481278024426418e-01
4.748798561709655086e-01,9.908353425522888891e-01
4.715450377813357186e-01,9.787799100485132797e-01
4.685325861097131561e-01,9.673256810761455826e-01
4.695939067530770505e-01,9.712270669877394180e-01
4.693236541453724708e-01,9.723334439425417308e-01
4.652631282990505879e-01,9.557942289358445365e-01
4.631603053893176281e-01,9.481782690420347270e-01
4.588359198673893635e-01,9.316409571153366764e-01
4.517859027923022963e-01,9.098241822893596842e-01
4.459616225108681831e-01,8.887114581950398273e-01
4.470897421996470888e-01,8.927700325430872885e-01
4.632805429964674260e-01,9.481568647356694024e-01
4.653384640305369691e-01,9.563357256747198054e-01
4.681459057745941399e-01,9.676231482572330567e-01
4.747438934829792956e-01,9.908785632084740058e-01
4.724648126259252678e-01,9.830349878827964183e-01
4.682487188446359805e-01,9.685936189166929333e-01
4.620056154460436826e-01,9.456145327162477354e-01
4.564017092672642550e-01,9.257127397984045158e-01
4.526928066731542577e-01,9.128884406132835583e-01
4.527468457373077237e-01,9.127609017632922761e-01
4.466843973796009171e-01,8.924939763679314852e-01
4.496228648982077414e-01,9.021196327847781360e-01
4.562051005364519685e-01,9.246804861726598546e-01
4.656926489884938292e-01,9.589207138115953821e-01
4.681354170846906415e-01,9.646577521807876421e-01
4.696365313203600400e-01,9.752891624799276959e-01
4.727958083977422121e-01,9.818770725607965932e-01
4.723334728544222316e-01,9.811465335574307556e-01
4.757212830264377357e-01,9.969897056853143091e-01
4.757657509607168267e-01,9.959954376287464273e-01
4.737554812740303878e-01,9.877281918916692716e-01
4.734244043063380869e-01,9.866316612932486407e-01
4.723864383243482346e-01,9.870380996760943493e-01
4.727836442771793934e-01,9.859810614185742228e-01
4.663035172269021089e-01,9.594403703560793195e-01
4.669211487019214180e-01,9.599856063128489048e-01
4.741383184339842405e-01,9.897329285141199806e-01
4.728186083075308632e-01,9.869856457340872025e-01
4.747482704231607009e-01,9.957662251827661404e-01
4.704155020258238284e-01,9.764237928995198601e-01
4.685947749555853248e-01,9.682033194870866000e-01
4.697852106669895278e-01,9.718087485509059320e-01
4.537805754747382125e-01,9.157799032017542862e-01
4.528646015363053112e-01,9.114658296616838795e-01
4.547021999874914511e-01,9.176922913363541046e-01
4.530339973713956581e-01,9.138906654731426826e-01
4.538935045080589870e-01,9.161101605309656115e-01
4.482044312901082850e-01,8.997007138376877933e-01
4.521779421098887641e-01,9.094635383230491588e-01
4.521352497159799033e-01,9.085206779900178997e-01
4.456922133364089045e-01,8.861324217046219198e-01
4.593739560479078721e-01,9.326388623963348667e-01
4.604867570342417449e-01,9.392520585920285381e-01
4.634746270558347536e-01,9.504544704668338451e-01
4.715139479051261295e-01,9.806893104914974346e-01
4.763813075771002326e-01,9.989031036134015107e-01
4.744795371619268121e-01,9.908369433141694937e-01
4.768619706285194271e-01,9.991639467806946451e-01
4.744537447031563215e-01,9.882713650014126605e-01
4.672723872289632485e-01,9.649636499552269875e-01
4.717744422927449555e-01,9.793593733483058061e-01
4.654000188031602314e-01,9.593080684736524644e-01
4.634158013888905470e-01,9.502162891125539579e-01
4.600813207489548029e-01,9.373796671161798155e-01
4.679415819165165247e-01,9.673930967368202793e-01
4.763896702844190312e-01,9.976087981441761343e-01
4.733782517053865546e-01,9.847151836508912792e-01
4.758812070917112225e-01,9.951128415105362501e-01
4.674555294927795757e-01,9.639777489045853187e-01
4.740916319059113593e-01,9.888088618647992156e-01
4.729242355542294662e-01,9.855394123656185945e-01
4.756922216767193179e-01,9.957771532588870489e-01
4.721910563758855983e-01,9.835749992360862670e-01
4.725184194643355373e-01,9.826278178228411431e-01
4.685093192473510082e-01,9.692364524040052443e-01
4.654592542385522780e-01,9.561365397115146880e-01
4.674366896206333943e-01,9.644822346191384010e-01
4.650312354251653901e-01,9.550653691227443121e-01
4.694278870375558910e-01,9.721986871794285889e-01
4.705848610702759172e-01,9.759786841680032632e-01
4.641401686473604071e-01,9.505470361714958294e-01
4.670480061228952096e-01,9.623662808260865509e-01
4.645229832423539706e-01,9.549825940980798400e-01
4.684527937126983232e-01,9.690225923863144963e-01
4.671169180129792764e-01,9.641747009264909352e-01
4.703501396969091974e-01,9.752586349926752884e-01
4.712699943181415940e-01,9.762437152958446385e-01
4.637302426831628743e-01,9.514548176512548361e-01
4.623530950739497269e-01,9.448946957732116125e-01
4.656450130340124005e-01,9.575732235090193001e-01
4.631693038388000061e-01,9.457425416931483086e-01
4.618799258772959826e-01,9.432721805037447282e-01
4.582917127036297278e-01,9.325225287691888409e-01
4.504767426844548672e-01,9.038909516117700216e-01
4.505377013537149589e-01,9.037894178148681013e-01
4.510832254344005476e-01,9.048692884752053134e-01
4.435133710401345519e-01,8.793579382609185702e-01
4.502752736102816344e-01,9.015133470850976716e-01
4.532787174610861114e-01,9.151591730482430131e-01
4.631168677539999612e-01,9.464520895429998637e-01
4.621597614199569604e-01,9.462114103235519380e-01
4.611090781154112417e-01,9.435994977393914462e-01
4.529508738758103448e-01,9.122882349407148705e-01
4.652117842977535611e-01,9.575242924522268106e-01
4.757891137387110780e-01,9.929951590200861711e-01
4.702831435140083505e-01,9.777290732321202160e-01
4.716173347095095059e-01,9.791782216713844633e-01
4.693272375299929466e-01,9.718160462689490187e-01
4.664288968606893904e-01,9.642458762885097734e-01
4.699610617904989573e-01,9.755590467266814780e-01
4.765979572239671391e-01,9.990139857438342652e-01
4.687232818730682760e-01,9.678066263965626748e-01
4.532386449358757896e-01,9.155754497848268558e-01
4.507381001593232517e-01,9.041492787552616317e-01
4.472272129944288022e-01,8.935609076913519910e-01
4.476542363441639027e-01,8.962352373968726083e-01
4.447293181475368562e-01,8.870786769605905064e-01
4.431097035336589163e-01,8.794554285963432916e-01
4.379043527235539357e-01,8.590102521017806136e-01
4.437241859647975684e-01,8.805680055137096174e-01
4.385024402188511528e-01,8.632806884802227687e-01
4.374184591447480841e-01,8.590569209636292891e-01
4.302450707748838865e-01,8.364191369668589893e-01
4.223380127106149962e-01,8.139015420494186692e-01
4.293624215810533662e-01,8.317688878630308258e-01
4.366533380657353636e-01,8.554849310916756711e-01
4.411030026512224311e-01,8.727248475367168634e-01
4.438880758640350033e-01,8.815920378695909498e-01
4.465880907211595141e-01,8.891580408092994992e-01
4.409271457172954101e-01,8.710375991857962630e-01
4.456001793540763645e-01,8.889353156394499411e-01
4.455055494475304023e-01,8.873237977646195596e-01
4.453048959849607580e-01,8.867277646465029362e-01
4.373986102946417209e-01,8.588673793442483939e-01
4.382209178516247583e-01,8.633452553995676348e-01
4.421310179618187508e-01,8.778976883474457482e-01
4.444942104784762038e-01,8.825829429352419764e-01
4.516833913113532661e-01,9.052122751494235953e-01
4.585991658935093529e-01,9.318396898016830798e-01
4.629760590259194841e-01,9.482144588533039098e-01
4.126468690401045580e-01,7.810850755110995136e-01
4.113759033344329130e-01,7.807677458921932212e-01
4.078773726904486585e-01,7.699051989493604919e-01
4.093544273879350381e-01,7.719016390752647672e-01
4.079049605034903991e-01,7.668790472088578003e-01
4.067266626562872078e-01,7.661124373955569000e-01
4.117176542466859379e-01,7.797757630997002032e-01
4.135756718905924667e-01,7.833709528668884037e-01
4.028085596905813803e-01,7.511609892603481331e-01
4.119143114672925710e-01,7.791908349838430059e-01
4.091829186626282366e-01,7.702166007082940080e-01
4.083457820067596944e-01,7.692120675046122402e-01
3.997054448613439614e-01,7.443534363808747001e-01
4.016397839424354355e-01,7.502531115327274458e-01
4.106647414319986589e-01,7.765516419000993986e-01
4.158277701835340068e-01,7.892694308589954799e-01
4.097882378162325812e-01,7.721781219366565807e-01
4.020392244811756832e-01,7.506678804680935180e-01
4.023291566567037125e-01,7.515769550810523780e-01
4.043772124395836332e-01,7.588081333025767927e-01
4.164605956995188762e-01,7.931560537883434181e-01
4.164207608937690597e-01,7.935699487829347420e-01
4.044932034644515007e-01,7.576573972915003896e-01
4.105204875349514615e-01,7.767907905044741934e-01
4.046581692607773006e-01,7.590341302880130314e-01
4.075469014630652698e-01,7.641186387221227116e-01
4.039644378257422619e-01,7.544774191768082172e-01
4.144514274471834958e-01,7.845829401436281714e-01
4.196043521507554219e-01,8.045199598191627999e-01
4.233607153176229820e-01,8.159942507114803512e-01
4.149832781792700542e-01,7.867260721264167644e-01
4.201502128667345404e-01,8.054021821205105125e-01
4.217047510128973387e-01,8.083321814914626868e-01
4.196536681814937442e-01,8.028165830358038324e-01
4.144841851744817118e-01,7.877269878119022017e-01
4.150170700813591851e-01,7.891132058086960388e-01
4.151432825958027983e-01,7.913940037562074981e-01
4.185888381222264698e-01,8.004224653279972124e-01
4.289755384373714064e-01,8.291815051882051035e-01
4.213479176325355402e-01,8.089590974834566239e-01
4.205391761077908463e-01,8.066353431751708269e-01
4.194704788131134454e-01,8.023698665555901721e-01
4.227316091779548257e-01,8.142552431442052763e-01
4.242019085672542600e-01,8.164534222222482596e-01
4.240191959478736283e-01,8.157186256056323526e-01
4.374263505806527674e-01,8.570940779102468321e-01
4.208632713246744927e-01,8.081714398998408599e-01
4.242616247273499619e-01,8.171781936395386969e-01
4.302699012582354987e-01,8.364034065131731310e-01
4.333705497628914105e-01,8.505193637926318218e-01
4.414232805004887350e-01,8.736838022479193056e-01
4.409249460809214760e-01,8.687740624528553779e-01
4.435956149127246451e-01,8.794118901997496351e-01
4.428433739673742209e-01,8.788490620558485622e-01
4.416977955256912725e-01,8.724427525252800297e-01
4.427922004211558571e-01,8.789132701787336632e-01
4.480345951001946103e-01,9.002765925655978885e-01
4.609735661587068822e-01,9.364102411080948984e-01
4.661931915922316594e-01,9.595982060478767117e-01
4.646076028094470733e-01,9.555391718523290612e-01
4.660806070854763838e-01,9.564012119356033459e-01
4.696853624987700759e-01,9.723297000775368293e-01
4.717420286165047161e-01,9.790925928261476896e-01
4.749377564771624649e-01,9.947015431052531609e-01
4.693011316519163922e-01,9.737888405283063875e-01
4.701605382485961049e-01,9.774606131712357815e-01
4.612971339498026513e-01,9.428684881095558135e-01
4.594197252622949645e-01,9.371542873334075541e-01
4.609060958727785318e-01,9.404404626917051147e-01
4.481741215925311161e-01,8.965558994136358928e-01
4.576893102604658869e-01,9.302108639091254405e-01
4.579935916873815738e-01,9.294421285528525756e-01
4.587988384300640821e-01,9.345195285541739727e-01
4.570514568449873805e-01,9.277082961633194014e-01
4.662784076996508986e-01,9.606942935016929974e-01
4.649527467334733655e-01,9.567924841574485528e-01
4.700987011231102519e-01,9.762534337153299102e-01
4.686866215377269440e-01,9.681425023367636884e-01
4.696387358699122827e-01,9.716299331366059500e-01
4.694243905539368655e-01,9.738594037937619019e-01
4.661082625675125879e-01,9.575086692645763398e-01
4.763680925032546254e-01,9.986927907046014852e-01
4.720481492701260606e-01,9.837888734312066896e-01
4.707987447519361157e-01,9.771619161044009516e-01
4.708500885658016832e-01,9.798261123156928321e-01
4.645831991609889466e-01,9.536351991837133113e-01
4.600333324463855011e-01,9.360618458059284386e-01
4.544929613840670846e-01,9.163257088215807089e-01
4.551005827486132582e-01,9.208763083258427740e-01
4.595956185837532515e-01,9.354876823168477573e-01
4.498331564136668348e-01,9.023042069695219602e-01
4.567053861568984852e-01,9.241143063115562217e-01
4.564563567324470550e-01,9.253409253396577272e-01
4.555469608315439456e-01,9.234521821147166909e-01
4.603949419053836589e-01,9.355703207068911675e-01
4.618738785398371904e-01,9.433931928290920643e-01
4.624620539301227407e-01,9.469534893793069008e-01
4.658482811254516798e-01,9.592758423870720863e-01
4.676973168426045158e-01,9.676658072405660560e-01
4.630296446983040437e-01,9.497050170490424215e-01
4.649237421638509615e-01,9.561084852862158368e-01
4.690457736393877641e-01,9.704416288426718218e-01
4.661736070119459341e-01,9.600729774911447301e-01
4.673413201325236632e-01,9.638868137233052025e-01
4.652332312705962925e-01,9.556282804672138198e-01
4.652035965001752871e-01,9.565621707648829242e-01
4.659108303928305439e-01,9.610185539374180852e-01
4.732058668502076570e-01,9.864646666631879945e-01
4.725304478957884635e-01,9.840470472658009449e-01
4.695518878009915520e-01,9.748298770688355042e-01
4.748814613511167515e-01,9.910245340199992370e-01
4.721721415468373428e-01,9.832256725539167963e-01
4.715032123825598775e-01,9.784160145355864646e-01
4.687216112827874981e-01,9.700386096999704666e-01
4.684677752295229314e-01,9.670576312433948329e-01
4.598839338656686704e-01,9.354648588402864062e-01
4.619798748132599719e-01,9.428534247192340567e-01
4.611521505322719316e-01,9.400730179672891484e-01
4.606378910515880887e-01,9.398167171294654620e-01
4.531153130557423747e-01,9.138383603677134870e-01
4.456453685572112633e-01,8.877298223019038925e-01
4.418787133041486848e-01,8.751610986811770854e-01
4.288790864705644967e-01,8.351116822448120258e-01
4.396036059327446122e-01,8.680838401072418220e-01
4.416901832510783388e-01,8.741265486748092117e-01
4.443115919591936747e-01,8.834997989337372015e-01
4.435017495865283821e-01,8.827337375704035205e-01
4.513346259129286664e-01,9.078584006520236116e-01
4.479161759523553332e-01,8.966982196557435891e-01
4.622796975763019955e-01,9.433505287108072679e-01
4.655047338088714737e-01,9.584683962620575981e-01
4.585385690133222392e-01,9.334315806258262072e-01
4.573687866859962869e-01,9.287718674168009558e-01
4.581773372445327452e-01,9.295445212121198342e-01
4.620201031292047178e-01,9.434870663581863548e-01
4.682632220657741429e-01,9.696389732742806133e-01
4.645405013684385520e-01,9.550115077255022511e-01
4.670048416547855075e-01,9.637023367583182898e-01
4.670502586465324346e-01,9.620754928758071811e-01
4.682985285741291803e-01,9.686441583881698625e-01
4.720941271682681517e-01,9.803263506418776752e-01
4.687720315200664678e-01,9.724537254609002535e-01
4.601919807800352036e-01,9.403886647288551837e-01
4.620353129620315413e-01,9.498625278349703827e-01
4.557491548404047910e-01,9.239879337949813420e-01
4.621404183217243666e-01,9.434804297264075545e-01
4.513505399284712949e-01,9.061789070515670064e-01
4.448736789656178026e-01,8.864792628969841992e-01
4.372110539421311115e-01,8.593140813044735093e-01
4.382705916039436045e-01,8.641834398482571844e-01
4.392569003928400995e-01,8.657307468182424692e-01
4.253746826831817929e-01,8.212221308819430687e-01
4.219221073290037594e-01,8.094504466617625793e-01
4.283056659502060270e-01,8.309832297607419038e-01
4.319627852066827978e-01,8.379350850389634120e-01
4.277729277556989729e-01,8.281459879626518195e-01
4.300520124048113901e-01,8.352113896809643112e-01
4.275462547521458601e-01,8.287356722711972656e-01
4.211076642951166460e-01,8.086584077135166027e-01
4.199054640347592016e-01,8.034647924113995643e-01
4.275665418185410349e-01,8.301456348332815205e-01
4.296107371665180974e-01,8.354695131513948381e-01
4.320772614083065455e-01,8.419829032668788571e-01
4.311884036871406201e-01,8.375989475387867200e-01
4.278933117656969487e-01,8.272946137104739694e-01
4.272598975164269008e-01,8.247031144195867691e-01
4.319724149200082630e-01,8.421538486510582455e-01
4.361515638469530831e-01,8.562166803017596806e-01
4.346891068729853980e-01,8.517544170184562224e-01
4.295963928659972120e-01,8.363544416034347506e-01
4.194392845562510685e-01,8.037320331131487805e-01
4.233401046889644914e-01,8.120666138716284843e-01
4.317831060141263388e-01,8.417774150723051907e-01
4.306442462013911898e-01,8.373875851684295935e-01
4.274781593133015756e-01,8.292781741240454751e-01
4.341219136443247306e-01,8.499619905810363862e-01
4.354971219091859358e-01,8.525063117855398165e-01
4.287376832885017031e-01,8.305431407756137530e-01
4.264828128823218711e-01,8.230342364569691593e-01
4.277071960218226110e-01,8.257874328763508132e-01
4.278868379928605359e-01,8.284998208511983320e-01
4.338814308647629958e-01,8.461098066669560103e-01
4.293626038062746120e-01,8.334644177331059778e-01
4.355513899254349064e-01,8.538611937541832342e-01
4.382158201565709010e-01,8.622796519255402359e-01
4.399687772441429057e-01,8.682323985313691317e-01
4.464666596423871314e-01,8.878902574569083050e-01
4.487786712301976011e-01,8.987827346188810296e-01
4.466564936969554811e-01,8.938840857674962281e-01
4.503400463561617606e-01,9.043382016633242371e-01
4.431699537010553858e-01,8.797144996932863004e-01
4.451542502634091569e-01,8.880937532389470146e-01
4.444915523086827025e-01,8.834247555798627749e-01
4.430812435602125010e-01,8.804451227946452629e-01
4.453969880933845715e-01,8.882818343732783450e-01
4.529417479398235580e-01,9.085232658025222952e-01
4.536810488172773881e-01,9.166773242547088252e-01
4.503100076185936884e-01,9.050341050024809375e-01
4.472067286736886582e-01,8.935363893099068644e-01
4.487781192493877636e-01,8.976115838999705332e-01
4.766390584501928318e-01,9.983997770485157908e-01
4.751832113190487816e-01,9.940406951308885519e-01
4.747541125531938855e-01,9.906986385130202022e-01
4.755238696874651283e-01,9.976214020359409629e-01
4.770389337563773480e-01,9.995752915940488981e-01
4.761045430982897009e-01,9.931351878240275433e-01
4.754632474662032204e-01,9.959255034807286133e-01
4.726968360567508909e-01,9.846187035362511386e-01
4.647149072608532938e-01,9.543482690578692917e-01
4.627549750133223561e-01,9.506331532980979437e-01
4.666933338726206304e-01,9.613449499990681657e-01
4.640046985796795198e-01,9.522853982430131703e-01
4.649952293816531634e-01,9.511011294052659215e-01
4.540160057631700830e-01,9.158408689150864257e-01
4.596466816860811377e-01,9.334996025072740400e-01
4.608292811133358202e-01,9.392607147412778135e-01
4.582232116607298789e-01,9.322574077204881515e-01
4.586738817116285949e-01,9.340103255748536393e-01
4.646693266707441761e-01,9.574363174673063970e-01
4.618342450591023662e-01,9.452922835126172929e-01
4.598349914376019809e-01,9.406238888526227138e-01
4.638532927649243742e-01,9.478845058705783755e-01
4.616906255565403905e-01,9.424616932231063560e-01
4.617242657525711946e-01,9.430362434784619330e-01
4.630653123855015263e-01,9.491704027594464188e-01
4.634414574074878224e-01,9.505625052938604380e-01
4.646777232331288920e-01,9.535272942501092919e-01
4.563542113700486125e-01,9.251724828842479154e-01
4.686125882243704077e-01,9.696957475017125017e-01
4.763387283133163064e-01,9.995643465864356703e-01
4.756412339160642211e-01,9.956346517774113947e-01
4.750612098016576690e-01,9.976380961380100221e-01
4.723988545635311453e-01,9.855127117879084464e-01
4.691388101885393680e-01,9.697658642493008907e-01
4.705488625952973236e-01,9.749880923564714363e-01
4.725154966358642850e-01,9.855286149573178056e-01
4.751267358618893599e-01,9.947945068501184984e-01
4.621771061700736261e-01,9.463032047528384672e-01
4.680033440332641015e-01,9.663685941835262749e-01
4.728674729791405573e-01,9.887409600894920825e-01
4.762455484986212739e-01,9.988776308788571701e-01
4.740913062087359631e-01,9.882146834942695524e-01
4.703566869949878382e-01,9.746738839975378488e-01
4.717195891992834178e-01,9.777561675319071943e-01
4.756582329091447736e-01,9.980883713516546241e-01
4.691714540540350420e-01,9.725852338604303871e-01
4.717778439708694704e-01,9.806119264541199865e-01
4.693648167356230250e-01,9.707962885062145775e-01
4.718360920562441607e-01,9.789565881255010149e-01
4.748930375951863070e-01,9.928474367221760133e-01
4.754411971949579763e-01,9.945849519004796857e-01
4.768318129326998278e-01,9.986251102966070547e-01
4.728312929640350881e-01,9.868656465950335077e-01
4.618097083920228441e-01,9.464156651582549262e-01
4.652259215689837912e-01,9.554141347939690831e-01
4.627563537337673893e-01,9.481846408255495406e-01
4.632422100234004914e-01,9.495584456941288387e-01
4.587991395244191972e-01,9.316670389370919070e-01
4.577203610795050337e-01,9.278949453884525189e-01
4.620765682346806291e-01,9.507759309536506498e-01
4.631368308057817185e-01,9.481129793893319224e-01
4.679988033386497381e-01,9.644581725452435750e-01
4.699850389846308985e-01,9.725121664851026360e-01
4.692049043676578268e-01,9.687582575023058196e-01
4.655846422085965219e-01,9.602838552837742458e-01
4.637034695792577876e-01,9.533797759030108177e-01
4.575137060041921111e-01,9.289189356899305583e-01
4.594754570668782012e-01,9.372097792336850919e-01
4.672261823689735083e-01,9.669728361036398212e-01
4.680392133452882519e-01,9.673125262854758155e-01
4.679439872200354955e-01,9.669467922654813030e-01
4.678577662795009307e-01,9.659279045325778190e-01
4.526648812548201284e-01,9.125090949721149647e-01
4.499970297525643925e-01,9.030954196438637505e-01
4.547068421672132432e-01,9.170626086382146491e-01
4.653965070226434020e-01,9.574098184836712377e-01
4.715274742864618007e-01,9.772953306724442291e-01
4.713858767693792085e-01,9.799569712716452718e-01
4.719475980297935802e-01,9.802146818192540856e-01
4.731710643462737620e-01,9.838906641373494910e-01
4.664726919249516657e-01,9.623203233072349372e-01
4.693572489306013784e-01,9.720097661194855299e-01
4.679390288192357139e-01,9.678919285069244038e-01
4.628800703894505597e-01,9.498340451526778860e-01
4.659371705493169924e-01,9.586753734570024887e-01
4.659806742005434543e-01,9.604615313898359208e-01
4.661323380105207859e-01,9.599924484328286045e-01
4.647529550982816837e-01,9.544106964465871590e-01
4.597310429938645804e-01,9.362628052159504000e-01
4.667409689208576462e-01,9.609428494755513084e-01
4.549227519206233694e-01,9.209080339747890420e-01
4.545721271274916764e-01,9.192682411924429919e-01
4.565521496227079590e-01,9.235227420762025519e-01
4.627864879143415155e-01,9.494598229226302033e-01
4.679793492353095385e-01,9.681675394349171793e-01
4.658616892226082329e-01,9.583114688351621613e-01
4.677567685925198004e-01,9.646103924010808184e-01
4.662062425485611339e-01,9.619281309769277533e-01
4.753793184698968388e-01,9.975813158781972056e-01
4.732968591803441982e-01,9.897021767566618333e-01
4.685759633619568931e-01,9.696837632043434629e-01
4.677893563527763532e-01,9.680403759478537484e-01
4.679292731776965586e-01,9.663973388807378662e-01
4.660737931479977392e-01,9.601709554016136794e-01
4.615514552523675151e-01,9.439969588454319993e-01
4.654401299833719197e-01,9.572396794214030891e-01
4.696289096829344700e-01,9.711363903506582407e-01
4.678540138429084227e-01,9.667079654489414420e-01
4.651463048091524777e-01,9.561880046129704880e-01
4.670158971669099435e-01,9.621161542601732730e-01
4.726656229640921469e-01,9.837906241163087984e-01
4.761489685582158127e-01,9.991926296415587494e-01
4.730651034600598659e-01,9.861152125433400029e-01
4.746887649152152777e-01,9.904685024989975384e-01
4.754447264194887612e-01,9.945729195332344563e-01
4.706332234684777460e-01,9.769925997879156387e-01
4.675241791362200194e-01,9.680564108042750693e-01
4.575197955073677103e-01,9.288137930238752338e-01
4.530303730359053760e-01,9.134478486988268919e-01
4.520726351884494232e-01,9.105342332721029219e-01
4.537413784358134694e-01,9.131491483863669600e-01
4.520278220615114306e-01,9.080272041797551319e-01
4.624579548751541758e-01,9.439035971300486771e-01
4.615238965442859387e-01,9.451688794356467582e-01
4.504471684244064633e-01,9.026046662639218843e-01
4.597698106898288617e-01,9.352269426899837423e-01
4.588791307884989568e-01,9.333699854792271156e-01
4.498402494851660993e-01,9.033941945655972194e-01
4.505493583874725649e-01,9.046021617780999335e-01
4.562234829213709375e-01,9.226878913519731551e-01
4.529327140963961829e-01,9.103413340708654822e-01
4.536919327561160786e-01,9.157038591768386082e-01
4.613245190099789506e-01,9.419572570061653938e-01
4.648531791676881464e-01,9.530533124633302489e-01
4.653066763615431034e-01,9.564940010834341866e-01
4.620105163840628748e-01,9.452139841667335229e-01
4.717473523853779604e-01,9.788181373753205294e-01
4.722144731809925777e-01,9.831378244233627273e-01
4.735827315406029858e-01,9.865991362266939291e-01
4.741761869813729824e-01,9.886637051039884883e-01
4.710884935024473030e-01,9.800308434482045694e-01
4.751804308422233891e-01,9.943322117141000227e-01
4.762918237915874653e-01,9.998173454482528477e-01
4.754172351952679065e-01,9.921464583985483143e-01
4.760957989674958757e-01,9.953264413281133205e-01
4.696589007772870583e-01,9.746946901690041187e-01
4.690607216347394415e-01,9.684524437834808319e-01
4.688302121568621583e-01,9.673132258419715468e-01
4.647191134925974243e-01,9.518256675942555756e-01
4.732568348137226599e-01,9.861576041488666622e-01
4.699766581848816571e-01,9.752092619817661623e-01
4.643305287974066053e-01,9.556651819660866298e-01
4.630483677357684069e-01,9.506018231466510926e-01
4.622028593943085517e-01,9.447962608739971513e-01
4.622907297549312400e-01,9.438547206414852342e-01
4.605677229004190854e-01,9.405968615710048608e-01
4.615606313944878858e-01,9.451921389756480218e-01
4.559322611783847568e-01,9.244271249436308846e-01
4.481546071015921617e-01,8.937554039783665027e-01
4.567704190752819859e-01,9.265099951429330849e-01
4.620352278080031572e-01,9.457540145086773542e-01
4.589188230838517346e-01,9.323858121724827308e-01
4.610966627051771294e-01,9.393628389190156192e-01
4.598327933843262549e-01,9.392225751449486681e-01
4.576240854457998553e-01,9.307008855429851346e-01
4.550742738362924533e-01,9.190940309013582166e-01
4.482040822505617972e-01,8.991049190936467594e-01
4.580640729007010026e-01,9.313513816916023647e-01
4.596665686293723851e-01,9.346027931855893645e-01
4.597600094836695184e-01,9.380260351451159551e-01
4.619209405259900869e-01,9.456937497176175489e-01
4.715175902689784371e-01,9.793231858984000615e-01
4.725994020314573385e-01,9.845268999139904498e-01
4.702976656780534781e-01,9.766959970819528714e-01
4.678071058533270210e-01,9.653862175688536773e-01
4.711713780076737801e-01,9.811358400981262662e-01
4.725362102993511670e-01,9.834256122893131336e-01
4.709189839651259923e-01,9.795035761616437409e-01
4.674856837124729547e-01,9.661897836995512190e-01
4.604072781834233630e-01,9.414293519248629893e-01
4.578528622862126363e-01,9.300920388255169424e-01
4.508212755460296872e-01,9.079540913363698396e-01
4.417394116771217738e-01,8.769734573308414216e-01
4.389290122480070111e-01,8.628892557549789899e-01
4.496029682507851066e-01,9.014570102324347411e-01
4.403103003450356545e-01,8.704216378899286566e-01
4.377154335384243478e-01,8.603211447844878457e-01
4.271130230740095013e-01,8.277059831761366393e-01
4.290446542834823740e-01,8.363392719324316271e-01
4.269571573149766874e-01,8.248172603190050411e-01
4.218240941081077278e-01,8.070103343395108597e-01
4.221710391193222445e-01,8.090558053074967670e-01
4.267639887957309641e-01,8.267751458717685908e-01
4.358763996980237754e-01,8.543574370621227487e-01
4.419387500031527471e-01,8.748395677278396620e-01
4.443621876703343632e-01,8.837930127782785972e-01
4.478839729615475274e-01,8.977536148175301323e-01
4.464297849496114967e-01,8.881618632219683285e-01
4.569280585487366930e-01,9.268199464439033086e-01
4.559197325069331286e-01,9.257227593621689676e-01
4.427591410374437930e-01,8.783769639037150023e-01
4.459755851647367320e-01,8.906682250102664344e-01
4.479926013403044971e-01,8.957541732116347521e-01
4.524760671979271565e-01,9.124403446300530796e-01
4.619195580471748830e-01,9.421324941798647767e-01
4.593785264285555336e-01,9.367463863821345882e-01
4.601788240235116234e-01,9.427872699300190451e-01
4.610870642352937199e-01,9.434078330133963686e-01
4.665288465159913023e-01,9.614279960695508720e-01
4.736775128517729527e-01,9.867369500368888824e-01
4.736490800232210918e-01,9.888135501111930958e-01
4.728660366086480660e-01,9.847203222685638746e-01
4.687626655901680484e-01,9.694854127759875428e-01
4.689792589588740457e-01,9.709799923913626785e-01
4.762479831055793644e-01,9.950913911480600005e-01
4.742969769034424132e-01,9.886779924689441668e-01
4.591201050889036073e-01,9.345826184581413898e-01
4.631744812512829657e-01,9.469094943421729749e-01
4.621990621291535151e-01,9.440528697039817230e-01
4.655788406069739094e-01,9.583892631102423065e-01
4.713997505892010276e-01,9.794985448343789258e-01
4.735325937108407213e-01,9.860632347555190469e-01
4.748905835569806055e-01,9.943640569372996785e-01
4.701479163802932959e-01,9.771020717710506842e-01
4.744785300151384555e-01,9.879931413401419338e-01
4.673211187538798272e-01,9.670883316816412112e-01
4.714174267414386055e-01,9.756881221658436631e-01
4.751035206216342455e-01,9.912933596979273121e-01
4.729052950317857995e-01,9.846930199068832934e-01
4.753008778017516756e-01,9.926725723771973042e-01
4.696361777241059299e-01,9.770701656302217541e-01
4.750711402898594726e-01,9.914905964157173512e-01
4.752638358342484715e-01,9.936288125515434499e-01
4.741588638852848869e-01,9.906060788624155844e-01
4.772478709530890706e-01,9.986181595687779744e-01
4.762033110184957785e-01,9.977421335220995058e-01
4.750018867899643560e-01,9.959792726960817744e-01
4.749306282120093758e-01,9.942001532731109537e-01
4.766777947006523575e-01,9.997182520133760519e-01
4.752330212274923915e-01,9.921770223174445347e-01
4.734013865438222446e-01,9.897196317574552538e-01
4.704344633766554540e-01,9.766830344694837907e-01
4.657466544604253467e-01,9.572033933952596163e-01
4.634714180558320296e-01,9.485196442409934425e-01
4.710228915332607125e-01,9.783634344123701698e-01
4.679076433565995674e-01,9.674600721750337140e-01
4.714555743727793513e-01,9.781876213413986942e-01
4.724408296254941630e-01,9.843266780887642842e-01
4.729553593892036334e-01,9.853245260561229735e-01
4.744712070519309099e-01,9.895328911399468019e-01
4.743914773005286634e-01,9.916720868917986431e-01
4.685310403272036628e-01,9.677216119192720845e-01
4.652582248921986463e-01,9.561535062252765060e-01
4.694530633339314973e-01,9.719357564660050519e-01
4.719562201803171875e-01,9.797582746967269385e-01
4.696427138167641457e-01,9.718745666552848217e-01
4.652735813409515364e-01,9.565363142295020271e-01
4.603417139449104134e-01,9.388254630070402840e-01
4.610680267148152267e-01,9.405414669268054029e-01
4.593587674654712183e-01,9.353955295586140473e-01
4.581172627701541322e-01,9.299754316989122804e-01
4.559615124310921752e-01,9.238552991294194383e-01
4.523460698432910654e-01,9.115124660362740050e-01
4.544065807210427854e-01,9.174966819148279162e-01
4.536534756214709585e-01,9.146655836012399510e-01
4.514000413636604092e-01,9.093044965810739289e-01
4.536885160697831099e-01,9.170466890800231807e-01
4.589288491195475661e-01,9.331514971457115504e-01
4.567826299681664870e-01,9.236340482573239807e-01
4.518130374716337605e-01,9.068394898249596547e-01
4.556100338741370659e-01,9.220290984902955733e-01
4.487540604156558532e-01,8.982209425911678036e-01
4.492403839941918609e-01,9.011665754277288221e-01
4.401314334652334792e-01,8.712307804602724692e-01
4.408266521264189164e-01,8.699034845221209622e-01
4.471343690734884690e-01,8.939014118907919748e-01
4.473954227597771727e-01,8.928372416670776746e-01
4.500385086116446276e-01,9.049652799754474009e-01
4.518129510957242800e-01,9.091070411611700264e-01
4.511966181657623420e-01,9.030204489689982461e-01
4.476137780164609059e-01,8.915686311823284305e-01
4.490645590631899275e-01,9.003777630757162642e-01
4.533651685788672170e-01,9.142729023615630002e-01
4.522618877496263901e-01,9.108553871957442150e-01
4.591045227371254311e-01,9.336831227501193320e-01
4.581164238785418452e-01,9.284724222277830341e-01
4.456975238272773421e-01,8.891547098903336277e-01
4.479658523490361866e-01,8.952854010409702079e-01
4.478609426609381217e-01,8.947769883377744149e-01
4.449661208033814375e-01,8.862451176040739842e-01
4.431515434590843627e-01,8.787135406849876373e-01
4.429643509055724016e-01,8.793292657846196736e-01
4.512203160015986203e-01,9.083000720255529625e-01
4.398451446210589477e-01,8.647649081602483134e-01
4.369326543402872187e-01,8.588691806661412631e-01
4.409877120512306625e-01,8.720489953534453775e-01
4.454163071772209714e-01,8.906549704694108893e-01
4.401150011551627772e-01,8.694091870421434276e-01
4.412373396458077468e-01,8.714552131834041315e-01
4.500670433813955817e-01,9.054232356715753438e-01
4.576062285694829646e-01,9.285965515303139517e-01
4.588194490363013966e-01,9.316627225285004643e-01
4.653282861994151864e-01,9.567175460543239085e-01
4.639406750706469573e-01,9.476050618964005912e-01
4.664519925783189858e-01,9.604841344010478510e-01
4.694011424514709097e-01,9.730323521916960372e-01
4.712044519270085496e-01,9.785368032203600741e-01
4.749331906814761584e-01,9.935333881070553819e-01
4.755457723597342756e-01,9.944292461657324722e-01
4.700253352765119130e-01,9.728509317376493604e-01
4.714736922823695719e-01,9.813284906053196810e-01
4.663838312223091420e-01,9.612206619223426785e-01
4.627021973922499365e-01,9.442642465815085373e-01
4.621863270841229943e-01,9.444534944911534557e-01
4.483569208394752592e-01,8.960053139271155764e-01
4.537777214219164690e-01,9.154807043401392841e-01
4.533071955346068549e-01,9.145576690654523278e-01
4.559548104518353351e-01,9.209369663700528452e-01
4.512928364326578845e-01,9.102994554058402299e-01
4.536566069030987802e-01,9.147643035265435874e-01
4.585027370472419816e-01,9.330390623200496281e-01
4.524543751331975838e-01,9.115439884121646630e-01
4.548734144778613930e-01,9.208908489204588044e-01
4.582014253619771660e-01,9.307447749202696352e-01
4.619040607422271738e-01,9.416008902090498012e-01
4.616753746490348531e-01,9.407016000092496277e-01
4.662204479914041078e-01,9.594337792190898995e-01
4.658508560985723523e-01,9.580573728629269148e-01
4.702955696350346604e-01,9.779967111007689118e-01
4.745622850542898785e-01,9.932064435078525877e-01
4.679980906487575809e-01,9.666738440933466681e-01
4.647212598049438315e-01,9.550649419170406107e-01
4.677637836599571886e-01,9.677506896031536909e-01
4.698516876604229009e-01,9.752310899507965480e-01
4.705059187699549006e-01,9.751696810012306926e-01
4.673849974316587330e-01,9.676809149754198591e-01
4.661475415877062711e-01,9.586339420917903142e-01
4.623845968856503674e-01,9.466580287941078753e-01
4.728415816689307549e-01,9.815928234880633152e-01
4.705086110183534509e-01,9.760386985843514385e-01
4.758053397781681348e-01,9.962992731452147144e-01
4.755809669034657960e-01,9.962862057319493703e-01
4.735398284989338347e-01,9.855189647383916229e-01
4.698030536054019213e-01,9.721965820951528059e-01
4.722419883995550016e-01,9.786932316913822261e-01
4.754087722873572286e-01,9.915258163862562535e-01
4.732044136976035209e-01,9.859319025705969297e-01
4.760393610559379152e-01,9.982236525094617674e-01
4.762898564261886514e-01,9.989542172741089354e-01
4.744579587019477906e-01,9.921653555706293481e-01
4.680938527676587468e-01,9.667222268320778689e-01
4.750601530682320717e-01,9.974110886804814502e-01
4.758388146754649051e-01,9.938262592532162154e-01
4.746949619093431827e-01,9.911420981598475510e-01
4.756564421677481613e-01,9.960001820825221674e-01
4.757887448239688233e-01,9.987641213290895381e-01
4.710319086695802793e-01,9.786611023364303330e-01
4.721774870632024501e-01,9.804550621769139163e-01
4.762914950494869792e-01,9.947758582614999456e-01
4.753802843732446437e-01,9.961807810393733531e-01
4.758520529022117751e-01,9.981945041063284840e-01
4.695376155536756801e-01,9.723413447529296594e-01
4.684761613262706792e-01,9.682810549182599980e-01
4.696229820322326276e-01,9.751926803971651125e-01
4.727180085590957925e-01,9.841637736843559248e-01
4.731061984882849458e-01,9.817355970683939725e-01
4.705952733170349345e-01,9.785067803863782832e-01
4.718711321980828544e-01,9.806155642480470780e-01
4.758489871405490179e-01,9.954918531462597642e-01
4.726666325418382164e-01,9.861120855719830436e-01
4.719371521899221045e-01,9.833714409708519399e-01
4.679206681670325940e-01,9.675487999559988506e-01
4.737040622279105051e-01,9.872595398275929579e-01
4.642293527560484856e-01,9.539753502466470358e-01
4.683795856323897944e-01,9.652312324954694933e-01
4.708637318608375755e-01,9.768588995001873387e-01
4.611483128056860226e-01,9.450124617083982548e-01
4.545441438126210931e-01,9.163064585963570652e-01
4.491982551842654825e-01,9.008190291609200484e-01
4.513257533680598566e-01,9.072945412269824983e-01
4.405998408810828382e-01,8.706346432635598820e-01
4.401443929582513070e-01,8.706511291264967811e-01
4.234573013354031579e-01,8.155872973832165584e-01
4.254425909870030997e-01,8.231625033654621504e-01
4.262936698456528117e-01,8.226732009821368097e-01
4.269005000747435608e-01,8.271688211547199021e-01
4.184517839159540009e-01,8.012153313273953081e-01
4.207637261596733347e-01,8.076140975704042546e-01
4.199883442923831312e-01,8.039165732850201973e-01
4.172069111236866301e-01,7.971369834549563160e-01
4.097621214982045679e-01,7.704337939249704670e-01
4.026456817008948197e-01,7.506646990651474338e-01
4.029422365337643197e-01,7.515147621281178525e-01
3.981996857453698468e-01,7.382944563757268819e-01
4.038184565910749035e-01,7.527281316497416164e-01
3.936001965240075728e-01,7.257968530646331518e-01
3.945499796381388702e-01,7.290054934904882655e-01
3.984725379212608609e-01,7.401908112701208742e-01
4.003518023179215013e-01,7.450708496308030560e-01
4.067559004614884066e-01,7.619575648268910317e-01
4.748298456256332400e-01,9.914020309762889838e-01
4.741673109952388998e-01,9.882929943962200925e-01
4.702582325786561768e-01,9.749548064631098354e-01
4.727366610626700938e-01,9.826613464297208056e-01
4.705685380521921757e-01,9.776041008372873264e-01
4.681036052033511474e-01,9.652536420497780378e-01
4.699622687462530757e-01,9.750079244409523005e-01
4.741336832559187031e-01,9.898803764201267175e-01
4.728571439129707898e-01,9.854193858247920490e-01
4.754319626153105660e-01,9.950934533268046556e-01
4.753801800137837930e-01,9.949793959540590427e-01
4.685454542773647701e-01,9.700959756428338965e-01
4.659384058261316630e-01,9.575488226874218078e-01
4.626489118830638403e-01,9.471735949091046880e-01
4.631122342509286782e-01,9.491458461035324756e-01
4.636279260722566686e-01,9.523823105221813634e-01
4.674413356694792632e-01,9.632223730133523398e-01
4.594956893897955696e-01,9.369139712894750671e-01
4.644066082173748944e-01,9.550658785326072708e-01
4.659807712005384350e-01,9.611045454052334902e-01
4.572660632319421881e-01,9.261669647920948156e-01
4.536988284430222285e-01,9.172280252538326240e-01
4.469664897896922229e-01,8.910444177677909749e-01
4.492392632927179608e-01,8.996903661682711384e-01
4.529133139564407440e-01,9.134202168391285515e-01
4.525410293097547054e-01,9.138693627565119826e-01
4.565349725166778505e-01,9.255818210808718360e-01
4.608913578710128189e-01,9.431477702241934935e-01
4.599301081385996359e-01,9.392523631676190643e-01
4.577850105003943848e-01,9.321173653257124325e-01
4.584703603342447087e-01,9.358502937251781395e-01
4.626626582114772290e-01,9.442749466047446472e-01
4.660949923462086586e-01,9.606117488050037734e-01
4.691847839341997672e-01,9.719877954709209567e-01
4.712910626067045028e-01,9.795399874407321184e-01
4.732266227186303631e-01,9.861916262747290052e-01
4.729901513454227158e-01,9.854100751763131827e-01
4.735074191483891193e-01,9.888967911107274800e-01
4.755696438369277357e-01,9.953101936652078985e-01
4.650183969431027076e-01,9.575768429749998978e-01
4.691140929089634426e-01,9.703292314802404173e-01
4.736195642538228445e-01,9.875213188531780650e-01
4.680830076636557924e-01,9.658807866227686612e-01
4.639617763804964601e-01,9.532143695026494834e-01
4.684671628786151731e-01,9.713817720990285398e-01
4.709326175209642140e-01,9.762831710796061602e-01
4.657004214582425861e-01,9.593743186272689627e-01
4.671232139689758256e-01,9.637914835663048407e-01
4.638376614437288992e-01,9.513987815192607167e-01
4.651157542224840791e-01,9.571214308824449457e-01
4.612818871476962457e-01,9.443903161793650858e-01
4.555442983071671947e-01,9.189644934886561645e-01
4.603382452778035372e-01,9.384627487860145445e-01
4.622851642094781832e-01,9.463063027806914995e-01
4.576836092073415796e-01,9.282855710316095799e-01
4.626298573927595803e-01,9.483984184021585495e-01
4.594490389540246134e-01,9.356567620108162675e-01
4.583931674298205028e-01,9.317290672119751260e-01
4.662706799430199056e-01,9.599174680674513738e-01
4.680878042040740872e-01,9.687199430242864340e-01
4.692526680950507290e-01,9.694143743693414139e-01
4.701677927236810883e-01,9.749634561738932392e-01
4.753035845740566923e-01,9.943759330023850262e-01
4.757132106196398369e-01,9.965166744444772240e-01
4.713574862829095768e-01,9.805151756061236679e-01
4.723920185905542413e-01,9.861987686398600017e-01
4.727818795380651085e-01,9.852811124264415632e-01
4.555283018592047872e-01,9.213992520359293170e-01
4.607548321967786520e-01,9.390475690335050585e-01
4.632510961312578113e-01,9.490526217557672117e-01
4.656859644887474947e-01,9.598676549085003451e-01
4.643915184576213329e-01,9.522955809460087462e-01
4.623261342341459246e-01,9.453149560350421199e-01
4.705939831519429517e-01,9.752622214069333051e-01
4.714053678807408332e-01,9.775154724884564938e-01
4.766814424546606532e-01,9.976164981547473998e-01
4.740125696598579408e-01,9.904047544318348439e-01
4.754552857928680543e-01,9.970204069862100837e-01
4.754547349180464066e-01,9.959791590173229237e-01
4.765452241034537906e-01,9.985993305419205157e-01
4.747963224804412352e-01,9.966853617418804934e-01
4.684845173765271875e-01,9.692217541778036516e-01
4.694995651942365233e-01,9.710269411101956072e-01
4.758096448961090519e-01,9.970856848628643077e-01
4.738892531110268092e-01,9.885467672624371760e-01
4.707192142430212667e-01,9.763468322117373477e-01
4.702178698908157650e-01,9.760618375834727578e-01
4.737824452382304874e-01,9.898802296506704623e-01
4.714021836761231876e-01,9.808783482792799990e-01
4.694841876198390662e-01,9.750884533056826120e-01
4.762339118915355218e-01,9.994590437497571367e-01
4.765951682706028869e-01,9.987999433227945367e-01
4.733793814600184002e-01,9.875590569620108505e-01
4.732264827747151292e-01,9.874331507115334805e-01
4.743916964110374557e-01,9.926597666783492091e-01
4.662138937844579889e-01,9.608988128589521782e-01
4.631266466076470190e-01,9.476687521017326254e-01
4.606023509670454374e-01,9.418119141287137897e-01
4.603725012248666149e-01,9.431414159419667653e-01
4.650528773845858388e-01,9.579677965692314778e-01
4.777730865384616776e-01,9.995511339035606513e-01
4.767201472917967364e-01,9.961483407989260019e-01
4.719750906801758461e-01,9.821265569490936764e-01
4.697663602836706365e-01,9.732838238049592583e-01
4.662083335658437355e-01,9.598599641048172204e-01
4.734203059851120887e-01,9.857230076828777943e-01
4.743911682522004014e-01,9.919089957535986990e-01
4.678525974849762625e-01,9.662842448191145683e-01
4.720364112313529814e-01,9.787987596793426004e-01
4.674895830066739255e-01,9.662283812058291010e-01
4.676670278085626187e-01,9.695368017729182331e-01
4.685483260727941746e-01,9.691736501768997147e-01
4.722210727042811529e-01,9.817739357711421366e-01
4.693894756463705686e-01,9.698406984420722132e-01
4.678779962609063148e-01,9.647864433955515295e-01
4.645583040635726246e-01,9.533405697273559243e-01
4.696922716452433533e-01,9.757648302689930775e-01
4.666253397976624084e-01,9.618313946672957249e-01
4.664745074506123634e-01,9.596071974181552555e-01
4.631095483939443591e-01,9.475113796329543980e-01
4.632654828092166444e-01,9.512401069442666390e-01
4.630282880323467465e-01,9.492161907816890620e-01
4.638240212681197794e-01,9.531348897150225818e-01
4.650842773628272586e-01,9.550804121937751523e-01
4.709569254649065839e-01,9.748910013588224510e-01
4.690147633594175525e-01,9.705083081780012666e-01
4.696190508580525558e-01,9.713064137719134017e-01
4.743957102601425446e-01,9.906028440182904626e-01
4.708376155793307372e-01,9.760076189859235862e-01
4.576484849244615294e-01,9.309960203291074432e-01
4.507571923640187883e-01,9.039179058324336991e-01
4.603102681984204692e-01,9.389198595599765884e-01
4.649229404840633517e-01,9.587935949982913098e-01
4.676449616598166159e-01,9.634852520346656179e-01
4.631437940829876143e-01,9.520393433530626170e-01
4.680433498320636931e-01,9.661841049312968055e-01
4.744786290985463784e-01,9.900643139290551398e-01
4.754607168949138152e-01,9.956845718739403273e-01
4.692843828168799525e-01,9.704073337106888797e-01
4.726053651532118316e-01,9.873178798303063886e-01
4.727360620815512782e-01,9.839809792778861919e-01
4.742082512433301034e-01,9.895284800378875145e-01
4.729197828118592017e-01,9.860348600948050102e-01
4.673407711885325666e-01,9.640802737207991857e-01
4.640178354244224312e-01,9.507805087147578327e-01
4.712760906522650006e-01,9.768987672495674790e-01
4.683615669284326155e-01,9.698029139970786305e-01
4.725897347716254138e-01,9.810489321408982777e-01
4.697274792815994138e-01,9.713248133442624610e-01
4.678558666472484862e-01,9.652714114620029040e-01
4.637388639810590130e-01,9.495224940041243622e-01
4.667787873603096993e-01,9.649090893566326654e-01
4.679473088309359374e-01,9.674535352343530681e-01
4.670733449662978209e-01,9.636516004365216492e-01
4.663174514816501026e-01,9.615063962613353832e-01
4.630622697922317510e-01,9.513310587599269619e-01
4.638905942242690927e-01,9.520453049434455250e-01
4.611438901568726267e-01,9.436212787955119419e-01
4.541226786772585289e-01,9.173548087254438377e-01
4.481308764072511885e-01,8.970751291469659661e-01
4.407319352102779253e-01,8.705645913166334404e-01
4.373018681319809642e-01,8.588660273716528515e-01
4.474617764181311186e-01,8.951357677872909813e-01
4.530937632804750703e-01,9.139544039393401320e-01
4.565358450986767846e-01,9.232848583772319540e-01
4.582366019242344324e-01,9.339911755989316333e-01
4.608893690474566984e-01,9.386830106038527299e-01
4.486997607765356721e-01,8.976156698102265574e-01
4.538627482065699104e-01,9.181808992848944362e-01
4.551207594761612629e-01,9.200722731564654477e-01
4.575804462639815884e-01,9.285504075861014117e-01
4.650461924344993503e-01,9.566620217648563740e-01
4.667118973534010173e-01,9.607786419252473120e-01
4.670890431108660756e-01,9.629697134047254803e-01
4.682278971051418437e-01,9.690400558472577197e-01
4.620898804001815074e-01,9.464849522764703371e-01
4.605382047859879480e-01,9.404046529761687090e-01
4.551348594390160485e-01,9.242475201840922860e-01
4.554763861108106493e-01,9.205998858078721092e-01
4.617129219273325424e-01,9.452238634169436438e-01
4.662395073380464217e-01,9.591490189682647660e-01
4.663415245558987787e-01,9.630161650402527806e-01
4.639273750129424001e-01,9.504218848641303730e-01
4.578748007754899207e-01,9.305733124805541934e-01
4.561032829684205647e-01,9.242452863286716447e-01
4.677212958644159091e-01,9.632777996472559057e-01
4.661008185213963428e-01,9.571904757645414152e-01
4.696299068893807216e-01,9.714416048029463902e-01
4.578612316979142616e-01,9.302569507587598041e-01
4.622592589212580760e-01,9.442992727369329264e-01
4.583130126339968746e-01,9.344139787803047437e-01
4.602029465385178431e-01,9.407287136362022517e-01
4.553624577223635561e-01,9.211807192264220845e-01
4.537967372732380489e-01,9.152090406500491548e-01
4.488671284593643285e-01,8.994666974922408409e-01
4.540477883107692514e-01,9.156399336700407066e-01
4.567725228873186216e-01,9.260265019146967092e-01
4.542737211570936351e-01,9.161414627949455713e-01
4.625980085095501293e-01,9.462140081187238039e-01
4.625181034873040997e-01,9.474042092553606187e-01
4.519623227749445804e-01,9.754572799320397891e-01
4.570207017738649458e-01,9.953505250341073696e-01
4.392084765527882184e-01,9.291317044352179755e-01
4.501898795137103670e-01,9.661043663949070437e-01
4.249742799662787340e-01,8.847427444723321432e-01
4.346741416787753276e-01,9.236913215582671643e-01
4.156952218033352353e-01,8.506442271395040500e-01
4.277071909645140946e-01,8.882236498790451185e-01
4.374920734399560529e-01,9.211109434124872264e-01
4.516967343774437316e-01,9.746615336685175990e-01
4.230242606432612629e-01,8.750077096550367139e-01
4.294160423394156600e-01,9.064023981463595891e-01
4.243880649285615148e-01,8.776414318912978407e-01
3.998816525476261430e-01,8.062378172784310237e-01
4.106951323122622899e-01,8.337443008519940246e-01
4.187674056106731602e-01,8.592969391750593378e-01
4.321164369045581433e-01,9.040835103351941848e-01
4.244739228141163334e-01,8.811961998008677188e-01
4.418841933403988009e-01,9.441719006793850566e-01
4.281787497754886429e-01,8.966250027416057256e-01
4.171403537635622882e-01,8.561034365148594283e-01
4.283605412146178626e-01,8.947306284671950882e-01
4.056025417681106693e-01,8.233379050075489980e-01
4.180722513418238528e-01,8.560048030671095765e-01
3.954560464299943234e-01,7.871034664029105121e-01
3.548983213452381880e-01,6.788510382095742646e-01
3.714399948292257392e-01,7.222724367087026698e-01
3.659974255791714759e-01,7.107910947505173826e-01
3.489665207265266189e-01,6.605163606741575322e-01
3.405460736088309903e-01,6.350281719834460770e-01
3.290563697122884101e-01,6.140770687702382657e-01
3.136191761441122772e-01,5.745878304059970354e-01
2.920186981635400358e-01,5.271149643867758527e-01
2.811028488365094891e-01,5.060539445328436914e-01
2.885822104906397012e-01,5.199598959023887801e-01
2.756780539518104978e-01,4.926048816838827227e-01
2.890914003379189134e-01,5.246401534057150151e-01
3.061152769078301916e-01,5.588542257810471536e-01
3.054241453008066376e-01,5.567502202851041249e-01
2.967037043638389160e-01,5.371671942941022015e-01
2.704198148603228491e-01,4.804675536920022250e-01
2.752087201098024627e-01,4.940778291783965437e-01
3.167089552514137929e-01,5.873535642372225141e-01
3.305935131679433314e-01,6.168706381022550644e-01
3.561806452972355319e-01,6.841836382111196047e-01
3.459281685378746696e-01,6.493332711607063823e-01
3.471992870219347549e-01,6.584565334954387561e-01
3.546706020119828606e-01,6.740606170025845723e-01
3.580557724906445749e-01,6.789377565441923057e-01
3.984054774914236874e-01,8.025536651065324767e-01
3.451862715189991104e-01,6.528355934367839897e-01
3.374686680727063126e-01,6.291510230804830961e-01
3.151242302668267881e-01,5.787205787454919870e-01
3.097125008155360293e-01,5.650134799222497062e-01
3.008130983076528486e-01,5.475866177880933661e-01
3.229958956344380350e-01,5.964376700152780320e-01
3.534173355942309414e-01,6.713869791032490708e-01
4.035018788851642002e-01,8.137945745857493307e-01
4.035018788851642002e-01,8.137945745857493307e-01
4.058377207066297121e-01,8.227589470795055870e-01
4.034298794133441834e-01,8.094065536364462021e-01
4.174877670235113691e-01,8.682260638168221023e-01
4.310187889899499414e-01,9.018297396014296474e-01
4.156790381634039022e-01,8.569442408390507415e-01
4.310096460122471163e-01,8.967360959633822182e-01
4.310668202592797260e-01,9.042460999325003801e-01
4.106077864603938643e-01,8.352334813584439965e-01
4.213041735618960892e-01,8.776072947033091154e-01
3.957527228856832502e-01,7.899877363137012276e-01
3.581050193531281067e-01,6.867923471479753239e-01
3.676022667038785219e-01,7.084310752494834551e-01
3.677065146556451891e-01,7.147428921491807419e-01
3.589592056675675047e-01,6.869952720233969412e-01
3.761738653237094998e-01,7.330614685420855370e-01
3.912723909262432742e-01,7.761691881598226095e-01
4.079176297203257473e-01,8.238654467904001910e-01
4.230994255851837083e-01,8.779738208417674494e-01
4.439646096645140649e-01,9.443397503192075826e-01
4.488064593432221083e-01,9.568826230223194118e-01
4.482294692784777879e-01,9.569187098137911240e-01
4.572035271632620690e-01,9.952742952227964235e-01
4.505514096988477712e-01,9.663625613059784181e-01
4.508183094339011654e-01,9.646365364380397045e-01
4.569789765703100026e-01,9.906479463060053892e-01
4.545814155868143636e-01,9.790697196073646635e-01
4.444201091493815703e-01,9.478666753917160959e-01
4.396201896578951773e-01,9.328203565269175268e-01
4.267558228182133928e-01,8.790321611830430593e-01
4.381495346652318212e-01,9.209907260912059135e-01
4.339949871939094983e-01,9.124470166035993923e-01
4.524470627186560900e-01,9.743780234336836266e-01
4.348368962230073631e-01,9.098251475427492352e-01
4.186048658166863778e-01,8.655729165959010762e-01
4.319470463364135648e-01,9.142140252001472733e-01
4.111393643487246119e-01,8.378227696625252241e-01
4.037150609592349837e-01,8.106138708621531963e-01
4.021128238887932693e-01,8.077220968833974668e-01
4.153229912707488425e-01,8.476367942810730804e-01
4.296371233622103269e-01,8.921685078207712838e-01
4.412831675724604996e-01,9.323955871072968637e-01
4.308282428093195282e-01,9.026104950055958698e-01
4.300843513315983357e-01,8.876320216799797880e-01
4.501753060860337330e-01,9.715128721230179565e-01
4.133136422824612577e-01,8.494674768203205328e-01
3.839432544142744042e-01,7.558698494947135860e-01
3.764781932006797671e-01,7.357000575494743178e-01
3.971388084264604323e-01,7.887323444265637029e-01
4.246032152699276141e-01,8.836293010305507067e-01
4.068333736365571385e-01,8.235935817182716834e-01
3.943423200806037143e-01,7.878383000123765356e-01
3.862771615843248463e-01,7.613527193436044893e-01
3.977054046449630120e-01,7.953301757974716724e-01
3.939164480303711802e-01,7.849361667299272760e-01
4.406901182355914548e-01,9.331721237355619092e-01
4.441316123616497191e-01,9.453520369578716220e-01
4.429967988275991253e-01,9.442380028729304708e-01
4.449017920057428133e-01,9.533080434523401037e-01
4.438593663375117737e-01,9.443645748926876582e-01
4.240788795009565182e-01,8.825778772499409675e-01
4.282201867093233805e-01,8.924668910679965927e-01
4.022757374454650758e-01,8.089133248027814416e-01
4.350498659455614425e-01,9.099204332475188117e-01
4.204280334955486920e-01,8.643662787702772743e-01
4.272843294964628891e-01,8.919799898045734921e-01
3.970658232650295938e-01,7.911871121756376413e-01
4.050455766442912497e-01,8.166763563636941781e-01
4.115906712712361082e-01,8.393247437000115330e-01
4.256542125141619670e-01,8.831512525742285513e-01
4.275707321864412602e-01,8.847157480271239383e-01
4.192225483732089364e-01,8.583451899955066855e-01
4.221727491557860645e-01,8.707351096153889136e-01
3.922478656312377576e-01,7.809062442962100281e-01
4.009138751184586624e-01,8.087306398090272630e-01
4.178267651364201973e-01,8.610100532257114470e-01
4.152011246618948492e-01,8.476428914952235383e-01
3.979318373107540441e-01,7.954611295860821718e-01
4.061019721662366688e-01,8.202140072023044182e-01
3.983965403793316429e-01,7.979935571103291547e-01
3.891267457632739957e-01,7.726254553320716090e-01
4.039397347319478304e-01,8.189207540619846126e-01
4.244571969709337034e-01,8.768559771992464613e-01
4.100835963826530706e-01,8.304728625419127708e-01
4.334937999183951507e-01,9.050730920780676314e-01
4.412692410878957805e-01,9.338645884271759012e-01
4.254983289772369948e-01,8.879000794834183141e-01
4.313750820415377385e-01,9.005872102956432590e-01
4.026780713737901918e-01,8.182026541279473486e-01
4.078662521570110555e-01,8.233505773424314444e-01
4.478803739496257652e-01,9.541635522416900272e-01
4.343333635436483209e-01,9.088458940219141802e-01
4.343872790331552713e-01,9.099396004218343048e-01
4.069526254053265624e-01,8.225345888503767799e-01
3.716813968681869085e-01,7.214185156703192270e-01
3.670628268309340525e-01,7.070151113405399590e-01
3.876834111050040388e-01,7.626631348583631231e-01
4.030685054583112992e-01,8.134424334720143923e-01
4.131207257159194568e-01,8.401845659972422276e-01
4.124887202017091248e-01,8.402898049944373948e-01
3.947019112099742766e-01,7.935771248885243878e-01
3.736582111222256364e-01,7.235279857182745911e-01
3.693310408709100101e-01,7.156557968495892430e-01
3.697032218068806997e-01,7.127255683046491708e-01
3.949458541410127976e-01,7.912307574910311114e-01
3.854460389136896703e-01,7.655683892295981341e-01
3.957072975372962209e-01,7.925427915743267215e-01
4.346910852572579698e-01,9.156485196457389009e-01
4.383480940201589515e-01,9.239577098144080569e-01
4.353349392018235342e-01,9.075173110445623470e-01
4.546941361332025311e-01,9.870539685139115837e-01
4.599190482895355037e-01,9.965804014594085158e-01
4.317201442909598952e-01,9.140564756536679880e-01
4.395858816646873723e-01,9.355706428026677735e-01
4.467222259423211939e-01,9.522895139953346799e-01
4.367739788725042427e-01,9.220046098773999610e-01
4.049502898714428811e-01,8.205272615422481985e-01
4.089319351567344274e-01,8.297755393993111461e-01
4.072001853625457635e-01,8.232901238113280451e-01
4.434328588737725396e-01,9.389997234479851018e-01
4.345665548882266527e-01,9.126789758977412736e-01
4.332052383859674727e-01,9.150518992567228116e-01
4.417427291702124559e-01,9.392803764971634495e-01
4.449775046600747408e-01,9.486596959032571608e-01
4.548824759582086319e-01,9.917098433748567921e-01
4.377308115260495347e-01,9.241358954088912947e-01
4.199625512812540928e-01,8.669369383968869025e-01
4.202763021600822713e-01,8.658691809207337275e-01
4.425542148214855476e-01,9.385751313990965405e-01
4.548195016297317261e-01,9.855190686658611421e-01
4.576313778046091074e-01,9.947085933689355786e-01
4.578198105547846564e-01,9.950589209177699290e-01
4.578198105547846564e-01,9.950589209177699290e-01
4.536896799250000334e-01,9.810030415881513255e-01
4.539444454989452482e-01,9.825587551716151724e-01
4.410410649459264865e-01,9.287124191431762599e-01
4.320634755992303622e-01,9.016322851926867887e-01
4.070642852457235228e-01,8.261588818551460767e-01
3.929763103018475423e-01,7.793032658871570373e-01
4.062906839779126811e-01,8.226034081896007599e-01
4.309858090621971893e-01,8.947436135912684163e-01
4.441507692321101097e-01,9.392775254298134646e-01
4.559924786029647681e-01,9.834249063110243050e-01
4.559067298129740320e-01,9.892353540922463884e-01
4.433729994263785334e-01,9.384361684044306706e-01
4.330212136846324222e-01,9.083603117931799975e-01
4.528198052120001593e-01,9.844758693482773548e-01
4.155972421723643784e-01,8.534427505157362592e-01
4.250703563921172656e-01,8.795825972064206244e-01
4.069609830227969294e-01,8.203412122701732034e-01
3.986238854684274191e-01,7.979592631999509189e-01
4.054211139719655077e-01,8.229108641995579454e-01
4.211516960713478919e-01,8.667242127343266489e-01
4.202948644941731926e-01,8.714350540431446968e-01
4.491515280129469989e-01,9.615252393803322972e-01
4.509144995070417106e-01,9.692295620743291984e-01
4.247031879868158333e-01,8.846809359745676504e-01
4.536246964468444443e-01,9.790521660064772647e-01
4.505299825093533883e-01,9.708176515936702833e-01
4.393636324759703227e-01,9.351285350535609719e-01
4.292169668818089368e-01,8.938759230842640013e-01
4.375351507220173741e-01,9.254182486736182156e-01
4.320176654353918289e-01,9.060168898926644898e-01
4.089050434995851191e-01,8.387241363257638138e-01
3.996076536514491795e-01,7.986900405308601236e-01
3.860256565433186626e-01,7.649645542667590226e-01
3.911526524274167027e-01,7.761117824693277711e-01
3.747534408782076665e-01,7.347054468460032517e-01
3.596137145857760120e-01,6.895325876963602774e-01
3.823999961508714462e-01,7.527920547604290968e-01
3.742664561155002456e-01,7.277916800123934715e-01
3.591884064768867124e-01,6.899064792225338971e-01
3.644176123785710097e-01,7.014074742080997904e-01
3.945272752206189781e-01,7.747107514230879843e-01
3.654486430953822751e-01,7.033187266809437510e-01
4.141242658255431253e-01,8.449379372584996384e-01
4.072306791383365487e-01,8.273332051423453182e-01
4.007516991310276500e-01,8.059530174343930709e-01
3.987070214824110503e-01,8.033767641243571012e-01
3.759365494695403043e-01,7.374682530267896441e-01
3.892437460809332062e-01,7.698893619698699009e-01
3.719639557889102277e-01,7.251804260763167198e-01
3.698549641557149492e-01,7.188181270320747052e-01
3.788151127653313632e-01,7.382430724127377886e-01
3.793583441970665993e-01,7.400340026601748278e-01
3.956284521713047675e-01,7.893487187464180987e-01
3.845828742391434463e-01,7.559160574231230667e-01
3.792150491913241495e-01,7.406168089656561815e-01
3.945915931486863593e-01,7.910210048218925261e-01
3.935951800349197782e-01,7.862000750425363060e-01
4.180613212576484994e-01,8.591766496061361558e-01
4.348043269145402401e-01,9.091785963711096485e-01
4.483274207859911376e-01,9.655855227495103721e-01
4.573167695839971403e-01,9.930829356662356222e-01
4.476303605735214575e-01,9.586836377251282126e-01
4.537928867154646384e-01,9.735310647744455093e-01
4.475451531969281138e-01,9.611183548176537306e-01
4.390582702385064651e-01,9.302397757982333593e-01
4.442545046810935649e-01,9.425492965391617517e-01
4.199902518357545578e-01,8.640062475082448401e-01
4.028132615926808269e-01,8.149567879302463957e-01
4.054198829064388221e-01,8.201169379361792355e-01
4.175877998386395284e-01,8.579269232968553816e-01
4.028496815581262269e-01,8.093871871596937106e-01
4.181666934202700192e-01,8.573523254432772189e-01
4.107980893951649337e-01,8.421183349001578611e-01
4.185716803394312069e-01,8.594435735260481657e-01
4.132260607191365898e-01,8.401271630082050024e-01
4.078176909257267280e-01,8.191208509984940767e-01
3.934638349953092362e-01,7.853313845445475394e-01
3.873372812314276326e-01,7.693184223477389505e-01
3.904797229615796783e-01,7.751508101904275305e-01
4.132727107139836931e-01,8.402006957483261207e-01
4.093550634834929314e-01,8.337432050586996990e-01
4.161916425411341658e-01,8.535124344048781175e-01
3.963215772898849298e-01,7.887725395149007834e-01
4.102278122646197955e-01,8.317672516858660714e-01
4.238888250550834069e-01,8.746820917375849325e-01
4.328242280417136656e-01,9.063136708116941165e-01
4.260219985041814317e-01,8.884678053444823309e-01
4.271664017701328198e-01,8.899307373796760956e-01
4.137836801081677396e-01,8.462012974705567236e-01
4.305777053438513136e-01,8.962947853317617675e-01
4.299954343537327750e-01,9.108266471593955416e-01
4.327557071387785892e-01,9.037444244921759573e-01
4.474851276462074590e-01,9.524137508555238218e-01
4.427870177922359485e-01,9.430754709978280692e-01
4.475333637611713655e-01,9.552843879952100936e-01
4.419259146634084146e-01,9.327278014447458743e-01
4.520516347198206830e-01,9.712128779038181614e-01
4.575085206236286228e-01,9.959041604849044882e-01
4.460568892400365582e-01,9.529700031925818493e-01
4.407885422612181636e-01,9.360896412730199678e-01
4.484271170235578086e-01,9.613585741965857689e-01
4.404132951787597672e-01,9.365859282938209240e-01
4.554295061388836108e-01,9.773489468143151671e-01
4.492040742773960038e-01,9.664578304827965427e-01
4.511531439042552605e-01,9.712059347265172837e-01
4.327741927100318131e-01,9.055285379703467141e-01
4.237056072772130699e-01,8.781020006405995115e-01
4.526480985536023849e-01,9.741300716517732328e-01
4.405932067816536457e-01,9.317058444369538117e-01
4.563659525812659989e-01,9.883631730373657609e-01
4.277788766318997293e-01,8.919427790503571263e-01
4.411914786300984992e-01,9.371604918110968407e-01
4.495131258012887154e-01,9.665544102427685580e-01
4.497419499948547283e-01,9.630315449519749604e-01
4.228973585686981451e-01,8.725040222063477069e-01
4.507839061403348668e-01,9.767553210862962576e-01
4.565525020496520314e-01,9.878496737737977318e-01
4.471246144235982434e-01,9.557653951378098922e-01
4.286574441549020897e-01,8.944807825425239445e-01
4.153911651847554953e-01,8.498366032813794435e-01
4.140742837182778135e-01,8.461200302490176073e-01
4.335629356772732201e-01,9.121374615655933882e-01
4.181125935663929649e-01,8.596541600449790765e-01
4.181125935663929649e-01,8.596541600449790765e-01
3.881634166697651711e-01,7.709060949138318852e-01
4.093330736575704343e-01,8.252758494042773396e-01
4.028107987537445922e-01,8.101779709966034915e-01
4.208228281097367018e-01,8.716255487091457699e-01
4.240107791683578875e-01,8.780329063196982142e-01
4.303320089763541523e-01,8.969122195755195870e-01
4.298621636177445970e-01,8.964897352949958709e-01
4.211534002087730100e-01,8.621036971154252271e-01
4.152531444305016528e-01,8.517549313641424868e-01
4.476918511999684047e-01,9.611836072625878913e-01
4.455894619854413596e-01,9.498341853580907213e-01
4.270973413982490641e-01,8.881561753805400361e-01
4.236131597555953809e-01,8.815804841648309242e-01
4.400937064064873727e-01,9.385571794041676075e-01
4.164862892385838844e-01,8.559123324953843426e-01
4.305173436015142241e-01,8.942433937841274272e-01
4.426276669872676872e-01,9.404224672607695013e-01
4.598926572289940840e-01,9.946342754570021150e-01
4.411115022787657769e-01,9.368935807355132095e-01
4.124047013222217339e-01,8.438357666114842948e-01
4.257197104859688497e-01,8.812302595775149960e-01
4.314105114741566549e-01,9.075116110686118898e-01
4.091988103829258816e-01,8.346450287934902290e-01
3.928378104948646032e-01,7.832340618733446558e-01
4.277153456064969883e-01,8.848889532804873337e-01
4.126228094980307071e-01,8.402599581009840835e-01
3.903757411110998499e-01,7.693332467375393335e-01
3.932580654911442819e-01,7.839937110979218193e-01
3.849521236813396863e-01,7.632175798149649637e-01
3.774893496637234391e-01,7.345654981781181148e-01
4.081572822132798484e-01,8.265586538835894004e-01
4.183260915361361465e-01,8.624208277785134769e-01
4.354738108765238702e-01,9.148063488047161185e-01
4.526108705830613199e-01,9.813066580706583109e-01
4.457398762948976412e-01,9.472762937703428365e-01
4.249671579021710444e-01,8.794765436891159860e-01
3.954994789348684758e-01,7.882733440672108349e-01
3.595800507526099032e-01,6.841734744546826841e-01
3.812530729433540877e-01,7.453142916633967996e-01
4.144452452230617534e-01,8.454179641314752969e-01
4.293684396441939111e-01,8.940842769660403144e-01
4.259157314972198960e-01,8.845221525463647927e-01
4.428496715233896652e-01,9.400407807557782380e-01
4.274928654497799352e-01,8.907156524770868389e-01
4.447148023892792401e-01,9.517874461826095756e-01
4.407738648250177360e-01,9.348042510912359937e-01
4.570276084005187589e-01,9.893077551278625092e-01
4.460586598184653195e-01,9.536825572045448673e-01
4.473253351213964391e-01,9.639985607698784431e-01
4.452855185236873070e-01,9.428698695973041222e-01
4.357090424138981288e-01,9.133533099839085123e-01
4.333917562671900092e-01,9.139349061496132576e-01
4.469511917652082000e-01,9.602596863273037409e-01
4.409653709585819037e-01,9.258599870965480427e-01
4.384737019512470191e-01,9.272738686859171020e-01
4.291628552939590335e-01,8.957972115122222467e-01
4.277985488905191591e-01,8.911285825071120215e-01
4.277985488905191591e-01,8.911285825071120215e-01
4.264532751044078362e-01,8.865467041492998135e-01
4.303821120311734916e-01,8.968032712634679271e-01
4.230060979148955180e-01,8.703234208960856089e-01
4.402778964154172026e-01,9.271435988787551929e-01
4.377758839266738811e-01,9.217996052712456034e-01
4.538334281954540250e-01,9.805668686473335560e-01
4.404466088271296043e-01,9.372652791595363908e-01
4.187766360354912010e-01,8.604756160229913853e-01
4.173017405847097572e-01,8.581779770469916135e-01
4.424330627426230067e-01,9.372061622999204866e-01
4.515586396372050504e-01,9.714579636419971020e-01
4.369720455244039958e-01,9.178580810320476902e-01
4.535248349552665204e-01,9.774415017124883365e-01
4.546847148259581251e-01,9.813907780870613218e-01
4.524144372132128944e-01,9.739960974750906386e-01
4.345561033025233111e-01,9.127830231365763325e-01
4.450577933486103976e-01,9.440998982802748518e-01
4.475949256121264375e-01,9.594531179380705321e-01
4.120864469307001787e-01,8.367742503317867619e-01
4.216345556276626105e-01,8.722706221688136807e-01
4.528356559031553874e-01,9.705137001160892840e-01
4.590881059527363028e-01,9.926122451611015807e-01
4.316149829504296598e-01,9.054166150053305495e-01
4.278911830105794345e-01,8.949249776625919361e-01
4.414939282251630903e-01,9.337692594653304035e-01
4.581133075528976972e-01,9.879627617700642572e-01
4.540325036735805009e-01,9.769251249622747935e-01
3.930976378496331969e-01,7.839779263053958669e-01
3.960032109112414656e-01,7.940552304657702010e-01
3.869107855465552248e-01,7.606363283109773832e-01
3.867345521352728022e-01,7.634426946612912213e-01
3.862560911610499748e-01,7.598023995374251216e-01
3.756935642326266200e-01,7.300434801035953214e-01
3.841373147579617564e-01,7.587247172280905394e-01
3.954860185663527372e-01,7.916285506208993183e-01
3.904073733178121675e-01,7.742789246137750103e-01
3.883717515513155916e-01,7.650949482154206782e-01
4.210723998662465606e-01,8.664518153693558933e-01
3.827603506873435979e-01,7.534217954256257066e-01
3.760149596787463744e-01,7.326264410678411387e-01
4.067615191360648974e-01,8.208381534535037494e-01
4.148472197091291336e-01,8.532683081778201784e-01
4.189138032367091813e-01,8.654429156978408200e-01
4.167176233334103364e-01,8.536427161825461685e-01
3.906450405738376430e-01,7.761152080027515776e-01
4.165127564191329346e-01,8.540954152726626392e-01
3.966420749602836970e-01,7.909049925541140613e-01
3.783569259117648409e-01,7.404754222715707046e-01
3.617203293582827439e-01,6.918973410532233137e-01
3.759492143900854400e-01,7.311945681661409235e-01
3.686798821498575296e-01,7.083557064502328249e-01
3.763953729283645577e-01,7.336199411003353488e-01
3.808013586980641962e-01,7.478447092433661014e-01
3.895553688377977331e-01,7.752553520668296061e-01
4.061494020173111452e-01,8.199604829245168425e-01
4.041419712309156642e-01,8.102075153893808501e-01
3.724066646745191611e-01,7.277640461185577170e-01
3.438482303944634388e-01,6.533212545813649186e-01
3.710071286908221966e-01,7.220877946297797889e-01
3.505640370883508772e-01,6.635424421930177230e-01
3.675267723997550084e-01,7.078882961400140283e-01
3.754035255680258643e-01,7.343648687219961335e-01
3.976702555857898891e-01,7.971871131840334579e-01
4.308995801945608162e-01,9.038416723348866588e-01
4.576163306069277459e-01,9.937656723361113498e-01
4.554235603986697689e-01,9.880877000683514488e-01
4.511860720661933222e-01,9.663086034993972895e-01
4.465661144818741102e-01,9.552232412696316510e-01
4.580590825021089718e-01,9.976758508472773901e-01
4.536803127800460578e-01,9.786875687447544880e-01
4.536803127800460578e-01,9.786875687447544880e-01
4.546281823440679881e-01,9.836172144911602411e-01
4.551272519955118501e-01,9.866335214555294053e-01
4.556459309657858725e-01,9.853939491259164907e-01
4.479105494982107416e-01,9.629115219774398993e-01
4.293286468723344074e-01,8.899655117824377681e-01
4.328430594700999334e-01,9.071242375851190642e-01
4.260260544810318684e-01,8.885939422788966535e-01
4.144394948014909486e-01,8.501007602321861700e-01
4.422955096690454613e-01,9.361007237829712668e-01
4.403716221112826679e-01,9.318925353595352012e-01
4.397725490110341862e-01,9.273352212922577609e-01
4.337068860082090027e-01,9.110939747312866155e-01
4.392368756268955066e-01,9.318333275735221077e-01
4.430014712211245431e-01,9.389065035859600616e-01
4.497441634681076383e-01,9.629976124608344845e-01
4.542464040140616888e-01,9.792588414090170890e-01
4.480546972476140422e-01,9.560347463783183120e-01
4.466083168158532790e-01,9.480815634785345614e-01
4.439285268439057131e-01,9.391547639058670516e-01
4.148639483164547337e-01,8.456013952153599300e-01
4.196727470680473027e-01,8.669765718930096954e-01
4.261121380816157989e-01,8.831510958771151554e-01
4.251888800156638504e-01,8.824901332935678466e-01
4.214027175385344770e-01,8.664376800212157947e-01
4.098484679614288195e-01,8.372617941553491816e-01
4.025935387976019020e-01,8.100270801130895482e-01
3.767702716110813976e-01,7.382783653157310999e-01
4.016600759783418573e-01,8.062865451836006558e-01
3.992460946708890068e-01,8.011597689037593950e-01
3.817450216656214645e-01,7.517178292257056249e-01
3.757493735732758133e-01,7.237251073763908416e-01
3.810842778999025682e-01,7.439402026675396851e-01
3.850595900275585182e-01,7.709666872054419251e-01
3.766691218237603334e-01,7.305312862681244690e-01
3.867901270820998105e-01,7.673360579626906652e-01
3.740504338162470854e-01,7.245422428832465345e-01
3.695690991854867491e-01,7.181808739595072488e-01
3.744972426497752971e-01,7.302467048706779984e-01
3.435377905179630709e-01,6.461945758307401366e-01
3.653777443135930447e-01,7.003539645403742409e-01
4.033179178023665878e-01,8.147715509203511397e-01
4.033179178023665878e-01,8.147715509203511397e-01
4.031699724405077845e-01,8.133222422854807787e-01
4.143075777337998922e-01,8.443752113376373769e-01
4.199140708807888589e-01,8.650031112752575302e-01
4.073689517551180583e-01,8.305568921246159197e-01
4.148343749538317971e-01,8.480694573091103194e-01
4.118827118876643434e-01,8.380339501565122751e-01
4.034887142101262203e-01,8.154530823318663080e-01
4.311257729651867820e-01,8.994997326570696172e-01
4.195391847941406516e-01,8.595906123969316859e-01
4.218391261374744294e-01,8.707267705929120361e-01
4.277752831468158989e-01,8.960712664137231442e-01
4.416578786991081640e-01,9.310725225110252357e-01
4.505676993390322904e-01,9.692466691659761269e-01
4.416917758000845629e-01,9.411469281627158345e-01
4.531165771183670032e-01,9.811611635389169139e-01
4.443732547559094415e-01,9.468222361620223237e-01
4.542506282316281507e-01,9.818910881398542623e-01
4.375857653847499695e-01,9.259279231983751357e-01
4.406989850415130028e-01,9.397124388333428779e-01
4.220838139611149398e-01,8.733596870830963033e-01
4.245865683716942285e-01,8.734177351121280575e-01
4.421095185664922766e-01,9.414351571352824743e-01
4.482799474528553763e-01,9.577825641333855833e-01
4.353927832118517083e-01,9.175060256113024559e-01
4.521330394304625688e-01,9.725163911131061711e-01
4.535791749260910666e-01,9.814053171725168889e-01
4.406678743734278036e-01,9.322554961070798063e-01
4.546523223730618568e-01,9.795903715252127775e-01
4.567755017144720653e-01,9.917581792269812846e-01
4.420760619693500093e-01,9.404279382647736663e-01
4.199921287037081119e-01,8.622166115105420747e-01
4.199921287037081119e-01,8.622166115105420747e-01
4.343197018130973697e-01,9.114644660609777516e-01
4.334313880196424273e-01,9.057453162880355624e-01
4.331479089368288071e-01,9.080735501163337275e-01
4.421948044714250625e-01,9.449818896043338246e-01
4.386795367506334253e-01,9.242412615633197603e-01
4.379147942921999825e-01,9.276311348628173414e-01
4.395232732750938842e-01,9.260548744909137264e-01
4.438398295953149275e-01,9.385870222123250395e-01
4.443375367244569718e-01,9.463835023464265417e-01
4.554710469642800907e-01,9.857137443302258495e-01
4.532443430522220540e-01,9.778153372480253847e-01
4.303900558967067580e-01,8.979522517189287845e-01
4.115818547363553903e-01,8.391113779169840914e-01
4.326332951973287932e-01,9.014356419240724394e-01
4.254876426725215377e-01,8.845468234139941544e-01
4.458565115260875178e-01,9.560909292905497292e-01
4.361251675713647691e-01,9.216759432650110107e-01
4.388160887809972044e-01,9.251919809847581888e-01
4.299569616669861594e-01,8.996151544381385534e-01
4.176063406857464799e-01,8.513957617771489295e-01
4.198947034114381971e-01,8.587968952752961238e-01
4.512857739326056050e-01,9.665968118054887315e-01
4.570185372498419274e-01,9.884830879608257348e-01
4.555414882800484788e-01,9.884549018180138757e-01
4.523049687545694919e-01,9.729547908585048921e-01
4.430962467464504284e-01,9.404322146772823299e-01
4.498290565457087609e-01,9.739168091853296350e-01
4.509084313933292010e-01,9.760929131839516382e-01
4.569414018142393674e-01,9.944287754967865434e-01
4.523850125248221055e-01,9.811007133362869004e-01
4.525361320755928451e-01,9.759169607243887157e-01
4.432264267071491237e-01,9.416798405563407970e-01
4.356975769081019023e-01,9.174531246847712485e-01
4.304949361144564390e-01,8.982802397779590109e-01
4.324167804798874082e-01,9.016940153322099416e-01
4.370031728034112772e-01,9.144354130023112370e-01
4.267046356898718251e-01,8.905463018435064715e-01
3.903428811982786462e-01,7.772340362436040984e-01
3.934464758003491935e-01,7.812038686843060242e-01
3.832585493140541755e-01,7.540521682270240333e-01
4.046290872661997828e-01,8.233200230298841626e-01
4.248659130735329970e-01,8.732524506469805381e-01
4.176501936350561217e-01,8.634572543745431261e-01
4.079634102555277364e-01,8.277316794936248057e-01
3.998862055234990720e-01,8.010617995749359510e-01
3.739713170768833583e-01,7.301996703818899315e-01
3.733977279706545138e-01,7.228784540032265893e-01
4.078556629873061334e-01,8.243943590210985883e-01
4.333387000493924557e-01,9.121619127413556072e-01
4.419977317246853166e-01,9.353815984764469738e-01
4.533144603277948215e-01,9.788792822563441298e-01
4.571510799996460483e-01,9.907725235105101502e-01
4.537842066613937964e-01,9.795504154660777951e-01
4.485967822670622329e-01,9.696342225893459510e-01
4.315264644284111939e-01,9.068686615919575589e-01
4.558673364704982078e-01,9.820752008676784106e-01
4.240898155653203827e-01,8.812443335974498027e-01
4.329927291187775085e-01,9.059991246908264406e-01
4.145359361706453249e-01,8.517455030297305107e-01
3.638667932082693679e-01,7.016831194952518613e-01
3.609762231525299736e-01,6.923611615980633793e-01
3.755559439926385301e-01,7.344511084650188204e-01
3.651953168390305593e-01,7.018795802246773352e-01
3.717698805624736202e-01,7.249161957600381845e-01
3.841808806222816730e-01,7.488439381371720938e-01
3.788247355603335254e-01,7.446867185299872460e-01
3.732607431431132494e-01,7.263059461764553859e-01
3.529103226338459187e-01,6.676584194256680593e-01
3.538299107624844342e-01,6.766046860448480249e-01
3.605595605263846037e-01,6.894114700903253290e-01
3.080994882687887459e-01,5.652181264052825727e-01
3.228112434017454402e-01,5.976505092944237596e-01
3.185945657984612933e-01,5.909798545405394732e-01
3.750332909427793182e-01,7.296160506742073171e-01
3.744725613919990814e-01,7.305090400382955318e-01
3.868789419935172447e-01,7.652326394995390135e-01
3.804558585235005563e-01,7.468561428529683077e-01
3.849982782325069852e-01,7.587601914544445103e-01
3.642436113514798679e-01,7.018149269697832038e-01
3.611113347859219447e-01,6.912136613011776731e-01
3.277111181679426277e-01,6.115020765787964052e-01
3.629162700688411403e-01,7.008061275724957184e-01
4.006095536681966718e-01,8.004814758225206051e-01
3.661716949873384253e-01,7.060180141467131687e-01
4.005648427739767481e-01,8.022306567131441968e-01
4.190325324777796068e-01,8.610532679229310205e-01
4.110013952903692203e-01,8.325122165413758601e-01
4.027931138217558105e-01,8.152180543884811614e-01
4.115973263238286717e-01,8.389485712341754331e-01
4.183461379675326164e-01,8.633630387575425003e-01
4.348969875005477825e-01,9.144052367380539614e-01
4.285204772136956830e-01,8.897529186026766901e-01
4.343567625034682744e-01,9.179901362740037207e-01
3.983262936223998518e-01,8.007482059484041237e-01
3.761496175094101724e-01,7.349481921965201892e-01
3.878815089259048943e-01,7.613639266726694999e-01
4.046789054905425287e-01,8.128470401132091849e-01
3.964920741902964174e-01,7.937530992119214979e-01
3.966610640672318944e-01,7.918146237273496757e-01
3.925086548877091963e-01,7.791757293101942983e-01
3.879639521011263303e-01,7.614803715338249734e-01
4.160014136704218157e-01,8.500895745583189056e-01
3.862082363713902344e-01,7.578732007667797754e-01
3.942829278776865953e-01,7.887018676490944458e-01
3.975641937268383219e-01,7.961887125292418377e-01
3.814345369109564676e-01,7.472656013039442602e-01
3.857649534685061998e-01,7.603305282351618954e-01
3.858395161362600523e-01,7.614177119592208109e-01
4.259358576167470711e-01,8.872010004043574538e-01
4.300309488082780796e-01,8.974779091146921628e-01
4.197495366513308013e-01,8.711619461853176150e-01
4.297983925884740208e-01,8.939243648242036766e-01
4.390489416547940227e-01,9.265548215515114761e-01
4.305242921322294247e-01,8.945758311369493843e-01
4.127947931872919529e-01,8.444092808572614128e-01
4.234749097049818611e-01,8.727841614141613746e-01
4.292004008224761247e-01,8.976035550055604384e-01
4.002634277532723939e-01,7.989810682818969667e-01
3.829500997380671512e-01,7.517258567456210905e-01
3.833999455693988812e-01,7.579894426465177970e-01
4.189599696197706113e-01,8.587252354489514072e-01
4.469452078369147707e-01,9.570449480796379138e-01
4.449114435669182521e-01,9.495182914086034431e-01
4.407816795426974243e-01,9.380409167300992612e-01
4.375301870911862401e-01,9.240848863847224148e-01
4.469083175039395006e-01,9.524640076679510292e-01
4.170046956189964460e-01,8.508225338619196387e-01
4.280092460300856660e-01,8.883539779981662887e-01
4.115063095493622369e-01,8.396761153992935434e-01
4.172237697056641603e-01,8.568228097511623176e-01
4.312519019398671216e-01,9.001957890600426060e-01
4.477912549898376837e-01,9.555933445243567359e-01
4.564940336495983408e-01,9.979713356142118075e-01
4.409819119286885192e-01,9.361832294315595160e-01
4.364706710746211749e-01,9.178076102965895267e-01
4.353786103766332793e-01,9.216646749737982258e-01
3.998251525542745877e-01,8.031517324579409145e-01
3.833520096496262353e-01,7.543422342009659110e-01
3.709866678738339418e-01,7.204802140126329579e-01
3.741604334619151873e-01,7.304501743634383981e-01
4.000254788558412766e-01,8.013818056840715798e-01
4.219076527187413661e-01,8.687571974365811966e-01
4.419017217850350066e-01,9.362036056512034188e-01
4.417562526257349242e-01,9.412124790884991432e-01
4.498052024656216119e-01,9.698607620135176743e-01
4.569889947191161927e-01,9.964190743258249938e-01
4.512920576208709900e-01,9.703656251943562072e-01
4.392820002716743555e-01,9.230323588180143757e-01
4.473748988067916543e-01,9.568603749783254342e-01
4.542072350141729276e-01,9.789322765172626672e-01
4.397745276704814188e-01,9.424629924021930005e-01
4.563931277493448180e-01,9.873987346438928281e-01
4.548557393218106704e-01,9.828850239564587143e-01
4.431332357140463363e-01,9.398173119087858129e-01
4.561337847909344712e-01,9.854719163718760333e-01
4.384787171812405959e-01,9.240835249885989144e-01
4.168113348353083558e-01,8.534297574324448687e-01
3.668990164119724784e-01,7.088028994343927858e-01
3.903451012968351397e-01,7.716736630772457195e-01
3.818639431624885616e-01,7.516610544396570281e-01
3.728732812179790246e-01,7.235388192571178267e-01
3.926804927805410128e-01,7.783856898322938367e-01
4.137525417320552235e-01,8.417083783295462585e-01
4.218476734921379756e-01,8.672468712529789459e-01
4.158911177871667531e-01,8.534470230493352849e-01
4.172671500073988904e-01,8.587835146558223665e-01
4.307167764663363263e-01,9.033459381928709009e-01
4.260082726376862028e-01,8.848894274516856395e-01
4.321939609716264896e-01,9.054320380252434131e-01
4.391580563380310109e-01,9.305909898236073285e-01
4.563973275856912926e-01,9.944979431818978810e-01
4.546478258738441136e-01,9.834779454890655304e-01
4.461942637165461911e-01,9.611240910404796889e-01
4.237629400489431597e-01,8.778580548634383751e-01
4.443971802466863963e-01,9.423860994536282787e-01
4.569886085404547549e-01,9.941347471029290395e-01
4.582152176535866372e-01,9.896051574163392539e-01
4.446079530915851841e-01,9.529926360763167903e-01
4.479101436250634838e-01,9.636517440939390555e-01
4.506468128035920340e-01,9.772416863270205756e-01
4.306441319016262592e-01,9.130700248326762969e-01
4.477657810748805201e-01,9.594448840184460758e-01
4.445753636709965373e-01,9.480682818040830906e-01
4.353082340113305637e-01,9.195686873889074020e-01
4.295602331117411854e-01,9.026230076141930070e-01
4.478119002862980258e-01,9.567806159917681130e-01
4.363524970120002400e-01,9.219747393461603657e-01
4.515213400051037995e-01,9.763974663620539340e-01
4.366534463010475209e-01,9.188177956190456408e-01
4.369221847943558501e-01,9.207259963086202870e-01
4.279650693789588956e-01,8.922466212976837285e-01
4.491554224371750448e-01,9.651143809898157233e-01
4.504028612313554225e-01,9.690064104642308607e-01
4.230707231685754688e-01,8.708516065595897082e-01
4.452040147790474189e-01,9.423623427221246018e-01
4.588379571184799111e-01,9.938450928488891112e-01
4.420860766816334109e-01,9.426575310924071305e-01
4.394179805177295117e-01,9.284417139115858086e-01
4.124196622104236987e-01,8.390031873916303784e-01
4.194468229333440101e-01,8.619135798809358651e-01
4.347565483575062117e-01,9.123272760618964528e-01
4.318892324146834105e-01,9.079447046338304794e-01
4.177110609728514334e-01,8.588484072210150755e-01
4.150066041028303010e-01,8.507359745266723783e-01
4.170673491783010722e-01,8.558714949138708228e-01
4.338446922686599039e-01,9.186728269145729708e-01
4.289433277671271805e-01,8.986224974441174851e-01
4.366960136110293877e-01,9.193442585975128978e-01
4.455781902726196342e-01,9.514809427958623722e-01
4.476269182942554936e-01,9.613010390670971850e-01
4.509163748931867555e-01,9.752535800614452466e-01
4.413002929499417193e-01,9.345529201504506611e-01
4.432411570976247384e-01,9.414584343060755645e-01
4.509800514309756925e-01,9.692399717246186208e-01
4.552095714259298820e-01,9.850817452629091475e-01
4.420047832997623383e-01,9.395925071710741205e-01
4.549454454158705086e-01,9.892210128204834696e-01
4.547358555371391886e-01,9.895574607638883968e-01
4.348466178456938946e-01,9.167139110164016502e-01
4.264866324076428961e-01,8.886092067291215812e-01
4.295909017292000032e-01,8.969788012581616510e-01
3.985458937309514504e-01,8.023664382350949031e-01
4.131757003547619767e-01,8.389710778424340765e-01
4.265260187740080866e-01,8.833527355172514639e-01
4.352614487015154521e-01,9.213606032693671954e-01
4.418053501804642402e-01,9.392501357083966607e-01
4.523412025013150428e-01,9.777507202065965908e-01
4.225655225091646261e-01,8.851446228474918465e-01
4.351174428606769951e-01,9.136784783353694150e-01
4.371860289221826124e-01,9.186303853712477485e-01
4.398456562778949586e-01,9.323724855920132448e-01
4.410741803645984449e-01,9.317557998314446310e-01
4.493611036120949698e-01,9.587782242099843755e-01
4.277404378296818521e-01,8.906278333406294490e-01
4.277404378296818521e-01,8.906278333406294490e-01
4.096794684918213525e-01,8.291706000402803145e-01
4.103127113543539872e-01,8.331777736158055836e-01
4.082271227128507207e-01,8.272682115797441726e-01
4.200471776065490270e-01,8.637468098347504952e-01
4.122013215661596841e-01,8.426643191471676619e-01
4.311078464813057343e-01,8.987601844451097444e-01
4.145517138877111707e-01,8.497981274908482652e-01
3.976382959127599537e-01,7.955550540455103015e-01
3.946746259901122711e-01,7.883115677354003425e-01
4.013143894643423915e-01,8.049131014427036712e-01
4.034152178336768979e-01,8.161040586545122988e-01
4.065493890621581508e-01,8.195586312058080747e-01
3.961990263037413196e-01,7.891013971390999915e-01
3.968138168920444242e-01,7.915879545792945393e-01
4.064971045526732940e-01,8.215204657603401017e-01
3.652596191079783838e-01,6.994631804442116296e-01
3.544321972093631423e-01,6.771380074399906412e-01
3.425368004741635164e-01,6.431705429554064324e-01
3.541156878657546470e-01,6.760032665941729801e-01
3.865380663896898494e-01,7.662923112418073002e-01
3.993325752492706826e-01,8.007184670762291789e-01
3.907427278341794041e-01,7.763361046284984468e-01
3.824862058509995166e-01,7.528611669088733915e-01
3.801194505227692977e-01,7.452842298447552860e-01
3.792805850069231877e-01,7.431273971320930816e-01
3.831796765083804179e-01,7.549336275747067226e-01
3.788740826527307037e-01,7.375476390160247142e-01
3.884720545157771543e-01,7.762196309616289369e-01
4.074458283090733879e-01,8.257031668045695660e-01
4.280758114696207040e-01,8.875662182903557573e-01
4.511288766056116284e-01,9.727225342934564534e-01
4.331666738866404298e-01,9.095537130959788774e-01
4.330988673113421727e-01,9.068097355323991859e-01
4.541177733200544853e-01,9.789096221116192487e-01
4.421858638484650883e-01,9.346421950735394057e-01
4.264042450221639524e-01,8.849364145505467238e-01
4.284323343682847618e-01,8.932835146817275085e-01
4.191866404136721513e-01,8.607865688390144987e-01
4.362349771214383276e-01,9.114002907031751866e-01
4.457776301942664166e-01,9.454655563631216841e-01
4.206141511076555428e-01,8.686093246887135466e-01
4.209038563581695702e-01,8.691483422840697859e-01
4.589487318787132120e-01,9.955930023403206652e-01
4.584798596641633806e-01,9.925463998123349452e-01
4.380696618248254293e-01,9.219793260593484030e-01
3.988599389584906452e-01,8.026488076186953924e-01
4.072784134713386406e-01,8.272923211668877785e-01
4.253348186781881202e-01,8.795612652571290768e-01
4.178839566834827712e-01,8.576064714892326357e-01
4.296313328645571805e-01,8.955500257439976686e-01
4.077442757623918057e-01,8.264486648782557454e-01
4.193958364589889243e-01,8.606766815866804254e-01
4.225723850977542995e-01,8.743650177544528557e-01
3.946522430544683324e-01,7.893597194846214693e-01
3.640397197877990876e-01,7.000384581720771049e-01
3.776090091475470811e-01,7.398559537943818487e-01
3.517004271462421117e-01,6.701732582560405715e-01
3.634407102078342500e-01,6.976309481394464829e-01
3.341912446462392827e-01,6.270557243818369875e-01
3.338013726778615298e-01,6.239467639937690269e-01
3.412570275736247494e-01,6.472985067921906976e-01
3.569759591586701974e-01,6.831493625168665318e-01
3.065623272078386585e-01,5.611847111720270620e-01
3.025959731093214589e-01,5.490219158580228465e-01
3.288029040957066162e-01,6.141949743749720581e-01
3.043109674558377442e-01,5.558477498152831764e-01
3.132926774949399418e-01,5.774410594498757821e-01
3.327721986195380510e-01,6.287184738873466960e-01
3.149836963859133920e-01,5.751628128351866653e-01
3.083101356282552663e-01,5.654391532620540728e-01
3.170141028417671758e-01,5.819941054866837327e-01
2.821520062168164089e-01,5.075683410437300536e-01
2.902085741660068718e-01,5.214538439526600344e-01
2.941430496435200603e-01,5.366488771682679237e-01
3.003998450531024655e-01,5.440480751559152450e-01
3.299175615824628260e-01,6.138718491514124631e-01
3.254856825550064836e-01,6.028318721852524709e-01
2.744485030533617698e-01,4.900484444460713185e-01
3.089084230034670475e-01,5.686545300544260106e-01
3.377535800668426402e-01,6.335429821653564275e-01
3.754441912484982047e-01,7.319055805798014847e-01
4.084185008000091321e-01,8.308814040292373804e-01
4.183161630805706244e-01,8.623227663516694896e-01
4.490191620593610988e-01,9.591787503079124422e-01
4.296970030515129269e-01,9.015264961179230152e-01
4.446892799345393832e-01,9.465644086965852022e-01
4.488117580616114433e-01,9.587858463264549158e-01
4.402031333745771158e-01,9.322090676047890545e-01
4.445627249409783155e-01,9.479320811511749989e-01
4.418287042542457521e-01,9.341156229499822938e-01
4.550002541500943187e-01,9.808097006663635264e-01
4.390121510812773353e-01,9.267435039235671912e-01
4.217586283386980384e-01,8.748160874418760002e-01
4.306494643816701218e-01,8.918743114835560037e-01
4.334606615183334011e-01,9.028549676141188751e-01
4.385499754981200260e-01,9.237885688124627404e-01
4.523819338810358692e-01,9.777088203604868966e-01
4.385928956131202594e-01,9.301046880228233116e-01
4.530999108708272383e-01,9.811808458018450585e-01
4.389476100180350615e-01,9.248803838544278344e-01
4.497388442102566719e-01,9.610061874916445701e-01
4.444868263279376230e-01,9.512268602452754740e-01
4.605791342734703031e-01,9.950849676207670358e-01
4.504736731494512481e-01,9.668957544588758779e-01
4.499705987413563091e-01,9.632139664178076544e-01
4.564032498409802407e-01,9.934866154408849015e-01
4.494596295095074079e-01,9.688353273774314989e-01
4.508357825274371122e-01,9.709354186002477904e-01
4.501775357537992628e-01,9.689663623740026877e-01
4.571370460536520741e-01,9.937137653501254553e-01
4.413734145725622948e-01,9.438555596171217532e-01
4.269457405055944732e-01,8.907456387662612274e-01
4.004277458152312730e-01,8.008374614706581518e-01
4.133205736277710263e-01,8.403750230347208916e-01
3.944007040956752363e-01,7.911375791528599821e-01
3.533551230946144206e-01,6.708745628756859203e-01
3.555360955569610293e-01,6.802648152055644770e-01
3.690791775526018892e-01,7.132491420980249242e-01
3.624320681873360317e-01,6.957863951511602529e-01
4.023176938282879700e-01,8.138399129388974584e-01
4.027521496457591721e-01,8.105829975979294000e-01
4.029324086697890772e-01,8.121751074571406104e-01
4.205200907655057274e-01,8.710652396962773603e-01
4.223042987165533946e-01,8.761270177945843507e-01
4.063314321671052110e-01,8.259025883943709179e-01
3.948473703608034735e-01,7.896688485085091580e-01
3.677946798616839041e-01,7.131869282057110571e-01
3.957631352616122200e-01,7.883419457251025220e-01
4.176369461473178890e-01,8.629225085587469701e-01
4.199847110238641990e-01,8.618132867227558114e-01
4.302890703911009807e-01,8.971185978829648855e-01
4.303826654169488619e-01,8.962223160978990411e-01
4.306823584683305839e-01,8.982583874830577519e-01
4.401875310560515175e-01,9.285044888862755696e-01
4.211714949792326190e-01,8.636305758951309253e-01
4.113641662644247909e-01,8.407814453233083407e-01
4.026570175746759794e-01,8.063254193960516236e-01
3.541401628430309589e-01,6.724909042216077326e-01
3.511090162654137425e-01,6.672077477549888114e-01
3.490353552562844297e-01,6.633336070736617351e-01
3.421517613744471942e-01,6.475227940258767578e-01
3.702196433325565250e-01,7.197002063755044698e-01
3.921670720250138853e-01,7.734694312902253843e-01
4.181476233927914343e-01,8.587171137352732631e-01
4.169013312010619310e-01,8.549911626624164818e-01
4.222738238132147659e-01,8.716323852977310160e-01
4.317281244073048474e-01,9.048834940846212094e-01
3.723179608028014398e-01,7.285790971882207812e-01
3.880465404585490274e-01,7.681379630177090911e-01
3.997663968148854052e-01,8.025712821638741890e-01
4.003430063989791288e-01,7.988922796306191509e-01
4.175810090854642498e-01,8.592354970988798080e-01
4.044754052916367804e-01,8.189471815283196898e-01
3.993477694759445251e-01,8.024215081695931229e-01
3.916411926519861586e-01,7.762211813556600948e-01
3.952336505521314991e-01,7.921693961222084912e-01
3.955403132773009367e-01,7.844398634311753327e-01
3.818919553612993845e-01,7.484178609637061053e-01
3.806456037009682825e-01,7.429565671852198516e-01
3.716904866251688477e-01,7.227112299481527335e-01
3.462892793111753131e-01,6.527167925023085182e-01
3.443456782945383265e-01,6.544742287865500385e-01
3.380682708641948864e-01,6.349296178412577873e-01
3.027363655177307544e-01,5.492264325668535507e-01
2.903645100452460492e-01,5.300408068375920267e-01
3.392753264385647283e-01,6.339084049371104257e-01
3.328381214676275901e-01,6.211750031826785978e-01
3.137699418089280878e-01,5.795712860171353675e-01
3.417832268817078134e-01,6.468360635890090249e-01
3.664760088402516103e-01,7.061489478109124196e-01
3.706457223879974228e-01,7.204915854865601155e-01
3.532441446164810150e-01,6.726239802981340832e-01
3.066795650397172723e-01,5.636606914635929888e-01
3.189429274030455841e-01,5.861220814874705809e-01
3.007206511051993547e-01,5.440511010890085597e-01
2.801141489768273485e-01,5.009811154207579609e-01
2.546845557071221733e-01,4.522200835447814371e-01
2.677332178499085003e-01,4.743714276749056435e-01
2.793337743602926082e-01,4.987393344572589315e-01
3.180154786445892334e-01,5.824838851568286957e-01
2.887810198985515386e-01,5.144633530074813610e-01
2.669049752126360087e-01,4.781533443213720203e-01
2.929495761921117047e-01,5.250193956681012963e-01
3.005958940742528007e-01,5.489578875874204789e-01
3.071262051160859041e-01,5.614838588690864718e-01
2.878114249047168949e-01,5.171511941276492053e-01
2.877041276582287810e-01,5.152811110099780878e-01
2.672405393151130459e-01,4.766390881441622818e-01
2.763084713839875084e-01,4.985503591518452016e-01
3.091213033229583962e-01,5.680485344212743426e-01
2.957822459904185242e-01,5.366574774405672432e-01
3.061541880372806723e-01,5.620623708566456767e-01
3.047577620912292340e-01,5.567556395205325304e-01
2.588387064657526326e-01,4.568633852324844313e-01
3.309413063075395400e-01,6.180193116652968888e-01
3.201531197365684589e-01,5.896685662263569938e-01
3.204451846882178656e-01,5.959431509329065069e-01
3.181245073052317296e-01,5.892197997823129807e-01
3.456773572814827999e-01,6.526320538942343985e-01
3.450040117214859259e-01,6.551828770183562023e-01
3.426112774415968065e-01,6.466833304445172015e-01
3.460947326312946992e-01,6.529147468720050140e-01
3.792629911148978628e-01,7.461476184033910553e-01
3.778126141287860840e-01,7.443310844695120165e-01
4.018306269411580089e-01,8.063722802723451988e-01
4.418015170291085814e-01,9.368388527715428848e-01
4.232159806843079908e-01,8.752451708489223936e-01
4.243725130666744505e-01,8.729074081432213195e-01
4.322396287939462289e-01,9.036831663387066005e-01
4.305599370339401877e-01,8.964444631716834699e-01
3.737051310787611880e-01,7.293967663262659329e-01
3.533320105411900669e-01,6.696868478944713043e-01
3.779020008689862320e-01,7.398233104116832548e-01
3.325407199245015155e-01,6.228656570353389155e-01
3.351018118938894341e-01,6.262293286423643579e-01
3.110397373694923639e-01,5.716630833928997291e-01
3.204165892160530937e-01,5.899263838559499762e-01
3.093869710728587297e-01,5.681063439114532043e-01
2.954007951367070284e-01,5.345749750395659694e-01
2.987254959972843738e-01,5.466923918191342047e-01
2.939215825182887598e-01,5.371305088431082009e-01
2.617725733266521582e-01,4.666394404921393457e-01
2.843422819950586766e-01,5.138098537222413054e-01
2.452499736741720893e-01,4.337000125654044136e-01
2.497883162856770201e-01,4.413148509164259159e-01
2.693995415637051583e-01,4.819749348118069210e-01
3.079021411389805674e-01,5.633180773733048596e-01
2.946122808320556508e-01,5.300592570348502397e-01
2.625635404266241646e-01,4.693589858709098506e-01
2.703628512073197321e-01,4.825547666823069570e-01
2.746127002083103008e-01,4.912196413523396421e-01
2.944311564514061619e-01,5.329229245374421664e-01
3.192095103831291691e-01,5.886420288560629821e-01
3.361630828205783295e-01,6.284938662278990451e-01
3.345624075964317989e-01,6.264393381934528771e-01
3.504919184655707620e-01,6.688493643563168112e-01
2.841723482071227269e-01,5.143842205592658035e-01
2.969949487728048565e-01,5.404870514248316660e-01
2.806909138517038604e-01,4.996250609220191929e-01
3.013089775181048147e-01,5.459669943759000166e-01
3.002676750135637174e-01,5.434629992920354535e-01
2.842908868769710162e-01,5.108738621791083512e-01
2.645983947762976518e-01,4.748108349821099083e-01
2.447775006875649584e-01,4.345148899161566658e-01
2.418303736788920411e-01,4.264511108075707546e-01
2.530951499660697990e-01,4.493677590618135875e-01
2.173590916240674409e-01,3.860935335254427891e-01
4.475176853867613436e-01,9.056444482822353370e-01
4.439506521926297467e-01,8.951695140818380914e-01
4.524434825951271222e-01,9.206840636075070972e-01
4.590984643311925018e-01,9.472351740907219986e-01
4.676343192414971206e-01,9.804039567130282684e-01
4.685218929579894054e-01,9.836359678967436793e-01
4.604635438469637521e-01,9.516496411861622429e-01
4.599489743503009653e-01,9.503796913037148020e-01
4.697187879357844764e-01,9.904833809751277807e-01
4.493202171216880703e-01,9.157987419322080047e-01
4.371653517952467372e-01,8.740119114316557969e-01
4.347260122927757431e-01,8.685579349026850693e-01
4.439080486422203875e-01,8.940337947958216791e-01
4.631935266214198266e-01,9.623763945471754955e-01
4.606274471997213182e-01,9.578348028063243813e-01
4.479727058792561389e-01,9.106960198796772987e-01
4.410180586580110251e-01,8.864683515639939504e-01
4.572956446764904204e-01,9.419693295004317735e-01
4.616062729541940413e-01,9.587257141322363951e-01
4.547897619277719850e-01,9.358004352676186910e-01
4.528823926609825690e-01,9.293691537768694610e-01
4.484995941342393433e-01,9.109284828965193981e-01
4.497039366656234161e-01,9.140871334173519269e-01
4.530974651009466170e-01,9.241102257749126414e-01
4.601222683824521265e-01,9.495830257833118848e-01
4.623691092320306728e-01,9.592417469279621578e-01
4.556014395221397728e-01,9.359755986057070043e-01
4.583790945688331342e-01,9.471925114529065048e-01
4.379367430617129298e-01,8.739727732312441155e-01
4.438276989581874110e-01,8.906093725195108890e-01
4.503524819038404181e-01,9.162151690786151104e-01
4.432609104399173883e-01,8.910296536090354103e-01
4.488967226930615784e-01,9.139291029828279234e-01
4.511123062197855416e-01,9.198654943405382145e-01
4.443626505638386126e-01,9.020438158319858957e-01
4.529940398047628269e-01,9.278909766698124617e-01
4.481918757612423088e-01,9.048249150924130291e-01
4.389252376876635608e-01,8.802726636047736308e-01
4.468185124888923720e-01,9.077108300320370082e-01
4.444678905625434884e-01,8.988530124566903590e-01
4.434371158546840386e-01,8.950544596281096998e-01
4.436769645137246254e-01,8.939606161230642112e-01
4.486981521586456689e-01,9.137238871365498394e-01
4.401931520687848987e-01,8.774074595459199211e-01
4.478109872940255198e-01,9.074334811159943115e-01
4.390918588462903172e-01,8.833918536923895948e-01
4.618348749447893087e-01,9.592705749463316112e-01
4.516504985661346505e-01,9.284069929804503740e-01
4.667376338541039393e-01,9.741190977029147158e-01
4.634707643859743431e-01,9.625124198431592726e-01
4.601849208498186572e-01,9.530532759117386066e-01
4.700424856097558668e-01,9.923183448985120059e-01
4.726341447660417083e-01,9.968972554852454371e-01
4.613418119345607527e-01,9.574072746860738947e-01
4.652341196719630423e-01,9.754366803042591183e-01
4.561341763576853281e-01,9.423659406476349032e-01
4.476682223566311181e-01,9.057125153264711237e-01
4.480718733731540726e-01,9.129201612376610653e-01
4.460740008047918148e-01,9.026323475497872728e-01
4.472007684144024275e-01,9.035516177561204731e-01
4.484350130414449520e-01,9.104840515931673650e-01
4.666100848995214934e-01,9.779767696234229479e-01
4.648112523718745948e-01,9.672283966010534195e-01
4.526071847775812174e-01,9.254235060370316068e-01
4.463998807000512103e-01,9.013122435833358370e-01
4.367108108552543166e-01,8.705687376532431632e-01
4.239975700038159934e-01,8.330970398706617486e-01
4.210853984503910019e-01,8.192369933775076607e-01
4.315218805863781371e-01,8.568501712483310717e-01
4.325490752629264080e-01,8.552389681910965713e-01
4.257107373499854908e-01,8.381461057794551417e-01
4.112605312210799169e-01,7.939146984168167220e-01
4.127670631674106860e-01,7.959312047658022582e-01
4.376642448798868101e-01,8.699936428312583514e-01
4.477373884650335811e-01,9.061061442273481426e-01
4.711670516782319185e-01,9.888290573386393500e-01
4.568933960011858364e-01,9.417322948229066570e-01
4.719599031367395225e-01,9.957527665214181978e-01
4.651158136703830159e-01,9.668277537765205265e-01
4.515965773067304734e-01,9.220781041167604997e-01
4.558051951902029608e-01,9.352366054987405475e-01
4.377143972043107678e-01,8.767470878304994830e-01
4.393425848619449403e-01,8.824093283184083480e-01
4.352609670368772221e-01,8.649323791066856337e-01
4.495194494981652467e-01,9.080015633366395056e-01
4.502213399430633478e-01,9.139859738894134944e-01
4.606051960648513410e-01,9.494900267505947955e-01
4.682158306118405777e-01,9.826162473078758897e-01
4.645434103590495023e-01,9.700140730171505909e-01
4.702289842893571103e-01,9.927940070413709961e-01
4.652909503947478820e-01,9.727945451440435098e-01
4.614556630853080543e-01,9.607852027799479444e-01
4.496093518779009646e-01,9.112339718800636090e-01
4.591466862407241889e-01,9.493281180226617044e-01
4.524100790095562097e-01,9.266827692648396120e-01
4.584496674449668463e-01,9.447841271476526970e-01
4.725924109281047225e-01,9.966035040717434734e-01
4.691508882023419647e-01,9.848626097011980995e-01
4.718399605688231579e-01,9.975018281481609073e-01
4.701783296705476789e-01,9.914970579963909847e-01
4.149978375157775679e-01,8.006347320292835912e-01
4.005135105885830327e-01,7.588506405938034716e-01
3.991309452102039246e-01,7.528157206446364214e-01
4.040901596820152819e-01,7.686277051008134631e-01
4.051134023349932667e-01,7.716391960910328196e-01
3.997537338580802180e-01,7.525500612552668001e-01
4.019208743729699163e-01,7.604550405730674534e-01
4.100209767950956929e-01,7.870997228970428861e-01
4.169812458470953387e-01,8.110044946883182559e-01
3.978258196358663845e-01,7.455491147429418319e-01
4.032575736913158182e-01,7.680720431280047000e-01
4.268870389078639471e-01,8.383643157441920124e-01
4.085317590835734758e-01,7.864375303409011364e-01
4.138004300703106431e-01,7.993175950076248926e-01
4.127514172201054432e-01,7.925011166423322484e-01
4.187414515887152300e-01,8.107315840098032744e-01
4.170307665577332457e-01,8.043558625376028282e-01
4.041252292586097195e-01,7.726315276562093493e-01
3.975639308975440489e-01,7.496383828196628851e-01
3.971317586645889408e-01,7.493129098306482438e-01
4.079325565957300226e-01,7.842512443155948976e-01
4.126413701389084476e-01,7.931253719368311916e-01
4.039960055448693077e-01,7.676301408019640116e-01
4.059494087046550126e-01,7.724290433514239274e-01
4.200831290021178055e-01,8.201010103465425916e-01
4.167481855871690288e-01,8.053255546791967534e-01
4.137470454345738569e-01,7.975786392536420299e-01
4.274714229245964447e-01,8.405997019837416762e-01
4.158682427672761861e-01,8.094174018815332161e-01
4.056391725254360758e-01,7.719090550244221971e-01
4.006821841212508950e-01,7.586244995803383961e-01
3.964899087847426618e-01,7.490470954446359908e-01
4.067246078690529565e-01,7.773257932025362527e-01
4.103592528782638027e-01,7.873531088126998201e-01
4.047348647123802379e-01,7.732741883363901669e-01
4.049058442761880316e-01,7.718014928303742472e-01
4.060162356869532196e-01,7.737486231751076193e-01
3.875345403610547246e-01,7.209008598318689121e-01
4.173719041561024801e-01,8.078646240169762294e-01
4.306542049434605723e-01,8.508204038438277328e-01
4.295690638350956880e-01,8.496595865873995956e-01
4.396930835102521029e-01,8.803322337135198739e-01
4.346885941220446914e-01,8.666152999110967592e-01
4.429255969894673739e-01,8.934765411853488049e-01
4.461501949597819205e-01,9.033127960696221148e-01
4.338918506974754896e-01,8.646051777747698619e-01
4.480163687395081196e-01,9.080724748023143444e-01
4.633326858652572766e-01,9.617081351746570306e-01
4.650834750053631783e-01,9.700701608017062716e-01
4.678931492019770544e-01,9.797567695698011780e-01
4.532557003151765906e-01,9.277831394751537841e-01
4.403974359568876840e-01,8.849907691456173620e-01
4.450297228053360366e-01,8.973603551221140950e-01
4.335079807232698479e-01,8.600372795533499648e-01
4.213895134944147247e-01,8.222359228172765322e-01
4.268076775923217991e-01,8.411847539610690649e-01
4.308152617285503361e-01,8.494185778927515473e-01
4.375854883775129323e-01,8.722667076565457922e-01
4.471691082315537025e-01,9.091458641547285335e-01
4.408497024786331431e-01,8.825879825014327773e-01
4.444233052917525018e-01,8.948353866712333016e-01
4.430122710919121021e-01,8.937852011207149117e-01
4.483238695985302114e-01,9.098032542236489384e-01
4.497238385467829946e-01,9.097367559319963215e-01
4.387967866510549819e-01,8.732123551686719054e-01
4.286764475757727788e-01,8.471123778773090862e-01
4.370870309386180597e-01,8.702638589402412750e-01
4.332795568287556298e-01,8.599413438015938160e-01
4.348785615400563298e-01,8.630799981876291493e-01
4.461263928271094747e-01,9.040208917431330482e-01
4.423301437377979983e-01,8.932228912987745240e-01
4.597356862996885285e-01,9.519427596576526263e-01
4.526016750540597378e-01,9.220830045956173171e-01
4.546164099249500601e-01,9.300160852806435008e-01
4.652092171809474874e-01,9.702951321682600216e-01
4.617309711084002233e-01,9.604443694672353260e-01
4.512704116786900865e-01,9.164407478696233733e-01
4.528346179492382939e-01,9.227285852640524366e-01
4.631842334270460104e-01,9.694653558632704282e-01
4.678047247493607452e-01,9.825026556825232626e-01
4.647063153602168928e-01,9.650905446019381051e-01
4.657405399148530356e-01,9.749094778721375532e-01
4.550739114168716459e-01,9.377344373846058234e-01
4.539803527519777337e-01,9.271236263439488479e-01
4.564264730121924130e-01,9.413993733521691665e-01
4.611579632530978246e-01,9.594693090411481329e-01
4.687103138891047793e-01,9.828895488363098565e-01
4.711495678611438698e-01,9.940705846779838151e-01
4.676459336390661470e-01,9.774475626929579608e-01
4.699181216914112280e-01,9.914743255554325785e-01
4.703674662329325740e-01,9.904623187495593672e-01
4.632540040546515026e-01,9.614073747091798072e-01
4.603368079411735425e-01,9.527867975732259298e-01
4.563182993487331918e-01,9.359748691687712618e-01
4.458357325370827517e-01,9.052684065299626548e-01
4.562614717590448010e-01,9.381297481944147476e-01
4.718391061600455405e-01,9.997614850918408180e-01
4.618460571484198085e-01,9.595136382535782715e-01
4.601768451693075135e-01,9.535899218968701962e-01
4.710626575980069730e-01,9.910690926551342095e-01
4.110173503592931543e-01,7.900590515839718275e-01
4.093577302002001650e-01,7.824536904785575064e-01
4.153439362995096085e-01,8.056954441249267740e-01
4.312479290864183468e-01,8.556320181994765406e-01
4.310547773157990536e-01,8.537139054944766769e-01
4.091253390343911889e-01,7.832608554330104944e-01
4.188862404076679757e-01,8.137388588667351375e-01
4.227847925146645536e-01,8.236247558316530659e-01
4.236463095209526686e-01,8.264166245250694764e-01
4.197377195428060315e-01,8.182119485663299496e-01
4.240597526808106976e-01,8.304677591427513939e-01
4.435227098266156798e-01,8.930457711782706642e-01
4.359397945335955482e-01,8.729434670427872467e-01
4.468783030926664068e-01,9.023427892621083135e-01
4.416991007202407671e-01,8.875492460488932922e-01
4.460930698855936627e-01,9.022261129596573781e-01
4.452053920052893576e-01,9.023310436691478476e-01
4.342611480729628992e-01,8.618420147788754537e-01
4.121652974489037891e-01,7.929872733302260057e-01
4.026913861241085968e-01,7.679834323951751918e-01
3.862597794426226860e-01,7.188519956036271141e-01
3.966483991125641650e-01,7.473180494158070397e-01
3.962319009310445450e-01,7.459538042394181501e-01
3.972231440639393263e-01,7.492038272631161844e-01
3.986121028480771877e-01,7.498771165110127424e-01
3.801026730599031400e-01,7.015739569396565178e-01
3.751667556790808655e-01,6.851794927195793417e-01
3.675548706167277579e-01,6.677673827125552020e-01
3.890274422315704306e-01,7.242842782642987531e-01
3.979552813519255383e-01,7.523709213545868302e-01
3.984633943131103972e-01,7.582362302804763754e-01
3.950824427061054300e-01,7.409825420241673566e-01
3.905931643545100806e-01,7.295886321797269147e-01
3.985795524412641400e-01,7.542251799547254887e-01
4.006144535820639896e-01,7.565453114158101622e-01
3.923946067393526138e-01,7.332031988829637026e-01
3.977005041398105623e-01,7.509455831197743292e-01
3.885687250261253278e-01,7.222702745511202505e-01
3.863819469334994205e-01,7.183832212045370147e-01
3.800069885804679970e-01,6.997259919851107624e-01
3.685690005301714423e-01,6.670885321991344430e-01
3.751025101726140898e-01,6.846429116944561244e-01
3.962074496740672913e-01,7.488380152190412531e-01
4.112253297276705633e-01,7.910938923556523061e-01
4.335913968619037884e-01,8.534311597866006682e-01
4.353355853977349255e-01,8.666824179262591077e-01
4.330786772437881793e-01,8.615017929773172156e-01
4.332151537713112011e-01,8.587521538618929640e-01
4.396912539386577112e-01,8.807463016793714017e-01
4.396673175523254651e-01,8.802601202707515116e-01
4.319332520188443603e-01,8.537731455235417766e-01
4.389322767983712681e-01,8.737544322387145179e-01
4.354498490524461030e-01,8.647249342895009239e-01
4.356047704367568274e-01,8.671571157590236556e-01
4.397608816331100012e-01,8.809508373116238245e-01
4.365872757153465011e-01,8.668062782246651610e-01
4.336671441538920702e-01,8.626663428656684562e-01
4.380926962690019910e-01,8.752451749532171865e-01
4.433891041656801701e-01,8.920916737821541487e-01
4.371935480551750741e-01,8.734719215736391762e-01
4.313027519250148267e-01,8.513010772255248382e-01
4.367585064880633028e-01,8.689940748946608506e-01
4.364052709544294917e-01,8.675491493020403011e-01
4.662242860703889602e-01,9.765285470602284024e-01
4.649346402184946769e-01,9.698300481365756953e-01
4.698308729477623236e-01,9.899793397120266736e-01
4.725682779021553870e-01,9.984236650042390693e-01
4.698233695482501582e-01,9.839693981020209979e-01
4.685594122815676110e-01,9.854279144702040583e-01
4.582094252649576149e-01,9.475512580422038589e-01
4.593782317414800143e-01,9.558243950893803298e-01
4.626497863884546091e-01,9.640658789917542215e-01
4.687496048702629592e-01,9.867170076833358117e-01
4.656947335819627276e-01,9.753492061575779193e-01
4.598811288514815798e-01,9.528285237126050689e-01
4.571613689761743760e-01,9.381803984883292369e-01
4.633676852199289375e-01,9.624204570780241497e-01
4.436195623821600487e-01,8.904312585038161032e-01
4.543810757945406231e-01,9.322125586965401833e-01
4.429544412714093160e-01,8.918840885705423549e-01
4.289004334510873040e-01,8.443366313821837332e-01
4.328106099238364646e-01,8.586701205824152083e-01
4.408882225522147702e-01,8.831683827637261119e-01
4.298433420579742537e-01,8.504689906081320805e-01
4.370225667864760521e-01,8.706257745123908709e-01
4.457932881770039213e-01,9.013923881841432451e-01
4.571987428100484641e-01,9.417343249864246202e-01
4.468525655790895890e-01,9.051447755552497476e-01
4.352211965422320694e-01,8.701246974053824523e-01
4.437662115766464743e-01,8.934510514477423948e-01
4.504175919956921459e-01,9.204324725627588411e-01
4.383855718691653247e-01,8.748822151588704354e-01
4.164916713666099168e-01,8.071409271218369375e-01
4.174869465424714265e-01,8.102743856537177880e-01
4.234724298213300986e-01,8.299562093632160131e-01
4.207198604051118340e-01,8.236955042593924192e-01
4.312448852339416105e-01,8.550273531791796611e-01
4.323966904616575180e-01,8.553805945756460805e-01
4.067421485930355352e-01,7.757551084068123881e-01
4.138541923248276189e-01,8.003060442963548793e-01
4.568265373007641683e-01,9.413057831830782263e-01
4.657426530876935256e-01,9.716303864428493808e-01
4.721025554347089148e-01,9.963234721728811971e-01
4.648911678212665488e-01,9.711631846381174604e-01
4.576910137951165636e-01,9.443933390976059217e-01
4.689926515316713562e-01,9.872499756251276182e-01
4.678322765028584129e-01,9.814464738723310822e-01
4.727497204810534037e-01,9.988824601645425183e-01
4.710180791926447674e-01,9.968433313744270441e-01
4.522357354630893722e-01,9.241399610978520140e-01
4.320989322291510226e-01,8.528796727621007490e-01
4.404936518190034622e-01,8.816105611331853664e-01
4.137465884343953237e-01,7.995697504373150410e-01
4.125182944815889985e-01,7.915027500881356426e-01
4.105634972720571541e-01,7.872253503255016716e-01
4.307225253399119547e-01,8.480685514147915383e-01
4.178445900186461004e-01,8.098554889436867521e-01
4.266004207011018234e-01,8.350748041830540203e-01
4.409334991362512945e-01,8.889131777280477875e-01
4.412853663155991701e-01,8.883103031228939406e-01
4.379833461345757351e-01,8.755334296177927911e-01
4.322549901457807264e-01,8.585709189597232616e-01
4.231753022223090910e-01,8.304308583801318644e-01
4.273404675530882990e-01,8.430489929121727233e-01
4.263546311981580850e-01,8.398809867351898495e-01
4.129703745802647541e-01,7.990853394207995120e-01
4.260359141910292635e-01,8.337764988863576310e-01
4.304743903689271511e-01,8.498649899843773170e-01
4.351642441465188305e-01,8.657129530515371707e-01
4.345049335394691181e-01,8.601725342197559243e-01
4.414207769825697070e-01,8.846409509429045137e-01
4.475622416835916551e-01,9.064679634501839889e-01
4.536339632041463954e-01,9.266144764565131808e-01
4.630756478517072394e-01,9.641505811988877461e-01
4.581257570326482398e-01,9.425070663049596176e-01
4.448244440690495294e-01,8.988115264414525685e-01
4.393338704197028433e-01,8.818338383583748108e-01
4.363252428921233217e-01,8.700853744513349364e-01
4.379223684059669885e-01,8.704897068169252794e-01
4.324413825606284734e-01,8.561598540143536828e-01
4.271722590985214674e-01,8.411662591246211740e-01
4.340738232398708152e-01,8.582630661156396279e-01
4.260806263520615089e-01,8.411021985665151357e-01
4.225323503971458727e-01,8.250956246240453984e-01
4.246065361297987617e-01,8.316227591905694938e-01
4.174235502157565003e-01,8.107449434208434669e-01
4.091186182081739120e-01,7.828615275523095329e-01
3.908471506108482374e-01,7.299065665477282305e-01
3.911786249994473885e-01,7.327501690888104102e-01
3.798640791611466727e-01,6.994146586598143367e-01
3.880587806652161520e-01,7.217063998015337267e-01
3.865217526104307577e-01,7.196928966595109722e-01
3.919075221254813002e-01,7.327143294767274329e-01
3.940975160516096976e-01,7.408920896128129430e-01
4.039133856275342049e-01,7.682613933870876544e-01
3.830119121576054386e-01,7.082203352562230769e-01
3.833646765929817346e-01,7.080850975064152397e-01
3.950216491082693127e-01,7.457882143527059249e-01
3.866698829668522852e-01,7.177580715117996002e-01
3.546823195592194722e-01,6.358591321769012650e-01
3.502384474330096364e-01,6.227059114584895250e-01
3.493251828493612599e-01,6.210671683035176027e-01
3.392093430970327117e-01,5.942036758271741492e-01
3.531575002673263963e-01,6.297723912990074169e-01
3.379425942318491916e-01,5.928081014268371529e-01
3.673206763279656117e-01,6.660769536090028753e-01
3.560338238248252907e-01,6.352357373602339763e-01
3.413733867496592245e-01,5.974000843088103085e-01
3.367897576178944252e-01,5.911703362653490945e-01
3.375289013495250123e-01,5.920366109971433310e-01
3.429541502029638811e-01,6.048846181208681339e-01
3.423538027686968133e-01,6.044579475996367801e-01
3.464273413078927111e-01,6.148021231817296650e-01
3.544168167554798687e-01,6.357357623983727057e-01
3.634799912209372152e-01,6.594081789975462238e-01
3.715576671082819193e-01,6.786768153196414133e-01
3.684582069097921964e-01,6.731585778034525624e-01
3.739630524529600764e-01,6.882262232345307540e-01
3.678511603997614010e-01,6.705269178399438923e-01
4.010039993866891250e-01,7.542432408719046411e-01
4.222408827985418833e-01,8.253410886352243736e-01
4.133241009736871585e-01,7.999789738529469174e-01
4.318525426988725768e-01,8.552229909196217283e-01
4.355746912042677832e-01,8.684216257426716767e-01
4.465982562840488668e-01,9.015591421375830361e-01
4.545165708825203987e-01,9.326517341774779313e-01
4.458390293352557099e-01,8.962661253696891928e-01
4.498564768847938544e-01,9.153615759345529179e-01
4.514027190358371189e-01,9.184946104552244028e-01
4.545249721832980705e-01,9.318683730810825017e-01
4.497848850962126166e-01,9.135177057878375306e-01
4.490222383755416713e-01,9.172505015359510017e-01
4.331403614610629949e-01,8.613927490037931456e-01
4.432189509828710627e-01,8.966558353179845398e-01
4.410141834609779821e-01,8.868885623942354135e-01
4.301106488112869664e-01,8.462249941307232737e-01
4.377741392305267709e-01,8.766001702179236910e-01
4.419404615606222775e-01,8.903342093119448464e-01
4.318436472370978385e-01,8.554825197690810734e-01
4.280887212835898792e-01,8.443697818462317928e-01
4.373017747101860531e-01,8.716390376164655507e-01
4.527871764928512732e-01,9.277516304229074251e-01
4.468009755159124130e-01,9.030374115984571848e-01
4.501801984819950309e-01,9.148425630486278770e-01
4.371954465271987722e-01,8.749265300586509531e-01
4.214080545224824781e-01,8.227662165413263118e-01
4.182566299291395340e-01,8.129368978945878954e-01
4.180272789581783721e-01,8.132583023262168753e-01
4.090312883629371732e-01,7.836800244524351200e-01
4.173053558989848200e-01,8.096469954985247020e-01
4.129952071359593302e-01,7.935559244124924527e-01
4.371450049902012580e-01,8.754102978024049797e-01
4.356792822775513163e-01,8.648458233703498754e-01
4.431417414895962303e-01,8.912029194421007272e-01
4.561275983903821385e-01,9.372634286437437900e-01
4.545676807166754707e-01,9.351395345505091328e-01
4.533702611783299030e-01,9.256198940297535316e-01
4.561029046053657332e-01,9.379850525072985779e-01
4.612055360028892159e-01,9.575051009167752092e-01
4.696050250620773525e-01,9.910108609292950232e-01
4.708293117910908876e-01,9.898120865501783827e-01
4.592235109117940861e-01,9.479161216795449763e-01
4.616434538892397188e-01,9.601289799959112914e-01
4.642681349076071551e-01,9.667558190463542145e-01
4.613323531632461116e-01,9.555131920564936543e-01
4.568657826575709957e-01,9.442513730602449806e-01
4.658581916616802432e-01,9.742850338040187630e-01
4.668544109267591113e-01,9.786165176769854313e-01
4.674800512007049602e-01,9.765716595145755852e-01
4.569239086557099760e-01,9.414097934670517809e-01
4.688609967056369676e-01,9.788057216680472461e-01
4.720359170139405425e-01,9.966770252956934639e-01
4.701331545080280061e-01,9.884722101682216211e-01
4.572590369479910821e-01,9.377236052787863985e-01
4.484834558083103384e-01,9.177968976973004400e-01
4.509890878668314507e-01,9.219165015208737879e-01
4.496052518392069097e-01,9.135766038137335121e-01
4.563488067404262161e-01,9.402384193041947169e-01
4.615548082199468216e-01,9.594586634620780874e-01
4.707058169825438787e-01,9.930673065638331298e-01
4.697280851747452357e-01,9.909134786849191912e-01
4.585496870827633908e-01,9.459517163095972903e-01
4.568161421709419079e-01,9.403505602819515197e-01
4.566442726480720582e-01,9.363741839674096790e-01
4.689653106334432664e-01,9.886828560411026201e-01
4.738269526130262088e-01,9.988018919370502680e-01
4.730306142037508654e-01,9.989900878658526384e-01
4.724344968478346174e-01,9.980514826949908880e-01
4.695578204535090228e-01,9.873760122737477163e-01
4.478611444204123049e-01,9.035655524883330347e-01
4.518039519717724772e-01,9.236034610076574447e-01
4.461478339301774843e-01,9.039152463832283990e-01
4.326284819157425465e-01,8.592270266271689882e-01
4.331915169607980509e-01,8.612034806235487894e-01
4.282311018746462472e-01,8.421571971522042732e-01
4.407773186706939739e-01,8.828424455336996157e-01
4.566907268203302950e-01,9.418351813362946245e-01
4.689343832941975654e-01,9.860771691991458976e-01
4.702219578743271344e-01,9.860799363173560206e-01
4.675950411073327428e-01,9.786612500991259678e-01
4.598449505142045979e-01,9.478330795623781668e-01
4.625038424803050163e-01,9.642997037751721567e-01
4.466254762545273094e-01,9.074348381538960284e-01
4.563742947801766592e-01,9.343500150153204453e-01
4.601332880573644757e-01,9.504953726149304449e-01
4.710732577423570322e-01,9.952850286603628360e-01
4.726739547354918969e-01,9.994583654102241477e-01
4.702327778932804403e-01,9.943368046680232109e-01
4.517807523886865351e-01,9.168017948775379899e-01
4.492443090530671146e-01,9.137021172439602212e-01
4.363940662454313113e-01,8.709159031252653449e-01
4.381647460350347467e-01,8.759935858767317063e-01
4.322712854034588270e-01,8.568633225405472009e-01
4.157262803670509488e-01,8.046041085547758209e-01
4.172530832096582598e-01,8.078761988635001501e-01
4.084928047424773445e-01,7.828144766176938774e-01
4.006378842481950753e-01,7.587510341512304635e-01
4.085513227975146600e-01,7.808293703487966253e-01
3.920703629185245398e-01,7.352351489038996268e-01
4.100510219766290709e-01,7.831555403163170670e-01
4.165925968366178123e-01,8.035226461442711576e-01
4.099627349842914770e-01,7.872903243950124530e-01
4.156058818422542767e-01,8.035657830546645286e-01
4.165730017909234917e-01,8.054283671528383870e-01
4.131883571412780509e-01,8.017654336220919609e-01
4.300797916422618439e-01,8.490762865778525015e-01
4.255927356942224571e-01,8.353127842200054332e-01
4.126456120428055874e-01,7.963032487061817433e-01
4.002015585746576676e-01,7.583188760419677932e-01
4.039348756726804934e-01,7.693581670088042168e-01
4.051207415681221669e-01,7.704186232945972046e-01
4.225201415732692811e-01,8.267803276465494067e-01
4.173431873896598643e-01,8.084374201819809480e-01
4.382615211615462636e-01,8.771404199711558825e-01
4.482502298312742162e-01,9.103722995267314877e-01
4.619097486122724638e-01,9.595604845146911144e-01
4.728008687810854593e-01,9.968234536946055657e-01
4.663407977059301768e-01,9.742677568757183160e-01
4.589958542950025588e-01,9.449990992930953349e-01
4.556494273308810405e-01,9.346895083545386784e-01
4.133040600726365366e-01,7.975201665655509142e-01
4.023193465395624169e-01,7.646130719606810677e-01
4.002736379200000361e-01,7.566243506951209064e-01
4.068730430728659808e-01,7.749368893016955750e-01
4.173490901922058960e-01,8.062433981935125393e-01
4.180609769826906796e-01,8.077662961243983197e-01
4.035211415758105380e-01,7.675963374108563109e-01
3.999752766776683566e-01,7.561687055944865676e-01
4.034300784093619585e-01,7.625653077857357243e-01
4.008459908040135633e-01,7.603371956598952153e-01
3.967685138070598527e-01,7.461821755285146240e-01
3.849264674690886512e-01,7.115896522489064679e-01
3.978695880184888178e-01,7.555865158317973673e-01
4.028514835902857749e-01,7.620144572003682004e-01
3.997479225608683850e-01,7.602358773666121339e-01
4.121835225145046300e-01,7.952991290130058122e-01
4.185010921996242250e-01,8.131858395820801277e-01
4.321029733630861736e-01,8.529438122716535009e-01
4.398141575095443345e-01,8.797072334748824440e-01
4.320441301477983553e-01,8.545473737749709198e-01
4.359060981284715863e-01,8.697944009523866926e-01
4.513304282885887697e-01,9.179875224288559510e-01
4.656567960434428999e-01,9.742913443754763758e-01
4.629375426384915171e-01,9.618106064638030084e-01
4.624741137489825626e-01,9.616986351425376167e-01
4.692991323059108044e-01,9.823150977027885755e-01
4.684165805297423324e-01,9.819461352547407262e-01
4.690023109389675482e-01,9.826338697275641687e-01
4.672716140549708630e-01,9.761622561831655442e-01
4.691131841843423356e-01,9.863278909348702772e-01
4.703250714506649333e-01,9.919498108462829755e-01
4.712640853868975688e-01,9.966712196406902757e-01
4.700626322502617360e-01,9.859817016180041360e-01
4.627713052826246121e-01,9.647945329031747397e-01
4.721277078889949408e-01,9.985854947099083168e-01
4.643868870826812212e-01,9.652388943233352059e-01
4.574856769451005611e-01,9.428729457906784850e-01
4.620268645689751263e-01,9.558266594043111075e-01
4.638357380076060243e-01,9.626058503754297835e-01
4.655820735960855550e-01,9.727968844537402404e-01
4.587511558581488513e-01,9.433642256035965623e-01
4.611703239883064298e-01,9.595600964038962788e-01
4.687519090125794596e-01,9.793905114443277604e-01
4.656775945136335526e-01,9.723148934345144934e-01
4.682639655339678186e-01,9.822975757012641917e-01
4.702218795766857085e-01,9.882162275354469116e-01
4.665157597315482962e-01,9.758475997255311452e-01
4.566219424940901606e-01,9.395952007461126909e-01
4.604137044652448774e-01,9.554285763963589195e-01
4.608449249556323402e-01,9.523435533899651251e-01
4.559682328507595472e-01,9.370358758602812532e-01
4.588287076289699340e-01,9.448385720849757918e-01
4.370380776455253802e-01,8.742142339252351180e-01
4.443259297891882231e-01,8.961075161425741120e-01
4.361734127579020570e-01,8.654358295491084707e-01
4.397751322423098519e-01,8.822395931481472608e-01
4.652707965725007555e-01,9.708293450523043377e-01
4.538550072043837647e-01,9.286463993992685184e-01
4.662486730629826770e-01,9.732740914144616395e-01
4.662486730629826770e-01,9.732740914144616395e-01
4.625991257087895825e-01,9.591490759785766818e-01
4.670817791740060620e-01,9.776097320459373741e-01
4.677464420083172758e-01,9.839461450197762860e-01
4.631410914863948736e-01,9.613552353171654907e-01
4.670559950622172884e-01,9.767930607054897685e-01
4.570949680078741917e-01,9.458107936094963808e-01
4.593635907231173321e-01,9.480209435042469268e-01
4.720304379149709018e-01,9.943672653846704623e-01
4.717675648257889653e-01,9.936695460876177055e-01
4.713550230669554253e-01,9.914273805693220032e-01
4.726683606052343722e-01,9.992989826233571460e-01
4.661854139021379684e-01,9.738375155740802702e-01
4.676565344388705081e-01,9.737957503253427127e-01
4.577902977223674008e-01,9.460948653491499938e-01
4.687888806333936897e-01,9.843218757964218302e-01
4.676791379195301968e-01,9.798434647556304444e-01
4.718279032466469736e-01,9.948419780475954433e-01
4.666402376689577913e-01,9.771403967054903550e-01
4.625415303511464793e-01,9.611302472901432914e-01
4.674644831097217179e-01,9.782835540810738140e-01
4.538101188086418603e-01,9.277310445221196300e-01
4.461643891623863767e-01,9.065937966794647140e-01
4.478766010007861342e-01,9.073670956190518222e-01
4.493111749480895312e-01,9.142598011906917232e-01
4.585123938118841891e-01,9.463422652916786415e-01
4.573505368511942004e-01,9.418522792576571323e-01
4.614427496161668252e-01,9.599512662816368502e-01
4.691304310203818773e-01,9.780586654031893090e-01
4.575021533080735336e-01,9.429317846756586352e-01
4.533935699744748304e-01,9.249998858670155366e-01
4.616672899224603110e-01,9.555087656050624823e-01
4.664177637987190761e-01,9.755560657318158579e-01
4.618830846514656030e-01,9.593688156378487042e-01
4.575683706539696582e-01,9.402357085480053112e-01
4.510181226218757944e-01,9.188758206688971697e-01
4.722382445799984674e-01,9.965771157773841704e-01
4.687260050316864879e-01,9.844720676377156643e-01
4.671881276543505268e-01,9.785688214562190401e-01
4.709885035544210674e-01,9.945248305976520653e-01
4.713713529223262921e-01,9.922481695401607071e-01
4.459920299346378791e-01,9.024530160485038088e-01
4.470391054999454661e-01,9.079233023416829473e-01
4.594741610717741898e-01,9.514675117195092735e-01
4.619714724450524335e-01,9.588854504730059958e-01
4.689335258310893262e-01,9.865806098143263814e-01
4.603072643422467247e-01,9.522090469927869671e-01
4.534154080568198464e-01,9.286546134739211977e-01
4.480515760304473183e-01,9.111743613685645560e-01
4.393034816547085608e-01,8.804328838124588774e-01
4.454596287731694693e-01,8.983280049588785454e-01
4.474292670540266359e-01,9.101146299870008782e-01
4.608910785947855637e-01,9.572879946508217053e-01
4.685097714423956949e-01,9.808854592304495634e-01
4.696185953864399076e-01,9.907119483801630766e-01
4.688961969746960889e-01,9.876850894169842965e-01
4.677833498014763447e-01,9.803093462143512848e-01
4.656620106777730750e-01,9.730517724891531994e-01
4.628530591535890415e-01,9.637390534614632687e-01
4.623261925067408962e-01,9.571984482102703362e-01
4.611852651772793688e-01,9.561237373118589566e-01
4.634814923992702229e-01,9.672132948852548706e-01
4.639702335782970866e-01,9.658819289812823339e-01
4.521605093276302445e-01,9.207149337833939740e-01
4.598265535583925812e-01,9.521223343333604650e-01
4.562617012121003013e-01,9.441573608283603258e-01
4.549723458218185579e-01,9.356042696766719846e-01
4.621071765908671969e-01,9.596353087342553989e-01
4.636392583937444245e-01,9.661523820719710720e-01
4.676461502038671281e-01,9.832720847040088419e-01
4.653857191100557178e-01,9.703450109301337001e-01
4.701015237616388287e-01,9.908486640079040564e-01
4.668260019996116617e-01,9.737476564642255639e-01
4.567541284363930698e-01,9.398859067975391390e-01
4.570752928206913146e-01,9.422958001118921789e-01
4.576560866529634786e-01,9.435752123928853319e-01
4.394110155883614310e-01,8.776599978130086299e-01
4.455590170746316914e-01,9.062713599970233513e-01
4.497879924929638062e-01,9.200564460760181085e-01
4.486983861045282795e-01,9.100794504031054499e-01
4.461388067611692931e-01,9.011995072566836296e-01
4.540043243784241400e-01,9.351359559669286670e-01
4.557491966102626413e-01,9.326734510361479602e-01
4.678948294500258620e-01,9.774359923100863767e-01
4.650984038172039647e-01,9.733540297119728235e-01
4.720639363251626364e-01,9.952798656580023051e-01
4.721864229892155373e-01,9.992668280730313546e-01
4.578273800205272526e-01,9.412829866757210784e-01
4.571982913114617242e-01,9.444881636067995467e-01
4.563858806660158196e-01,9.396728683548232208e-01
4.581792740013572174e-01,9.441664243716867411e-01
4.628848907151552616e-01,9.618375429462724391e-01
4.640955804315998190e-01,9.676829272767111245e-01
4.660610580807037495e-01,9.750659002292260125e-01
4.569699063084972646e-01,9.371078846095459713e-01
4.633657244361749639e-01,9.655689999612557806e-01
4.714264354371014987e-01,9.889334654345485198e-01
4.581872086389284782e-01,9.450547657451543460e-01
4.681989058671909287e-01,9.860138353355196728e-01
4.720540303048765818e-01,9.921057679427477405e-01
4.627093798634304145e-01,9.591193506230986099e-01
4.487393117663767139e-01,9.112800378741466867e-01
4.348218076451218495e-01,8.672273705204546212e-01
4.137522984291215344e-01,7.979392978350646759e-01
4.028361384374827270e-01,7.636749479739690649e-01
3.993858047453419657e-01,7.518772319631575884e-01
3.934242686445352244e-01,7.397026814174711973e-01
3.955942157077326771e-01,7.427182975276914734e-01
4.081834860683523636e-01,7.790640896415934602e-01
4.159987211129853590e-01,8.051018362281288088e-01
4.248169378912187155e-01,8.313101730580758630e-01
4.200317160808084149e-01,8.184355690023983332e-01
4.136312294693017533e-01,8.003529988883745228e-01
4.210649814442493089e-01,8.238874871175921877e-01
4.226459875446231251e-01,8.269767837682328038e-01
4.280996739211324620e-01,8.479518999304773708e-01
4.410371354849315084e-01,8.872449364717628351e-01
4.392547352867585686e-01,8.820783992219977110e-01
4.460835899261155202e-01,9.039257965318470145e-01
4.505364170763964671e-01,9.163073653909529215e-01
4.713477961612931311e-01,9.966100320495820952e-01
4.686720838767109987e-01,9.814036701785928685e-01
4.683771084390316308e-01,9.854720161946312063e-01
4.608197440282025825e-01,9.517136683747376980e-01
4.669443353550141729e-01,9.831369458471971301e-01
4.551716103455781259e-01,9.359891497303325369e-01
4.637987592403410853e-01,9.660610576595302090e-01
4.681595830727848795e-01,9.813404661728183376e-01
4.678077432384515899e-01,9.792652112482487237e-01
4.603545650523706567e-01,9.588830204785300237e-01
4.603284710258380708e-01,9.474962759025755688e-01
4.546454602624210306e-01,9.335262904255350325e-01
4.694870882781467247e-01,9.839362713755093193e-01
4.606244446732140063e-01,9.569914704538242667e-01
4.587716008566061210e-01,9.466723802881644723e-01
4.597010104223291926e-01,9.558411965283188927e-01
4.635374016887185422e-01,9.645979047435536691e-01
4.592360077518362060e-01,9.483381902251513118e-01
4.592558998472401344e-01,9.514016743035484946e-01
4.707745202605022050e-01,9.868434965182135699e-01
4.658374210074262556e-01,9.682906618446132097e-01
4.480035230834431559e-01,9.069318999754447663e-01
4.513166679449411856e-01,9.189103755435289456e-01
4.620399519381195308e-01,9.593424575164458679e-01
4.614578525114440000e-01,9.581858969253023162e-01
4.677792066072933852e-01,9.838003326190833953e-01
4.740215221843130378e-01,9.993660320633179772e-01
4.592035133826536386e-01,9.520070466496158845e-01
4.722219081827692122e-01,9.989963438046819411e-01
4.698984167019248370e-01,9.889192357505378617e-01
4.671086733106063482e-01,9.787185906681333813e-01
4.564319621843103691e-01,9.371331026539037046e-01
4.457663293881378164e-01,9.021322086479977020e-01
4.568740311554051470e-01,9.409599395718930559e-01
4.529095493590639676e-01,9.295753131118164037e-01
4.599983656244190366e-01,9.536915376507856257e-01
4.418662948441791638e-01,8.930819637784747078e-01
4.423550839783559896e-01,8.877921876047544236e-01
4.326307487643424876e-01,8.592725304379036366e-01
4.339790460865870503e-01,8.635974603427037932e-01
4.368164434553570286e-01,8.717032709223279108e-01
4.415221389383870987e-01,8.901656509756923352e-01
4.537788040173830750e-01,9.292008153071330545e-01
4.674775473002475423e-01,9.766535286913499148e-01
4.600648867889691740e-01,9.534247904317476596e-01
4.620170491734557627e-01,9.589526703092561277e-01
4.457553591940062732e-01,9.012996874222242161e-01
4.453069420716065374e-01,8.971632632173708322e-01
4.639597305267356697e-01,9.645636342104588756e-01
4.625064375999950461e-01,9.642488988143683715e-01
4.602250813161324339e-01,9.573716985606141039e-01
4.513447295424388161e-01,9.225638131588833613e-01
4.522909060353564881e-01,9.240243397731021657e-01
4.444012858328219018e-01,8.919246889858827299e-01
4.404535908607899453e-01,8.811766400883728201e-01
4.350500144708903671e-01,8.661657031005229879e-01
4.494224990634122507e-01,9.103287273158962023e-01
4.441168889199456626e-01,8.959451224099020950e-01
4.330920847016248576e-01,8.548508457925417803e-01
4.291027842693045380e-01,8.446634032014448401e-01
4.326625625239882700e-01,8.571508441238147036e-01
4.423770828999930571e-01,8.925873963918210530e-01
4.432327735543667435e-01,8.918088149205113391e-01
4.375311892743420916e-01,8.752404687267801853e-01
4.332079543530851229e-01,8.595136061526138516e-01
4.365648991384696309e-01,8.682229012637343590e-01
4.371796786069189200e-01,8.745580761765090472e-01
4.292771170358187227e-01,8.489228804214125068e-01
4.316388710981407528e-01,8.527857932246956096e-01
4.228552246715557295e-01,8.239463924519232485e-01
4.055928740007717082e-01,7.699549767853326454e-01
4.164569594367861782e-01,8.070152930830667426e-01
4.192190652402729700e-01,8.156660274382859788e-01
4.269382640762418024e-01,8.411516485473845561e-01
4.372698485300736126e-01,8.704079810749112411e-01
4.416564651429358279e-01,8.858527183055324716e-01
4.413336441450723679e-01,8.888022914593588508e-01
4.517926390890513733e-01,9.230101910410332122e-01
4.459647270412516740e-01,9.000798059212025137e-01
4.573046058868448505e-01,9.382444705175116972e-01
4.639409634790812587e-01,9.685346235028290396e-01
4.686411469384733075e-01,9.811391269298185280e-01
4.677646202161588329e-01,9.799094794343017334e-01
4.623461035349045734e-01,9.630309597460521287e-01
4.675783613593519905e-01,9.770353523878959612e-01
4.641706831208036177e-01,9.677574262741229782e-01
4.612022736416447333e-01,9.539858872423304659e-01
4.650438055528171577e-01,9.686326931078880209e-01
4.692303547577209577e-01,9.858963285638912000e-01
4.599175654613350539e-01,9.510612650507779264e-01
4.524413570154351416e-01,9.263381768143910122e-01
4.521996901465412111e-01,9.239110197160287363e-01
4.591636956463088781e-01,9.507282129711567276e-01
4.601536827041597388e-01,9.502070767892878411e-01
4.524809561832224825e-01,9.263058990639926327e-01
4.581670186411822554e-01,9.458380715660373861e-01
4.565257563666226259e-01,9.370593112861580476e-01
4.654392181374638060e-01,9.713254324735749456e-01
4.700012822417657388e-01,9.872050372886701508e-01
4.548816214824593085e-01,9.382525052612535887e-01
4.559806385894521474e-01,9.398434145899856595e-01
4.603068112748739948e-01,9.565799372373131604e-01
4.643120107721284140e-01,9.650860750536327526e-01
4.676925907296574092e-01,9.814056102367434420e-01
4.669196356189174724e-01,9.734035049103226811e-01
4.646400725560315692e-01,9.700483200904608250e-01
4.566717411293322315e-01,9.386996940560002889e-01
4.548004479794476862e-01,9.320608892907830123e-01
4.667243248612413797e-01,9.740363812109386066e-01
4.649384436249751618e-01,9.686530048428515505e-01
4.650616581618197132e-01,9.727531859567671857e-01
4.639931676113929759e-01,9.614148910533256709e-01
4.619424181587707401e-01,9.627513650125920641e-01
4.679642625626210806e-01,9.802402272742813949e-01
4.725221466288500038e-01,9.924313857915010306e-01
4.618087461589962528e-01,9.658874329219049315e-01
4.612296336366826233e-01,9.563473739761687575e-01
4.656087662528697879e-01,9.695285966596411953e-01
4.656087662528697879e-01,9.695285966596411953e-01
4.600442260679626361e-01,9.523546765280740400e-01
4.648651849211306031e-01,9.667682636469185908e-01
4.645866686674187118e-01,9.704809079235978686e-01
4.673341173214520250e-01,9.762226093607686561e-01
4.584257942479161851e-01,9.444820227120057643e-01
4.556646618974879437e-01,9.351499620057630580e-01
4.574981443230843325e-01,9.430139933188512735e-01
4.420833410674501196e-01,8.861993248923903943e-01
4.445294834326378730e-01,8.968010231890453099e-01
4.428103179913875365e-01,8.907404638425538979e-01
4.660830062570796017e-01,9.744175449008819490e-01
4.734478973133139923e-01,9.962409895551453953e-01
4.620866637998350401e-01,9.574017283885962737e-01
4.619152161247672139e-01,9.608225618652226352e-01
4.636497206233194390e-01,9.644541869625734565e-01
4.721821913313066776e-01,9.973613722444735208e-01
4.721821913313066776e-01,9.973613722444735208e-01
4.651974896689828332e-01,9.713236402570438743e-01
4.677632117100809506e-01,9.762774489199226302e-01
4.545548973125639325e-01,9.367934480213364612e-01
4.496401207459502780e-01,9.175669344886582257e-01
4.575399013972831219e-01,9.420179036367788417e-01
4.620702586116072208e-01,9.614553588359046055e-01
4.715039437712546522e-01,9.980105438241037019e-01
4.681126044428481348e-01,9.787027807391024403e-01
4.609521617783891578e-01,9.524128391405842775e-01
4.580513001090749103e-01,9.444520885138726340e-01
4.547335037201354346e-01,9.329259027654859260e-01
4.547335037201354346e-01,9.329259027654859260e-01
4.543144168778028291e-01,9.310503132942928861e-01
4.539287808232318477e-01,9.287718270228489947e-01
4.489594736974197309e-01,9.078377535957796729e-01
4.328961754903515313e-01,8.564015640127489171e-01
4.280358619736904791e-01,8.446717497339157887e-01
4.354258343812500986e-01,8.674902289169253988e-01
4.225143477297211847e-01,8.272193817708165531e-01
4.459589890811369584e-01,9.013442086476209925e-01
4.481353609834978768e-01,9.131275405534254874e-01
4.460894134044093295e-01,9.011354078504478782e-01
4.558826410973874088e-01,9.380152474996461542e-01
4.619853564375557275e-01,9.575536845505386863e-01
4.709195132330168954e-01,9.915873774865684442e-01
4.659148570649190857e-01,9.703863048729793883e-01
4.702595449036585662e-01,9.942625856003340923e-01
4.616774877364662188e-01,9.551583058830040995e-01
4.711567524007539975e-01,9.897552567443517191e-01
4.482804934049034462e-01,9.102757282440356867e-01
4.444113995712251630e-01,9.003825702459288260e-01
4.531436260971272723e-01,9.229588446935589330e-01
4.461737999195424242e-01,9.009412527427834716e-01
4.477735441565639518e-01,9.095440457654893063e-01
4.390959240356728244e-01,8.797966180725901308e-01
4.373842369581873446e-01,8.713061974896602058e-01
4.308190779757809508e-01,8.535910126254099284e-01
4.384438633394747153e-01,8.807575560608952303e-01
4.370261170143456830e-01,8.678564609534427099e-01
4.232738803752484347e-01,8.299276602259072488e-01
4.058741750170939966e-01,7.757874109430142884e-01
4.093249944522151518e-01,7.825696319764923192e-01
4.008962011439357043e-01,7.606909740840652745e-01
3.855808687427475512e-01,7.144247314792482317e-01
4.028486419538166441e-01,7.672408361077848182e-01
4.069260161410117593e-01,7.752123367276305688e-01
4.315032947056550716e-01,8.517063547276467750e-01
4.350747770231114808e-01,8.670530268753796621e-01
4.385044228161746327e-01,8.761452424020802487e-01
4.430368009442475774e-01,8.935094565834523772e-01
4.490576109989967701e-01,9.148973927898360614e-01
4.579346113236195115e-01,9.441688520282217612e-01
4.543394415594895763e-01,9.304148271622190158e-01
4.549094864510358494e-01,9.333605399454115714e-01
4.568238931000851433e-01,9.410661757687319717e-01
4.645142258097708643e-01,9.667100777665321720e-01
4.564422434664905381e-01,9.404821433679193543e-01
4.574854593101861377e-01,9.513796293197102072e-01
4.629949565458978955e-01,9.593491552930080157e-01
4.535532460210766614e-01,9.268485187341605203e-01
4.622183906780737428e-01,9.580453373318896793e-01
4.635375431140761338e-01,9.638843999700612564e-01
4.602282784242164304e-01,9.486329259357914045e-01
4.484155465869884560e-01,9.125367447139415278e-01
4.494041377180305608e-01,9.149034055011500133e-01
4.498669173830623369e-01,9.125905994206827687e-01
4.430437371304751792e-01,8.903781262699043131e-01
4.427226419196615415e-01,8.890249485140013785e-01
4.323986923463707943e-01,8.556895308012103518e-01
4.465443322224107447e-01,8.998726320303632731e-01
4.498530671921478485e-01,9.133681459953425508e-01
4.451072815837291419e-01,8.981095300887395050e-01
4.437606578798555246e-01,8.971639488624072456e-01
4.524931980618014937e-01,9.234836979055991435e-01
4.647573628576840421e-01,9.681456379722435113e-01
4.691108690709380746e-01,9.881333138424236440e-01
4.615703156465804646e-01,9.567501324633989057e-01
4.527817485847895340e-01,9.246428126612475928e-01
4.450114781282346610e-01,8.970367046570546510e-01
4.353672403735245888e-01,8.655070360821219833e-01
4.156873908243908233e-01,8.051552141524301875e-01
4.269691523174381498e-01,8.378258906358506675e-01
4.476034212560960346e-01,9.111294545109624998e-01
4.425290736581067863e-01,8.929731418117070607e-01
4.279908599275090153e-01,8.432210979850079946e-01
4.680396440032202898e-01,9.784294217485687284e-01
4.638669083448979658e-01,9.658715531756796313e-01
4.654377822877091564e-01,9.695491531669754304e-01
4.625861354794176261e-01,9.600586723555276647e-01
4.541609174544338212e-01,9.343126488825218567e-01
4.526801911979985160e-01,9.230390765934710640e-01
4.478209145362742616e-01,9.135493932322866772e-01
4.509346744708560561e-01,9.215303147287513541e-01
4.632864192669956527e-01,9.660636454095137271e-01
4.560003409319419165e-01,9.395229858201840090e-01
4.627878570332446539e-01,9.679397672074930847e-01
4.715008263719885906e-01,9.962496404117475723e-01
4.716435363132795433e-01,9.936942531750447838e-01
4.703795809516291837e-01,9.908614034891706224e-01
4.687805462993629990e-01,9.813474019555741279e-01
4.564990761501439009e-01,9.361108938572172411e-01
4.666310139093990395e-01,9.735885015883102289e-01
4.643637621769185486e-01,9.705533818326793627e-01
4.655575121804232386e-01,9.746917846784302064e-01
4.593857828161108658e-01,9.497934109205024011e-01
4.626592433397379578e-01,9.674409389614055943e-01
4.700318373212358791e-01,9.900826497572485785e-01
4.649515833168602064e-01,9.756156958854322880e-01
4.640509144508685457e-01,9.631753671126125349e-01
4.596661380057345259e-01,9.523518272363370452e-01
4.611410062125551046e-01,9.541762000690146017e-01
4.601878401380243289e-01,9.518405172679876847e-01
4.444134577005723896e-01,8.967027348895951766e-01
4.390123087566104587e-01,8.775432266126184100e-01
4.443218704711618949e-01,8.947826563821177359e-01
4.340282024901002678e-01,8.609570931582691822e-01
4.200305955817645875e-01,8.138755386851508344e-01
4.081193963464130325e-01,7.821468439184364740e-01
4.143028149795317527e-01,8.009940835228471778e-01
4.052286814083903010e-01,7.712059337508587742e-01
4.089145434929770673e-01,7.846459560287591950e-01
4.184732231788736434e-01,8.139431706281027301e-01
4.092009372844578330e-01,7.822577818533369420e-01
4.110710553920216559e-01,7.878962152492827720e-01
4.097619197553526438e-01,7.881265426236377936e-01
4.105132047396288786e-01,7.917218734601395580e-01
4.065179834369571643e-01,7.782211184599487908e-01
3.960228131642589688e-01,7.466555466477894365e-01
4.047742806059221876e-01,7.702132098099622182e-01
4.183175552454388990e-01,8.158349938060485140e-01
4.139088120812767779e-01,7.958042615263513087e-01
4.209266484796818086e-01,8.181353922551422020e-01
4.178501337461895671e-01,8.142656081369359367e-01
4.198358680110412799e-01,8.177881600165036735e-01
4.252682301975570511e-01,8.334944179460064273e-01
4.165089359440654060e-01,8.045589649434337076e-01
4.174760087604399983e-01,8.112523478559873213e-01
4.284407660666862405e-01,8.427529733715721783e-01
4.240930785517431634e-01,8.311976461015183615e-01
4.128323803697111494e-01,7.959650994865204998e-01
4.147663934866281932e-01,8.018674405393253490e-01
4.147447627422674588e-01,8.037870772428806765e-01
4.072562868589285068e-01,7.795728258975191949e-01
4.097477070832738488e-01,7.839772106583378086e-01
4.010380904778451661e-01,7.634743334332225739e-01
4.086216118683540510e-01,7.796915363664993492e-01
4.296002418008461610e-01,8.482671270438054689e-01
4.275984321732734239e-01,8.389230432691147099e-01
4.344112046813350392e-01,8.599479427421903299e-01
4.493963478386947541e-01,9.139657592265391095e-01
4.554061624210128389e-01,9.370005653443875815e-01
4.603494078950605695e-01,9.557303417628320030e-01
4.701095413745661755e-01,9.897221805852250975e-01
4.665271436449254794e-01,9.739466755305402623e-01
4.539126146268094297e-01,9.347845027751708891e-01
4.608685986595310036e-01,9.572388202832736726e-01
4.585744624733951724e-01,9.471116231486448322e-01
4.626599614177764885e-01,9.602375601390537030e-01
4.566624156532944068e-01,9.430694601519679088e-01
4.464738863913939593e-01,9.076854162863553510e-01
4.551717099620204432e-01,9.320851357107456936e-01
4.709204580786558458e-01,9.938899828759912847e-01
4.652837661397372648e-01,9.681560604215883048e-01
4.590457506662848353e-01,9.485651169622232315e-01
4.519755679787096359e-01,9.204233642925875314e-01
4.597684816557313647e-01,9.490973069357045988e-01
4.674848990966323781e-01,9.770174499554086234e-01
4.713149103821690500e-01,9.983951505329832221e-01
4.679998487072929980e-01,9.800075605088771624e-01
4.693356767444669120e-01,9.896326024912188712e-01
4.652507882145703877e-01,9.694276552679048642e-01
4.607557608476193778e-01,9.530277419036430331e-01
4.641147829407766268e-01,9.662250798045605160e-01
4.694671107255252163e-01,9.851178180640289828e-01
4.637348657399663066e-01,9.631083105892632723e-01
4.615323731363425996e-01,9.580136571292742209e-01
4.652634620056770864e-01,9.702553090694415738e-01
4.726432390677630102e-01,9.971190167060793863e-01
4.704608185680304033e-01,9.900276819431066411e-01
4.711000621385301179e-01,9.918277943084283788e-01
4.676178127208684421e-01,9.822248444540601087e-01
4.677799728733356699e-01,9.808280985663321294e-01
4.688551481888331707e-01,9.826844774313363562e-01
4.648616068262118595e-01,9.671451558826561490e-01
4.634287364982646595e-01,9.618380048901913337e-01
4.760875061548350828e-01,9.999230384319287568e-01
4.760875061548350828e-01,9.999230384319287568e-01
4.760875061548350828e-01,9.999230384319287568e-01
4.760875061548350828e-01,9.999230384319287568e-01
4.760875061548350828e-01,9.999230384319287568e-01
4.760875061548350828e-01,9.999230384319287568e-01
4.760875061548350828e-01,9.999230384319287568e-01
4.760875061548350828e-01,9.999230384319287568e-01
4.760875061548350828e-01,9.999230384319287568e-01
4.760875061548350828e-01,9.999230384319287568e-01
4.760875061548350828e-01,9.999230384319287568e-01
4.760875061548350828e-01,9.999230384319287568e-01
4.756171221996530196e-01,9.993487888848239242e-01
4.759729747442388859e-01,9.990444233818821518e-01
4.755010445022580523e-01,9.989885946727932176e-01
4.755010445022580523e-01,9.989885946727932176e-01
4.755010445022580523e-01,9.989885946727932176e-01
4.756229291670528436e-01,9.986172235435555322e-01
4.756229291670528436e-01,9.986172235435555322e-01
4.756229291670528436e-01,9.986172235435555322e-01
4.756229291670528436e-01,9.986172235435555322e-01
4.756229291670528436e-01,9.986172235435555322e-01
4.756229291670528436e-01,9.986172235435555322e-01
4.756229291670528436e-01,9.986172235435555322e-01
4.756229291670528436e-01,9.986172235435555322e-01
4.757587449024740511e-01,9.992356886895050749e-01
4.757835420698700579e-01,9.992320884386188817e-01
4.757835420698700579e-01,9.992320884386188817e-01
4.760871265873036773e-01,9.997397199126774048e-01
4.760871265873036773e-01,9.997397199126774048e-01
4.760871265873036773e-01,9.997397199126774048e-01
4.760871265873036773e-01,9.997397199126774048e-01
4.760871265873036773e-01,9.997397199126774048e-01
4.759060159918264699e-01,9.997871430343265864e-01
4.759060159918264699e-01,9.997871430343265864e-01
4.759060159918264699e-01,9.997871430343265864e-01
4.759060159918264699e-01,9.997871430343265864e-01
4.759060159918264699e-01,9.997871430343265864e-01
4.759060159918264699e-01,9.997871430343265864e-01
4.759060159918264699e-01,9.997871430343265864e-01
4.759060159918264699e-01,9.997871430343265864e-01
4.759060159918264699e-01,9.997871430343265864e-01
4.759060159918264699e-01,9.997871430343265864e-01
4.759060159918264699e-01,9.997871430343265864e-01
4.757290559324515167e-01,9.989254859806986353e-01
4.759361878308153160e-01,9.999429715325939272e-01
4.759361878308153160e-01,9.999429715325939272e-01
4.759361878308153160e-01,9.999429715325939272e-01
4.760206401944751531e-01,9.997052619490481851e-01
4.757756262966112426e-01,9.990879671541537110e-01
4.757756262966112426e-01,9.990879671541537110e-01
4.757756262966112426e-01,9.990879671541537110e-01
4.758775292383913835e-01,9.994506837036613023e-01
4.758775292383913835e-01,9.994506837036613023e-01
4.758775292383913835e-01,9.994506837036613023e-01
4.758775292383913835e-01,9.994506837036613023e-01
4.758775292383913835e-01,9.994506837036613023e-01
4.758775292383913835e-01,9.994506837036613023e-01
4.758775292383913835e-01,9.994506837036613023e-01
4.758775292383913835e-01,9.994506837036613023e-01
4.758775292383913835e-01,9.994506837036613023e-01
4.758775292383913835e-01,9.994506837036613023e-01
4.758775292383913835e-01,9.994506837036613023e-01
4.758450801949870579e-01,9.984905199234827000e-01
4.756962532050830195e-01,9.985388944214014240e-01
4.764009839712320393e-01,9.992599586513618570e-01
4.755935548067876661e-01,9.993800509701844526e-01
4.754210230009335847e-01,9.990715498237967562e-01
4.754210230009335847e-01,9.990715498237967562e-01
4.755554609281640865e-01,9.982071022620612188e-01
4.755554609281640865e-01,9.982071022620612188e-01
4.751663395279626112e-01,9.968466471045234201e-01
4.756221099051921586e-01,9.988573160534308659e-01
4.756221099051921586e-01,9.988573160534308659e-01
4.756221099051921586e-01,9.988573160534308659e-01
4.756221099051921586e-01,9.988573160534308659e-01
4.756221099051921586e-01,9.988573160534308659e-01
4.756670337000108439e-01,9.984123814580010414e-01
4.753671618290865042e-01,9.994227873946593954e-01
4.753220391307372283e-01,9.993710704048490712e-01
4.755163119612862976e-01,9.977155539479883872e-01
4.764798282980040600e-01,9.996003589711036641e-01
4.754980570381157068e-01,9.997986368744451458e-01
4.763520338605254922e-01,9.998900288685786952e-01
4.763520338605254922e-01,9.998900288685786952e-01
4.763520338605254922e-01,9.998900288685786952e-01
4.758333183893491136e-01,9.997455840882075728e-01
4.761056238533820095e-01,9.999918612791072192e-01
4.761056238533820095e-01,9.999918612791072192e-01
4.761056238533820095e-01,9.999918612791072192e-01
4.755728637909477086e-01,9.991510942110000126e-01
4.759197235126069181e-01,9.995894479084054263e-01
4.759197235126069181e-01,9.995894479084054263e-01
4.759197235126069181e-01,9.995894479084054263e-01
4.759197235126069181e-01,9.995894479084054263e-01
4.759084096291001376e-01,9.994855973011264050e-01
4.757382519643590379e-01,9.997296750197053328e-01
4.757382519643590379e-01,9.997296750197053328e-01
4.757382519643590379e-01,9.997296750197053328e-01
4.757382519643590379e-01,9.997296750197053328e-01
4.759738096750161795e-01,9.999125294224758820e-01
4.759738096750161795e-01,9.999125294224758820e-01
4.760504979061774278e-01,9.999890591682339958e-01
4.760504979061774278e-01,9.999890591682339958e-01
4.760504979061774278e-01,9.999890591682339958e-01
4.760504979061774278e-01,9.999890591682339958e-01
4.760504979061774278e-01,9.999890591682339958e-01
4.760504979061774278e-01,9.999890591682339958e-01
4.760504979061774278e-01,9.999890591682339958e-01
4.760504979061774278e-01,9.999890591682339958e-01
4.760504979061774278e-01,9.999890591682339958e-01
4.760504979061774278e-01,9.999890591682339958e-01
4.760504979061774278e-01,9.999890591682339958e-01
4.760504979061774278e-01,9.999890591682339958e-01
4.760504979061774278e-01,9.999890591682339958e-01
4.760504979061774278e-01,9.999890591682339958e-01
4.760504979061774278e-01,9.999890591682339958e-01
4.760504979061774278e-01,9.999890591682339958e-01
4.760504979061774278e-01,9.999890591682339958e-01
4.760504979061774278e-01,9.999890591682339958e-01
4.760504979061774278e-01,9.999890591682339958e-01
4.760504979061774278e-01,9.999890591682339958e-01
4.760504979061774278e-01,9.999890591682339958e-01
4.760504979061774278e-01,9.999890591682339958e-01
4.760504979061774278e-01,9.999890591682339958e-01
4.758911021674832043e-01,9.975570095136429005e-01
4.753011485363344835e-01,9.983959597422076282e-01
4.752668973949972786e-01,9.989513228346311724e-01
4.759010747394353258e-01,9.982929248396286148e-01
4.759010747394353258e-01,9.982929248396286148e-01
4.763026890138566394e-01,9.992719945930371717e-01
4.763026890138566394e-01,9.992719945930371717e-01
4.755695289967558637e-01,9.985333461959517987e-01
4.758860145304925071e-01,9.984865118185022315e-01
4.758860145304925071e-01,9.984865118185022315e-01
4.758860145304925071e-01,9.984865118185022315e-01
4.758913230604859823e-01,9.988570228266222539e-01
4.758913230604859823e-01,9.988570228266222539e-01
4.758913230604859823e-01,9.988570228266222539e-01
4.758913230604859823e-01,9.988570228266222539e-01
4.758913230604859823e-01,9.988570228266222539e-01
4.762081059333794775e-01,9.989547262136893035e-01
4.754058532720872310e-01,9.994542324569775094e-01
4.754058532720872310e-01,9.994542324569775094e-01
4.754058532720872310e-01,9.994542324569775094e-01
4.754058532720872310e-01,9.994542324569775094e-01
4.754058532720872310e-01,9.994542324569775094e-01
4.757018819368829532e-01,9.986557944103379159e-01
4.757018819368829532e-01,9.986557944103379159e-01
4.764955958742240760e-01,9.997158158483392398e-01
4.764955958742240760e-01,9.997158158483392398e-01
4.764955958742240760e-01,9.997158158483392398e-01
4.757526245534634546e-01,9.990590262866503313e-01
4.757526245534634546e-01,9.990590262866503313e-01
4.760130030722907746e-01,9.992281989026691180e-01
4.760130030722907746e-01,9.992281989026691180e-01
4.761923842053487066e-01,9.996545360717511430e-01
4.761923842053487066e-01,9.996545360717511430e-01
4.761923842053487066e-01,9.996545360717511430e-01
4.761923842053487066e-01,9.996545360717511430e-01
4.761923842053487066e-01,9.996545360717511430e-01
4.761923842053487066e-01,9.996545360717511430e-01
4.761923842053487066e-01,9.996545360717511430e-01
4.756926920255414304e-01,9.993368243331754996e-01
4.756926920255414304e-01,9.993368243331754996e-01
4.756926920255414304e-01,9.993368243331754996e-01
4.756926920255414304e-01,9.993368243331754996e-01
4.757186768088543793e-01,9.995843755740503322e-01
4.757186768088543793e-01,9.995843755740503322e-01
4.757186768088543793e-01,9.995843755740503322e-01
4.757186768088543793e-01,9.995843755740503322e-01
4.757186768088543793e-01,9.995843755740503322e-01
4.757186768088543793e-01,9.995843755740503322e-01
4.761803659922488885e-01,9.993734199021007125e-01
4.761803659922488885e-01,9.993734199021007125e-01
4.761803659922488885e-01,9.993734199021007125e-01
4.761803659922488885e-01,9.993734199021007125e-01
4.761803659922488885e-01,9.993734199021007125e-01
4.761803659922488885e-01,9.993734199021007125e-01
4.761803659922488885e-01,9.993734199021007125e-01
4.761803659922488885e-01,9.993734199021007125e-01
4.764194271697281269e-01,9.996339067018459312e-01
4.754609739313427896e-01,9.989489049668797138e-01
4.754609739313427896e-01,9.989489049668797138e-01
4.759710441877803011e-01,9.992100259878460289e-01
4.759710441877803011e-01,9.992100259878460289e-01
4.758885070558386832e-01,9.995794253017435960e-01
4.758885070558386832e-01,9.995794253017435960e-01
4.758885070558386832e-01,9.995794253017435960e-01
4.758885070558386832e-01,9.995794253017435960e-01
4.758885070558386832e-01,9.995794253017435960e-01
4.760494300435103576e-01,9.998634633555779638e-01
4.760494300435103576e-01,9.998634633555779638e-01
4.760494300435103576e-01,9.998634633555779638e-01
4.760494300435103576e-01,9.998634633555779638e-01
4.760494300435103576e-01,9.998634633555779638e-01
4.760494300435103576e-01,9.998634633555779638e-01
4.760494300435103576e-01,9.998634633555779638e-01
4.760494300435103576e-01,9.998634633555779638e-01
4.760494300435103576e-01,9.998634633555779638e-01
4.762052556892228949e-01,9.998422467960433879e-01
4.762052556892228949e-01,9.998422467960433879e-01
4.762052556892228949e-01,9.998422467960433879e-01
4.762052556892228949e-01,9.998422467960433879e-01
4.762052556892228949e-01,9.998422467960433879e-01
4.762052556892228949e-01,9.998422467960433879e-01
4.762052556892228949e-01,9.998422467960433879e-01
4.762052556892228949e-01,9.998422467960433879e-01
4.762052556892228949e-01,9.998422467960433879e-01
4.762052556892228949e-01,9.998422467960433879e-01
4.758189142671114813e-01,9.995047905809031352e-01
4.758189142671114813e-01,9.995047905809031352e-01
4.758189142671114813e-01,9.995047905809031352e-01
4.758189142671114813e-01,9.995047905809031352e-01
4.758189142671114813e-01,9.995047905809031352e-01
4.756114033298546873e-01,9.983991915589522925e-01
4.756114033298546873e-01,9.983991915589522925e-01
4.757188265967273177e-01,9.999739668468642373e-01
4.759991207428955762e-01,9.998422564453743888e-01
4.759991207428955762e-01,9.998422564453743888e-01
4.759991207428955762e-01,9.998422564453743888e-01
4.758110263129589623e-01,9.997150919399614422e-01
4.758110263129589623e-01,9.997150919399614422e-01
4.762566523030470900e-01,9.997164693712179417e-01
4.762566523030470900e-01,9.997164693712179417e-01
4.762566523030470900e-01,9.997164693712179417e-01
4.758405760074513879e-01,9.986864683190767034e-01
4.758405760074513879e-01,9.986864683190767034e-01
4.759335127032157664e-01,9.996299476138215123e-01
4.756723656692987690e-01,9.995520322685622627e-01
4.756723656692987690e-01,9.995520322685622627e-01
4.756723656692987690e-01,9.995520322685622627e-01
4.763044474152857699e-01,9.999278347075661877e-01
4.763044474152857699e-01,9.999278347075661877e-01
4.763044474152857699e-01,9.999278347075661877e-01
4.758878834626287802e-01,9.996348385447580975e-01
4.757912250717397096e-01,9.998903385962585322e-01
4.753200513815621919e-01,9.987652112591480780e-01
4.755504288064100193e-01,9.981051310010710109e-01
4.755504288064100193e-01,9.981051310010710109e-01
4.755504288064100193e-01,9.981051310010710109e-01
4.753801411318864245e-01,9.980420047753757462e-01
4.755422997750677894e-01,9.984125042439055964e-01
4.755422997750677894e-01,9.984125042439055964e-01
4.755422997750677894e-01,9.984125042439055964e-01
4.755422997750677894e-01,9.984125042439055964e-01
4.755422997750677894e-01,9.984125042439055964e-01
4.761713903262351777e-01,9.997875850558807231e-01
4.757748551912332480e-01,9.994472595707387663e-01
4.757748551912332480e-01,9.994472595707387663e-01
4.757748551912332480e-01,9.994472595707387663e-01
4.757748551912332480e-01,9.994472595707387663e-01
4.757748551912332480e-01,9.994472595707387663e-01
4.757748551912332480e-01,9.994472595707387663e-01
4.757748551912332480e-01,9.994472595707387663e-01
4.761071522942755263e-01,9.994964744295735670e-01
4.759824647508633655e-01,9.995794544730216558e-01
4.759824647508633655e-01,9.995794544730216558e-01
4.759824647508633655e-01,9.995794544730216558e-01
4.758875940526323678e-01,9.993961258387527025e-01
4.760617990001275168e-01,9.996521162281905015e-01
4.760617990001275168e-01,9.996521162281905015e-01
4.760617990001275168e-01,9.996521162281905015e-01
4.760617990001275168e-01,9.996521162281905015e-01
4.760617990001275168e-01,9.996521162281905015e-01
4.760617990001275168e-01,9.996521162281905015e-01
4.760617990001275168e-01,9.996521162281905015e-01
4.760617990001275168e-01,9.996521162281905015e-01
4.761296163557406924e-01,9.996993818613791882e-01
4.761296163557406924e-01,9.996993818613791882e-01
4.761296163557406924e-01,9.996993818613791882e-01
4.761296163557406924e-01,9.996993818613791882e-01
4.761296163557406924e-01,9.996993818613791882e-01
4.761296163557406924e-01,9.996993818613791882e-01
4.761296163557406924e-01,9.996993818613791882e-01
4.761296163557406924e-01,9.996993818613791882e-01
4.759402091707841675e-01,9.995239407057849856e-01
4.759402091707841675e-01,9.995239407057849856e-01
4.757495030890884213e-01,9.997862807008953689e-01
4.757495030890884213e-01,9.997862807008953689e-01
4.761996613223705710e-01,9.989263299607237245e-01
4.761996613223705710e-01,9.989263299607237245e-01
4.758023852922388941e-01,9.975005201175791703e-01
4.760946973946069694e-01,9.986733103520691879e-01
4.760946973946069694e-01,9.986733103520691879e-01
4.760946973946069694e-01,9.986733103520691879e-01
4.760182660029115276e-01,9.995778115869979885e-01
4.760182660029115276e-01,9.995778115869979885e-01
4.759094836326591693e-01,9.992764282580830493e-01
4.761931867854701239e-01,9.999353123949840105e-01
4.761931867854701239e-01,9.999353123949840105e-01
4.761931867854701239e-01,9.999353123949840105e-01
4.757407037368039382e-01,9.996877067527407679e-01
4.757407037368039382e-01,9.996877067527407679e-01
4.757407037368039382e-01,9.996877067527407679e-01
4.760669747287785691e-01,9.990813151612010223e-01
4.760669747287785691e-01,9.990813151612010223e-01
4.760669747287785691e-01,9.990813151612010223e-01
4.760669747287785691e-01,9.990813151612010223e-01
4.762336035547045099e-01,9.993807952543759532e-01
4.759623800953783901e-01,9.991344678657504419e-01
4.759623800953783901e-01,9.991344678657504419e-01
4.759623800953783901e-01,9.991344678657504419e-01
4.759623800953783901e-01,9.991344678657504419e-01
4.764275596583094075e-01,9.996982535021868843e-01
4.764275596583094075e-01,9.996982535021868843e-01
4.756999286259075976e-01,9.982591181504651967e-01
4.760737478070500850e-01,9.987257372260217592e-01
4.759898852607235553e-01,9.990297397238095956e-01
4.757244573883585570e-01,9.984102431567843938e-01
4.758981490366028244e-01,9.992615085186880020e-01
4.753402177654257321e-01,9.978435970307228953e-01
4.753402177654257321e-01,9.978435970307228953e-01
4.762614526446997676e-01,9.999521455402843317e-01
4.762614526446997676e-01,9.999521455402843317e-01
4.760758326396113405e-01,9.997790087840178197e-01
4.760758326396113405e-01,9.997790087840178197e-01
4.760758326396113405e-01,9.997790087840178197e-01
4.760758326396113405e-01,9.997790087840178197e-01
4.760758326396113405e-01,9.997790087840178197e-01
4.760758326396113405e-01,9.997790087840178197e-01
4.760758326396113405e-01,9.997790087840178197e-01
4.760758326396113405e-01,9.997790087840178197e-01
4.760758326396113405e-01,9.997790087840178197e-01
4.759658326389387684e-01,9.999482803627430805e-01
4.759658326389387684e-01,9.999482803627430805e-01
4.761138475032359874e-01,9.994619400694848554e-01
4.761138475032359874e-01,9.994619400694848554e-01
4.761138475032359874e-01,9.994619400694848554e-01
4.761138475032359874e-01,9.994619400694848554e-01
4.759415148553087227e-01,9.994131416322141748e-01
4.756509399274717054e-01,9.995936980340005551e-01
4.756509399274717054e-01,9.995936980340005551e-01
4.754515116907511718e-01,9.969738870672526510e-01
4.761708372902868081e-01,9.993381164263342997e-01
4.762756105387765393e-01,9.996562729463583930e-01
4.762756105387765393e-01,9.996562729463583930e-01
4.755845641260612600e-01,9.976118713829695839e-01
4.755845641260612600e-01,9.976118713829695839e-01
4.755845641260612600e-01,9.976118713829695839e-01
4.753397498916194786e-01,9.986869775089806112e-01
4.752816890876621070e-01,9.980802627303101415e-01
4.754323307866590298e-01,9.991653828133774118e-01
4.756899282121801464e-01,9.999228012097911567e-01
4.756899282121801464e-01,9.999228012097911567e-01
4.756899282121801464e-01,9.999228012097911567e-01
4.756899282121801464e-01,9.999228012097911567e-01
4.756159429695363539e-01,9.981415107682586330e-01
4.756159429695363539e-01,9.981415107682586330e-01
4.756159429695363539e-01,9.981415107682586330e-01
4.759032990431742438e-01,9.996366214482912405e-01
4.759032990431742438e-01,9.996366214482912405e-01
4.759032990431742438e-01,9.996366214482912405e-01
4.759032990431742438e-01,9.996366214482912405e-01
4.759032990431742438e-01,9.996366214482912405e-01
4.759032990431742438e-01,9.996366214482912405e-01
4.759032990431742438e-01,9.996366214482912405e-01
4.759032990431742438e-01,9.996366214482912405e-01
4.759032990431742438e-01,9.996366214482912405e-01
4.758070695553936469e-01,9.994158337538912029e-01
4.758070695553936469e-01,9.994158337538912029e-01
4.758070695553936469e-01,9.994158337538912029e-01
4.758070695553936469e-01,9.994158337538912029e-01
4.758070695553936469e-01,9.994158337538912029e-01
4.758070695553936469e-01,9.994158337538912029e-01
4.758070695553936469e-01,9.994158337538912029e-01
4.758070695553936469e-01,9.994158337538912029e-01
4.758070695553936469e-01,9.994158337538912029e-01
4.758070695553936469e-01,9.994158337538912029e-01
4.758070695553936469e-01,9.994158337538912029e-01
4.758070695553936469e-01,9.994158337538912029e-01
4.758070695553936469e-01,9.994158337538912029e-01
4.762217719693638274e-01,9.996103801219524687e-01
4.762217719693638274e-01,9.996103801219524687e-01
4.762217719693638274e-01,9.996103801219524687e-01
4.762217719693638274e-01,9.996103801219524687e-01
4.763351546608248221e-01,9.998998018602478499e-01
4.760644801540130366e-01,9.997048561315160509e-01
4.760644801540130366e-01,9.997048561315160509e-01
4.760644801540130366e-01,9.997048561315160509e-01
4.760644801540130366e-01,9.997048561315160509e-01
4.758636446302791367e-01,9.997758354326607977e-01
4.758636446302791367e-01,9.997758354326607977e-01
4.758636446302791367e-01,9.997758354326607977e-01
4.758636446302791367e-01,9.997758354326607977e-01
4.758636446302791367e-01,9.997758354326607977e-01
4.758636446302791367e-01,9.997758354326607977e-01
4.758636446302791367e-01,9.997758354326607977e-01
4.758636446302791367e-01,9.997758354326607977e-01
4.758636446302791367e-01,9.997758354326607977e-01
4.758636446302791367e-01,9.997758354326607977e-01
4.758636446302791367e-01,9.997758354326607977e-01
4.758636446302791367e-01,9.997758354326607977e-01
4.758636446302791367e-01,9.997758354326607977e-01
4.758636446302791367e-01,9.997758354326607977e-01
4.758636446302791367e-01,9.997758354326607977e-01
4.758636446302791367e-01,9.997758354326607977e-01
4.758636446302791367e-01,9.997758354326607977e-01
4.758636446302791367e-01,9.997758354326607977e-01
4.761340394796994557e-01,9.995866854732716744e-01
4.759514044607766059e-01,9.997674037583283990e-01
4.759514044607766059e-01,9.997674037583283990e-01
4.759514044607766059e-01,9.997674037583283990e-01
4.759514044607766059e-01,9.997674037583283990e-01
4.759514044607766059e-01,9.997674037583283990e-01
4.759514044607766059e-01,9.997674037583283990e-01
4.764338804979785236e-01,9.998860432192596681e-01
4.764338804979785236e-01,9.998860432192596681e-01
4.758443054175238163e-01,9.992631542111012344e-01
4.757960368528300066e-01,9.984693655898174702e-01
4.762420559968190692e-01,9.999107916657304918e-01
4.761641233020214581e-01,9.990876884920216749e-01
4.761641233020214581e-01,9.990876884920216749e-01
4.764245853208555759e-01,9.998950744175774119e-01
4.764245853208555759e-01,9.998950744175774119e-01
4.758748243657098254e-01,9.988344011093895913e-01
4.758748243657098254e-01,9.988344011093895913e-01
4.758748243657098254e-01,9.988344011093895913e-01
4.759999655360315218e-01,9.993062931775225088e-01
4.758673277176082572e-01,9.991314780785068850e-01
4.764380767145146023e-01,9.997033163334990702e-01
4.764380767145146023e-01,9.997033163334990702e-01
4.764380767145146023e-01,9.997033163334990702e-01
4.759050449533899774e-01,9.987594871270250030e-01
4.759050449533899774e-01,9.987594871270250030e-01
4.759050449533899774e-01,9.987594871270250030e-01
4.758310003437817293e-01,9.996399688585019261e-01
4.758310003437817293e-01,9.996399688585019261e-01
4.759398925980675155e-01,9.999491425928602739e-01
4.759398925980675155e-01,9.999491425928602739e-01
4.759398925980675155e-01,9.999491425928602739e-01
4.759986324508115318e-01,9.998880940191563482e-01
4.759986324508115318e-01,9.998880940191563482e-01
4.759986324508115318e-01,9.998880940191563482e-01
4.759986324508115318e-01,9.998880940191563482e-01
4.759986324508115318e-01,9.998880940191563482e-01
4.759986324508115318e-01,9.998880940191563482e-01
4.759986324508115318e-01,9.998880940191563482e-01
4.759986324508115318e-01,9.998880940191563482e-01
4.759986324508115318e-01,9.998880940191563482e-01
4.763210489163007266e-01,9.998188573811191970e-01
4.763210489163007266e-01,9.998188573811191970e-01
4.763210489163007266e-01,9.998188573811191970e-01
4.763210489163007266e-01,9.998188573811191970e-01
4.763210489163007266e-01,9.998188573811191970e-01
4.758596872771883035e-01,9.983481659763584481e-01
4.758596872771883035e-01,9.983481659763584481e-01
4.760031516611201163e-01,9.992083339413709853e-01
4.760031516611201163e-01,9.992083339413709853e-01
4.760031516611201163e-01,9.992083339413709853e-01
4.760031516611201163e-01,9.992083339413709853e-01
4.760031516611201163e-01,9.992083339413709853e-01
4.760397009869839491e-01,9.992954786295895619e-01
4.760830025121709497e-01,9.996997197549910563e-01
4.760830025121709497e-01,9.996997197549910563e-01
4.760830025121709497e-01,9.996997197549910563e-01
4.760830025121709497e-01,9.996997197549910563e-01
4.760830025121709497e-01,9.996997197549910563e-01
4.760830025121709497e-01,9.996997197549910563e-01
4.760830025121709497e-01,9.996997197549910563e-01
4.752973953902384641e-01,9.993812460269939635e-01
4.763096660498811197e-01,9.993490368002211355e-01
4.753825376135388248e-01,9.994419092597338627e-01
4.761733716483883549e-01,9.997245069698984521e-01
4.761185745317165208e-01,9.998795794487664867e-01
4.761185745317165208e-01,9.998795794487664867e-01
4.761185745317165208e-01,9.998795794487664867e-01
4.761185745317165208e-01,9.998795794487664867e-01
4.761185745317165208e-01,9.998795794487664867e-01
4.761185745317165208e-01,9.998795794487664867e-01
4.761185745317165208e-01,9.998795794487664867e-01
4.761185745317165208e-01,9.998795794487664867e-01
4.761185745317165208e-01,9.998795794487664867e-01
4.761185745317165208e-01,9.998795794487664867e-01
4.756264407498573821e-01,9.984420979659599515e-01
4.761499567560232848e-01,9.991131150214734857e-01
4.761499567560232848e-01,9.991131150214734857e-01
4.759513968265395856e-01,9.992039239470231760e-01
4.759513968265395856e-01,9.992039239470231760e-01
4.759229957685012224e-01,9.989068757281861499e-01
4.759229957685012224e-01,9.989068757281861499e-01
4.759229957685012224e-01,9.989068757281861499e-01
4.759229957685012224e-01,9.989068757281861499e-01
4.758537908071078237e-01,9.985424937264555378e-01
4.758537908071078237e-01,9.985424937264555378e-01
4.756026430978761432e-01,9.979689117027266132e-01
4.763762599072978166e-01,9.996704942016411133e-01
4.763762599072978166e-01,9.996704942016411133e-01
4.763762599072978166e-01,9.996704942016411133e-01
4.763762599072978166e-01,9.996704942016411133e-01
4.760128323846120613e-01,9.993653198576224472e-01
4.760128323846120613e-01,9.993653198576224472e-01
4.760128323846120613e-01,9.993653198576224472e-01
4.760128323846120613e-01,9.993653198576224472e-01
4.760128323846120613e-01,9.993653198576224472e-01
4.760128323846120613e-01,9.993653198576224472e-01
4.760128323846120613e-01,9.993653198576224472e-01
4.760128323846120613e-01,9.993653198576224472e-01
4.760128323846120613e-01,9.993653198576224472e-01
4.760128323846120613e-01,9.993653198576224472e-01
4.758749108951897400e-01,9.998008220843449534e-01
4.760676385516167120e-01,9.998594343287693365e-01
4.760676385516167120e-01,9.998594343287693365e-01
4.763204420324858024e-01,9.996270403220675060e-01
4.763204420324858024e-01,9.996270403220675060e-01
4.763204420324858024e-01,9.996270403220675060e-01
4.763204420324858024e-01,9.996270403220675060e-01
4.761683630367518072e-01,9.995601800461473285e-01
4.762066469485911613e-01,9.991155943323704047e-01
4.756685349187284029e-01,9.989526836307096591e-01
4.756685349187284029e-01,9.989526836307096591e-01
4.757346687862104018e-01,9.994500769148132457e-01
4.757346687862104018e-01,9.994500769148132457e-01
4.757346687862104018e-01,9.994500769148132457e-01
4.757346687862104018e-01,9.994500769148132457e-01
4.757346687862104018e-01,9.994500769148132457e-01
4.759973054329656450e-01,9.997922574770136128e-01
4.759973054329656450e-01,9.997922574770136128e-01
4.759973054329656450e-01,9.997922574770136128e-01
4.759973054329656450e-01,9.997922574770136128e-01
4.757321397184148259e-01,9.996939296002058661e-01
4.760159846758162394e-01,9.992449878248491624e-01
4.760159846758162394e-01,9.992449878248491624e-01
4.761229121065841952e-01,9.996622734663412890e-01
4.761229121065841952e-01,9.996622734663412890e-01
4.761229121065841952e-01,9.996622734663412890e-01
4.759623500675050356e-01,9.999921357609850014e-01
4.758529591481888144e-01,9.987347375504272984e-01
4.756167598112444050e-01,9.999663860255618708e-01
4.757846312526949339e-01,9.996289699593458034e-01
4.757846312526949339e-01,9.996289699593458034e-01
4.762412521952912314e-01,9.997694228242429704e-01
4.758919712166101434e-01,9.990135396747432672e-01
4.760158808245885664e-01,9.992696153613586096e-01
4.760158808245885664e-01,9.992696153613586096e-01
4.760828910502279965e-01,9.999814276748093533e-01
4.760828910502279965e-01,9.999814276748093533e-01
4.760828910502279965e-01,9.999814276748093533e-01
4.760828910502279965e-01,9.999814276748093533e-01
4.760828910502279965e-01,9.999814276748093533e-01
4.758200600903121358e-01,9.985016680145282209e-01
4.760421175365873725e-01,9.996437252884189384e-01
4.760421175365873725e-01,9.996437252884189384e-01
4.760421175365873725e-01,9.996437252884189384e-01
4.760421175365873725e-01,9.996437252884189384e-01
4.760421175365873725e-01,9.996437252884189384e-01
4.760421175365873725e-01,9.996437252884189384e-01
4.760421175365873725e-01,9.996437252884189384e-01
4.758357243820288129e-01,9.993170833530441444e-01
4.763087711418458325e-01,9.998306386685013036e-01
4.763087711418458325e-01,9.998306386685013036e-01
4.763087711418458325e-01,9.998306386685013036e-01
4.763087711418458325e-01,9.998306386685013036e-01
4.757046148282167430e-01,9.988375291482188834e-01
4.761825485488609955e-01,9.996368995951506742e-01
4.761825485488609955e-01,9.996368995951506742e-01
4.761825485488609955e-01,9.996368995951506742e-01
4.761825485488609955e-01,9.996368995951506742e-01
4.760862121531797553e-01,9.991238076421236070e-01
4.757906945065714654e-01,9.999304118016215659e-01
4.757906945065714654e-01,9.999304118016215659e-01
4.757906945065714654e-01,9.999304118016215659e-01
4.757906945065714654e-01,9.999304118016215659e-01
4.757906945065714654e-01,9.999304118016215659e-01
4.757906945065714654e-01,9.999304118016215659e-01
4.757906945065714654e-01,9.999304118016215659e-01
4.757906945065714654e-01,9.999304118016215659e-01
4.757906945065714654e-01,9.999304118016215659e-01
4.760362877419667682e-01,9.998388930159951560e-01
4.760362877419667682e-01,9.998388930159951560e-01
4.760362877419667682e-01,9.998388930159951560e-01
4.760818970702851427e-01,9.998348498596295597e-01
4.760818970702851427e-01,9.998348498596295597e-01
4.760310167468508880e-01,9.999865438593241729e-01
4.760429889045987295e-01,9.999012107908122893e-01
4.760429889045987295e-01,9.999012107908122893e-01
4.760429889045987295e-01,9.999012107908122893e-01
4.761895068381047369e-01,9.998384776225814896e-01
4.761895068381047369e-01,9.998384776225814896e-01
4.761895068381047369e-01,9.998384776225814896e-01
4.761895068381047369e-01,9.998384776225814896e-01
4.761895068381047369e-01,9.998384776225814896e-01
4.761895068381047369e-01,9.998384776225814896e-01
4.760771143366263614e-01,9.998059872392154324e-01
4.762341680267097033e-01,9.995991500787694273e-01
4.762341680267097033e-01,9.995991500787694273e-01
4.762341680267097033e-01,9.995991500787694273e-01
4.762341680267097033e-01,9.995991500787694273e-01
4.762341680267097033e-01,9.995991500787694273e-01
4.762341680267097033e-01,9.995991500787694273e-01
4.761295124892356290e-01,9.993690291032182316e-01
4.761295124892356290e-01,9.993690291032182316e-01
4.761295124892356290e-01,9.993690291032182316e-01
4.750420855515178897e-01,9.977167212391065965e-01
4.759634386651031002e-01,9.997746877263744558e-01
4.759634386651031002e-01,9.997746877263744558e-01
4.759634386651031002e-01,9.997746877263744558e-01
4.759634386651031002e-01,9.997746877263744558e-01
4.759634386651031002e-01,9.997746877263744558e-01
4.759634386651031002e-01,9.997746877263744558e-01
4.758461032454572304e-01,9.993916467036420004e-01
4.754385117410427353e-01,9.988711581153910668e-01
4.754385117410427353e-01,9.988711581153910668e-01
4.755570311718057552e-01,9.972818439218227304e-01
4.756746885826496074e-01,9.975212261718605644e-01
4.756746885826496074e-01,9.975212261718605644e-01
4.763810233288404139e-01,9.998582782130671642e-01
4.763810233288404139e-01,9.998582782130671642e-01
4.763810233288404139e-01,9.998582782130671642e-01
4.763810233288404139e-01,9.998582782130671642e-01
4.763810233288404139e-01,9.998582782130671642e-01
4.757582429747098662e-01,9.993935013170890391e-01
4.757582429747098662e-01,9.993935013170890391e-01
4.757582429747098662e-01,9.993935013170890391e-01
4.759251517994318448e-01,9.999530174110281555e-01
4.759251517994318448e-01,9.999530174110281555e-01
4.754652165398586261e-01,9.984716642373543394e-01
4.754652165398586261e-01,9.984716642373543394e-01
4.759466176700524742e-01,9.986180367963578552e-01
4.755553858670960587e-01,9.988000209496777915e-01
4.755553858670960587e-01,9.988000209496777915e-01
4.755553858670960587e-01,9.988000209496777915e-01
4.755553858670960587e-01,9.988000209496777915e-01
4.757848081411533703e-01,9.990535619892415564e-01
4.757848081411533703e-01,9.990535619892415564e-01
4.757848081411533703e-01,9.990535619892415564e-01
4.757848081411533703e-01,9.990535619892415564e-01
4.762887991831401546e-01,9.996004432548174501e-01
4.756010808575897308e-01,9.993129183665886428e-01
4.759549985620142865e-01,9.987859399138104832e-01
4.759549985620142865e-01,9.987859399138104832e-01
4.762352141803324335e-01,9.996873936563240859e-01
4.762352141803324335e-01,9.996873936563240859e-01
4.762352141803324335e-01,9.996873936563240859e-01
4.762352141803324335e-01,9.996873936563240859e-01
4.758094601540228674e-01,9.999503007460037729e-01
4.758094601540228674e-01,9.999503007460037729e-01
4.758094601540228674e-01,9.999503007460037729e-01
4.758094601540228674e-01,9.999503007460037729e-01
4.758094601540228674e-01,9.999503007460037729e-01
4.758094601540228674e-01,9.999503007460037729e-01
4.758094601540228674e-01,9.999503007460037729e-01
4.758094601540228674e-01,9.999503007460037729e-01
4.757604801843104414e-01,9.995973118201288976e-01
4.757604801843104414e-01,9.995973118201288976e-01
4.757604801843104414e-01,9.995973118201288976e-01
4.757604801843104414e-01,9.995973118201288976e-01
4.757604801843104414e-01,9.995973118201288976e-01
4.756896851258343162e-01,9.986125735493440736e-01
4.756896851258343162e-01,9.986125735493440736e-01
4.756589842554341252e-01,9.995766491561809408e-01
4.756872705814906288e-01,9.989506134930368209e-01
4.763842304216715506e-01,9.999444999791783362e-01
4.763842304216715506e-01,9.999444999791783362e-01
4.760702576759618387e-01,9.997331003188083542e-01
4.760702576759618387e-01,9.997331003188083542e-01
4.760702576759618387e-01,9.997331003188083542e-01
4.760702576759618387e-01,9.997331003188083542e-01
4.760702576759618387e-01,9.997331003188083542e-01
4.760702576759618387e-01,9.997331003188083542e-01
4.760702576759618387e-01,9.997331003188083542e-01
4.760840584502578632e-01,9.988586269970245457e-01
4.760840584502578632e-01,9.988586269970245457e-01
4.760840584502578632e-01,9.988586269970245457e-01
4.762981270720704208e-01,9.999764671817612527e-01
4.762981270720704208e-01,9.999764671817612527e-01
4.762981270720704208e-01,9.999764671817612527e-01
4.762981270720704208e-01,9.999764671817612527e-01
4.762981270720704208e-01,9.999764671817612527e-01
4.756523326925992667e-01,9.993447149965632992e-01
4.761480025651160797e-01,9.991981543197777649e-01
4.761480025651160797e-01,9.991981543197777649e-01
4.763363537099549738e-01,9.993985688286414204e-01
4.763363537099549738e-01,9.993985688286414204e-01
4.763363537099549738e-01,9.993985688286414204e-01
4.763363537099549738e-01,9.993985688286414204e-01
4.763363537099549738e-01,9.993985688286414204e-01
4.752588623398671386e-01,9.997614628357740507e-01
4.761654942413949820e-01,9.995310271495585486e-01
4.761654942413949820e-01,9.995310271495585486e-01
4.761654942413949820e-01,9.995310271495585486e-01
4.760582242842336109e-01,9.998609873373216494e-01
4.760582242842336109e-01,9.998609873373216494e-01
4.760582242842336109e-01,9.998609873373216494e-01
4.760582242842336109e-01,9.998609873373216494e-01
4.760582242842336109e-01,9.998609873373216494e-01
4.756790778302135148e-01,9.999795248212359766e-01
4.756790778302135148e-01,9.999795248212359766e-01
4.756790778302135148e-01,9.999795248212359766e-01
4.756790778302135148e-01,9.999795248212359766e-01
4.756790778302135148e-01,9.999795248212359766e-01
4.756790778302135148e-01,9.999795248212359766e-01
4.756368182419417057e-01,9.981993694656841054e-01
4.756368182419417057e-01,9.981993694656841054e-01
4.754877756046748116e-01,9.995105755695773420e-01
4.763457434706845350e-01,9.996179265567669558e-01
4.763457434706845350e-01,9.996179265567669558e-01
4.763457434706845350e-01,9.996179265567669558e-01
4.758217269297075336e-01,9.990368791193998677e-01
4.758217269297075336e-01,9.990368791193998677e-01
4.764448508980081987e-01,9.999076632172831935e-01
4.759118393621494802e-01,9.992764704441836621e-01
4.759118393621494802e-01,9.992764704441836621e-01
4.759118393621494802e-01,9.992764704441836621e-01
4.760571673026846029e-01,9.994869981666711922e-01
4.760571673026846029e-01,9.994869981666711922e-01
4.760571673026846029e-01,9.994869981666711922e-01
4.760571673026846029e-01,9.994869981666711922e-01
4.760571673026846029e-01,9.994869981666711922e-01
4.760571673026846029e-01,9.994869981666711922e-01
4.760571673026846029e-01,9.994869981666711922e-01
4.760757185298323813e-01,9.991366160098934524e-01
4.761807902289001970e-01,9.993760320508787709e-01
4.757077260951807496e-01,9.986991080558578204e-01
4.757077260951807496e-01,9.986991080558578204e-01
4.757077260951807496e-01,9.986991080558578204e-01
4.757077260951807496e-01,9.986991080558578204e-01
4.757077260951807496e-01,9.986991080558578204e-01
4.764518896211459298e-01,9.999441087738919487e-01
4.765083389348151455e-01,9.999306235544173083e-01
4.758479755177527637e-01,9.999245010627131336e-01
4.758479755177527637e-01,9.999245010627131336e-01
4.761738162788512474e-01,9.998382024025982417e-01
4.761738162788512474e-01,9.998382024025982417e-01
4.761738162788512474e-01,9.998382024025982417e-01
4.761738162788512474e-01,9.998382024025982417e-01
4.761501252965212871e-01,9.996592536037202104e-01
4.761501252965212871e-01,9.996592536037202104e-01
4.761501252965212871e-01,9.996592536037202104e-01
4.761223611676591583e-01,9.999481659375479836e-01
4.761223611676591583e-01,9.999481659375479836e-01
4.761223611676591583e-01,9.999481659375479836e-01
4.761223611676591583e-01,9.999481659375479836e-01
4.761223611676591583e-01,9.999481659375479836e-01
4.761223611676591583e-01,9.999481659375479836e-01
4.761223611676591583e-01,9.999481659375479836e-01
4.761223611676591583e-01,9.999481659375479836e-01
4.761223611676591583e-01,9.999481659375479836e-01
4.761223611676591583e-01,9.999481659375479836e-01
4.761223611676591583e-01,9.999481659375479836e-01
4.761223611676591583e-01,9.999481659375479836e-01
4.761223611676591583e-01,9.999481659375479836e-01
4.761223611676591583e-01,9.999481659375479836e-01
4.758463166592087346e-01,9.987619473539749437e-01
4.758463166592087346e-01,9.987619473539749437e-01
4.758463166592087346e-01,9.987619473539749437e-01
4.758463166592087346e-01,9.987619473539749437e-01
4.758463166592087346e-01,9.987619473539749437e-01
4.758463166592087346e-01,9.987619473539749437e-01
4.760760723291118657e-01,9.995721393312150260e-01
4.760760723291118657e-01,9.995721393312150260e-01
4.760760723291118657e-01,9.995721393312150260e-01
4.760760723291118657e-01,9.995721393312150260e-01
4.761989775505822142e-01,9.997563443181831655e-01
4.761989775505822142e-01,9.997563443181831655e-01
4.761989775505822142e-01,9.997563443181831655e-01
4.761989775505822142e-01,9.997563443181831655e-01
4.761989775505822142e-01,9.997563443181831655e-01
4.761989775505822142e-01,9.997563443181831655e-01
4.761989775505822142e-01,9.997563443181831655e-01
4.761989775505822142e-01,9.997563443181831655e-01
4.761989775505822142e-01,9.997563443181831655e-01
4.761989775505822142e-01,9.997563443181831655e-01
4.761989775505822142e-01,9.997563443181831655e-01
4.761989775505822142e-01,9.997563443181831655e-01
4.761989775505822142e-01,9.997563443181831655e-01
4.761989775505822142e-01,9.997563443181831655e-01
4.758861447398117783e-01,9.999080597515588309e-01
4.758861447398117783e-01,9.999080597515588309e-01
4.758861447398117783e-01,9.999080597515588309e-01
4.758861447398117783e-01,9.999080597515588309e-01
4.758861447398117783e-01,9.999080597515588309e-01
4.758861447398117783e-01,9.999080597515588309e-01
4.758861447398117783e-01,9.999080597515588309e-01
4.758861447398117783e-01,9.999080597515588309e-01
4.758861447398117783e-01,9.999080597515588309e-01
4.758861447398117783e-01,9.999080597515588309e-01
4.758861447398117783e-01,9.999080597515588309e-01
4.758861447398117783e-01,9.999080597515588309e-01
4.758861447398117783e-01,9.999080597515588309e-01
4.758861447398117783e-01,9.999080597515588309e-01
4.758861447398117783e-01,9.999080597515588309e-01
4.758861447398117783e-01,9.999080597515588309e-01
4.758861447398117783e-01,9.999080597515588309e-01
4.758861447398117783e-01,9.999080597515588309e-01
4.758861447398117783e-01,9.999080597515588309e-01
4.758861447398117783e-01,9.999080597515588309e-01
4.758861447398117783e-01,9.999080597515588309e-01
4.758861447398117783e-01,9.999080597515588309e-01
4.758861447398117783e-01,9.999080597515588309e-01
4.758861447398117783e-01,9.999080597515588309e-01
4.758861447398117783e-01,9.999080597515588309e-01
4.758861447398117783e-01,9.999080597515588309e-01
4.758861447398117783e-01,9.999080597515588309e-01
4.758861447398117783e-01,9.999080597515588309e-01
4.758861447398117783e-01,9.999080597515588309e-01
4.758861447398117783e-01,9.999080597515588309e-01
4.758861447398117783e-01,9.999080597515588309e-01
4.758861447398117783e-01,9.999080597515588309e-01
4.758861447398117783e-01,9.999080597515588309e-01
4.763733063210509044e-01,9.997077682673364274e-01
4.763733063210509044e-01,9.997077682673364274e-01
4.763733063210509044e-01,9.997077682673364274e-01
4.763733063210509044e-01,9.997077682673364274e-01
4.763733063210509044e-01,9.997077682673364274e-01
4.763733063210509044e-01,9.997077682673364274e-01
4.763733063210509044e-01,9.997077682673364274e-01
4.762421043038139179e-01,9.996653816568056294e-01
4.762421043038139179e-01,9.996653816568056294e-01
4.762421043038139179e-01,9.996653816568056294e-01
4.758298579795410821e-01,9.988088985911454110e-01
4.758298579795410821e-01,9.988088985911454110e-01
4.758298579795410821e-01,9.988088985911454110e-01
4.760304934434609891e-01,9.990649042179755579e-01
4.760304934434609891e-01,9.990649042179755579e-01
4.760024862107343768e-01,9.987248920286844189e-01
4.762138261032641262e-01,9.995494867772024561e-01
4.762138261032641262e-01,9.995494867772024561e-01
4.762138261032641262e-01,9.995494867772024561e-01
4.755764651311511493e-01,9.978794684846536978e-01
4.754867201821150191e-01,9.990299092480185994e-01
4.761223279034305644e-01,9.991917943350784315e-01
4.761223279034305644e-01,9.991917943350784315e-01
4.761223279034305644e-01,9.991917943350784315e-01
4.761223279034305644e-01,9.991917943350784315e-01
4.761223279034305644e-01,9.991917943350784315e-01
4.761223279034305644e-01,9.991917943350784315e-01
4.761223279034305644e-01,9.991917943350784315e-01
4.761223279034305644e-01,9.991917943350784315e-01
4.756966935376457095e-01,9.988875917501127688e-01
4.755750994049280367e-01,9.976583451158955729e-01
4.755750994049280367e-01,9.976583451158955729e-01
4.755750994049280367e-01,9.976583451158955729e-01
4.755750994049280367e-01,9.976583451158955729e-01
4.763677319629713303e-01,9.998569190167331255e-01
4.763677319629713303e-01,9.998569190167331255e-01
4.756973235594625371e-01,9.987202190260138224e-01
4.764005875064098450e-01,9.996594805137098971e-01
4.764005875064098450e-01,9.996594805137098971e-01
4.764005875064098450e-01,9.996594805137098971e-01
4.755778323646864258e-01,9.991262060386020272e-01
4.755778323646864258e-01,9.991262060386020272e-01
4.760811694172061848e-01,9.996784580321032010e-01
4.760811694172061848e-01,9.996784580321032010e-01
4.760811694172061848e-01,9.996784580321032010e-01
4.760811694172061848e-01,9.996784580321032010e-01
4.760811694172061848e-01,9.996784580321032010e-01
4.760811694172061848e-01,9.996784580321032010e-01
4.760811694172061848e-01,9.996784580321032010e-01
4.762054747435713331e-01,9.995553369612800720e-01
4.762054747435713331e-01,9.995553369612800720e-01
4.762054747435713331e-01,9.995553369612800720e-01
4.762054747435713331e-01,9.995553369612800720e-01
4.762054747435713331e-01,9.995553369612800720e-01
4.762054747435713331e-01,9.995553369612800720e-01
4.762054747435713331e-01,9.995553369612800720e-01
4.762054747435713331e-01,9.995553369612800720e-01
4.762054747435713331e-01,9.995553369612800720e-01
4.762054747435713331e-01,9.995553369612800720e-01
4.762054747435713331e-01,9.995553369612800720e-01
4.765299080881824634e-01,9.998903528527871565e-01
4.765299080881824634e-01,9.998903528527871565e-01
4.761877415273196856e-01,9.992993121012331281e-01
4.756611327475397943e-01,9.997655411540284920e-01
4.762668909388593219e-01,9.998264117125656991e-01
4.762668909388593219e-01,9.998264117125656991e-01
4.762668909388593219e-01,9.998264117125656991e-01
4.762668909388593219e-01,9.998264117125656991e-01
4.762668909388593219e-01,9.998264117125656991e-01
4.762668909388593219e-01,9.998264117125656991e-01
4.762668909388593219e-01,9.998264117125656991e-01
4.762668909388593219e-01,9.998264117125656991e-01
4.762668909388593219e-01,9.998264117125656991e-01
4.762668909388593219e-01,9.998264117125656991e-01
4.762668909388593219e-01,9.998264117125656991e-01
4.762668909388593219e-01,9.998264117125656991e-01
4.762668909388593219e-01,9.998264117125656991e-01
4.762668909388593219e-01,9.998264117125656991e-01
4.762668909388593219e-01,9.998264117125656991e-01
4.753303590122109346e-01,9.978810784708195269e-01
4.753303590122109346e-01,9.978810784708195269e-01
4.755349633466069426e-01,9.976623917786948681e-01
4.758722707873038194e-01,9.998305251859475051e-01
4.758722707873038194e-01,9.998305251859475051e-01
4.758722707873038194e-01,9.998305251859475051e-01
4.758722707873038194e-01,9.998305251859475051e-01
4.758722707873038194e-01,9.998305251859475051e-01
4.758678321467340044e-01,9.993097915541383491e-01
4.758678321467340044e-01,9.993097915541383491e-01
4.758678321467340044e-01,9.993097915541383491e-01
4.758678321467340044e-01,9.993097915541383491e-01
4.758678321467340044e-01,9.993097915541383491e-01
4.758678321467340044e-01,9.993097915541383491e-01
4.758678321467340044e-01,9.993097915541383491e-01
4.759055622173836708e-01,9.994276436178043399e-01
4.759055622173836708e-01,9.994276436178043399e-01
4.759055622173836708e-01,9.994276436178043399e-01
4.758560786687411892e-01,9.999352051530477903e-01
4.759347348351627982e-01,9.998203232983098321e-01
4.759347348351627982e-01,9.998203232983098321e-01
4.761725274850691081e-01,9.998030617517168483e-01
4.761725274850691081e-01,9.998030617517168483e-01
4.761725274850691081e-01,9.998030617517168483e-01
4.761725274850691081e-01,9.998030617517168483e-01
4.761725274850691081e-01,9.998030617517168483e-01
4.761725274850691081e-01,9.998030617517168483e-01
4.761725274850691081e-01,9.998030617517168483e-01
4.761725274850691081e-01,9.998030617517168483e-01
4.761725274850691081e-01,9.998030617517168483e-01
4.761725274850691081e-01,9.998030617517168483e-01
4.761725274850691081e-01,9.998030617517168483e-01
4.761725274850691081e-01,9.998030617517168483e-01
4.761725274850691081e-01,9.998030617517168483e-01
4.761725274850691081e-01,9.998030617517168483e-01
4.761725274850691081e-01,9.998030617517168483e-01
4.761725274850691081e-01,9.998030617517168483e-01
4.757403685762784940e-01,9.987058410105313921e-01
4.761150914405135604e-01,9.995498782411590399e-01
4.761150914405135604e-01,9.995498782411590399e-01
4.761150914405135604e-01,9.995498782411590399e-01
4.761150914405135604e-01,9.995498782411590399e-01
4.761150914405135604e-01,9.995498782411590399e-01
4.761150914405135604e-01,9.995498782411590399e-01
4.758551246542256918e-01,9.995034954871202526e-01
4.758948950476523110e-01,9.998316071580705122e-01
4.758948950476523110e-01,9.998316071580705122e-01
4.758948950476523110e-01,9.998316071580705122e-01
4.758948950476523110e-01,9.998316071580705122e-01
4.758948950476523110e-01,9.998316071580705122e-01
4.758948950476523110e-01,9.998316071580705122e-01
4.758948950476523110e-01,9.998316071580705122e-01
4.758948950476523110e-01,9.998316071580705122e-01
4.758948950476523110e-01,9.998316071580705122e-01
4.758948950476523110e-01,9.998316071580705122e-01
4.758948950476523110e-01,9.998316071580705122e-01
4.758948950476523110e-01,9.998316071580705122e-01
4.758948950476523110e-01,9.998316071580705122e-01
4.758948950476523110e-01,9.998316071580705122e-01
4.758948950476523110e-01,9.998316071580705122e-01
4.758948950476523110e-01,9.998316071580705122e-01
4.757714165005378915e-01,9.992984798653892220e-01
4.757272583555194889e-01,9.999089353252073042e-01
4.764643320286334194e-01,9.999047670952362354e-01
4.764643320286334194e-01,9.999047670952362354e-01
4.764643320286334194e-01,9.999047670952362354e-01
4.764643320286334194e-01,9.999047670952362354e-01
4.763847872092608626e-01,9.997875646514858827e-01
4.763847872092608626e-01,9.997875646514858827e-01
4.763847872092608626e-01,9.997875646514858827e-01
4.763847872092608626e-01,9.997875646514858827e-01
4.763847872092608626e-01,9.997875646514858827e-01
4.763847872092608626e-01,9.997875646514858827e-01
4.763847872092608626e-01,9.997875646514858827e-01
4.763847872092608626e-01,9.997875646514858827e-01
4.763847872092608626e-01,9.997875646514858827e-01
4.763847872092608626e-01,9.997875646514858827e-01
4.753928064174148260e-01,9.978554710683632534e-01
4.753928064174148260e-01,9.978554710683632534e-01
4.751970088842277229e-01,9.980553254596099544e-01
4.756865229143067975e-01,9.980391515515516510e-01
4.760492531083071466e-01,9.995411589087579429e-01
4.760492531083071466e-01,9.995411589087579429e-01
4.760492531083071466e-01,9.995411589087579429e-01
4.760492531083071466e-01,9.995411589087579429e-01
4.760492531083071466e-01,9.995411589087579429e-01
4.760492531083071466e-01,9.995411589087579429e-01
4.760492531083071466e-01,9.995411589087579429e-01
4.760492531083071466e-01,9.995411589087579429e-01
4.760492531083071466e-01,9.995411589087579429e-01
4.759356026840693143e-01,9.994331913609476592e-01
4.760626045883150081e-01,9.998971423662179614e-01
4.760626045883150081e-01,9.998971423662179614e-01
4.760626045883150081e-01,9.998971423662179614e-01
4.760626045883150081e-01,9.998971423662179614e-01
4.758407054306644235e-01,9.995885028332507360e-01
4.758407054306644235e-01,9.995885028332507360e-01
4.758407054306644235e-01,9.995885028332507360e-01
4.758407054306644235e-01,9.995885028332507360e-01
4.758407054306644235e-01,9.995885028332507360e-01
4.758407054306644235e-01,9.995885028332507360e-01
4.760624341946461113e-01,9.994072000015826740e-01
4.760624341946461113e-01,9.994072000015826740e-01
4.760624341946461113e-01,9.994072000015826740e-01
4.760624341946461113e-01,9.994072000015826740e-01
4.760624341946461113e-01,9.994072000015826740e-01
4.764407096475997694e-01,9.999879486614845492e-01
4.764407096475997694e-01,9.999879486614845492e-01
4.764064517311810132e-01,9.998699886790021196e-01
4.764064517311810132e-01,9.998699886790021196e-01
4.759319374934076752e-01,9.997594000621798926e-01
4.759319374934076752e-01,9.997594000621798926e-01
4.759319374934076752e-01,9.997594000621798926e-01
4.759319374934076752e-01,9.997594000621798926e-01
4.757097164985599203e-01,9.997075354758376831e-01
4.757097164985599203e-01,9.997075354758376831e-01
4.756696838280763395e-01,9.993966648692387267e-01
4.756696838280763395e-01,9.993966648692387267e-01
4.756696838280763395e-01,9.993966648692387267e-01
4.756696838280763395e-01,9.993966648692387267e-01
4.756696838280763395e-01,9.993966648692387267e-01
4.812645849272013665e-01,9.905778591629833540e-01
4.803189428631703395e-01,9.864273457054442140e-01
4.811126151000852391e-01,9.892847998162690448e-01
4.824160962321037416e-01,9.947108110682717497e-01
4.818786182097398729e-01,9.926487317942912503e-01
4.819944974759323153e-01,9.934329026200753310e-01
4.821880758548719448e-01,9.939092884630866820e-01
4.817258266758429608e-01,9.918093965173518933e-01
4.784285374831315218e-01,9.787942114851596598e-01
4.807207876440874883e-01,9.881265960851549623e-01
4.793611799405567142e-01,9.834620109654256259e-01
4.795191634401664293e-01,9.838981519273920506e-01
4.797449838165255831e-01,9.848982745120158366e-01
4.798770706956702048e-01,9.842173040482264934e-01
4.794414748839155305e-01,9.831626659963494941e-01
4.794414748839155305e-01,9.831626659963494941e-01
4.794414748839155305e-01,9.831626659963494941e-01
4.796353611168336362e-01,9.839462331868126244e-01
4.796353611168336362e-01,9.839462331868126244e-01
4.801796170562496191e-01,9.860535732683796128e-01
4.801796170562496191e-01,9.860535732683796128e-01
4.798478046697247090e-01,9.852308319605516118e-01
4.832413478574136834e-01,9.968905414677174948e-01
4.812310748775255886e-01,9.904709786230251334e-01
4.826705773053204251e-01,9.952817714892820966e-01
4.830466469878704761e-01,9.972756695827423856e-01
4.831165081968466501e-01,9.973816944759148484e-01
4.827140443232465494e-01,9.957484379423948706e-01
4.833209254336673921e-01,9.983926492362086291e-01
4.811473249205878155e-01,9.897637855861555201e-01
4.810614104095867760e-01,9.894187299282294346e-01
4.817462211627598911e-01,9.925018683826087873e-01
4.811055650684720186e-01,9.896753536347370206e-01
4.800620227307422772e-01,9.853210822344602438e-01
4.813806501117564585e-01,9.905133354436026494e-01
4.838388157564031400e-01,9.996759461585709161e-01
4.819730176176488801e-01,9.930532274024334027e-01
4.819730176176488801e-01,9.930532274024334027e-01
4.832106947331663571e-01,9.977542329501037921e-01
4.821946129296147410e-01,9.932538119656616482e-01
4.821946129296147410e-01,9.932538119656616482e-01
4.807911455729972916e-01,9.882580367922190190e-01
4.807911455729972916e-01,9.882580367922190190e-01
4.807911455729972916e-01,9.882580367922190190e-01
4.817775686482840269e-01,9.921119694750244467e-01
4.821054067218543127e-01,9.930549239934484129e-01
4.828206830799589011e-01,9.961662546196852208e-01
4.828206830799589011e-01,9.961662546196852208e-01
4.828206830799589011e-01,9.961662546196852208e-01
4.838484185767268908e-01,9.995740520437936816e-01
4.801940497292188081e-01,9.854282037174563191e-01
4.801194245775362024e-01,9.858171221514855365e-01
4.818233787029113646e-01,9.918841348059694862e-01
4.818233787029113646e-01,9.918841348059694862e-01
4.824556797843295164e-01,9.946558247496659622e-01
4.824556797843295164e-01,9.946558247496659622e-01
4.824556797843295164e-01,9.946558247496659622e-01
4.821303103754185915e-01,9.933150340728830185e-01
4.820088231209808671e-01,9.933791465459694825e-01
4.827224538105031604e-01,9.955984015139780485e-01
4.806037264106916007e-01,9.875759632638185792e-01
4.806037264106916007e-01,9.875759632638185792e-01
4.797720221411954089e-01,9.849188777459344513e-01
4.799797407736239307e-01,9.851269152504892324e-01
4.823397909263743011e-01,9.947308521217596011e-01
4.838083210687704749e-01,9.998967238048448447e-01
4.838083210687704749e-01,9.998967238048448447e-01
4.830098961033048588e-01,9.967677257649496525e-01
4.830098961033048588e-01,9.967677257649496525e-01
4.827900331447234628e-01,9.962902647197585670e-01
4.838462395853547204e-01,9.996417361564964299e-01
4.838462395853547204e-01,9.996417361564964299e-01
4.828475960965916691e-01,9.969842918913274232e-01
4.824119346396532615e-01,9.949132309042423294e-01
4.820564798179201582e-01,9.931215885632722618e-01
4.820564798179201582e-01,9.931215885632722618e-01
4.820564798179201582e-01,9.931215885632722618e-01
4.778267384022499842e-01,9.774002455492376562e-01
4.764641833265068627e-01,9.720914407729923656e-01
4.766978276379132407e-01,9.727628734755743301e-01
4.766978276379132407e-01,9.727628734755743301e-01
4.812369697306355110e-01,9.896756234971894051e-01
4.812369697306355110e-01,9.896756234971894051e-01
4.800251944113519409e-01,9.857443084233982189e-01
4.777962695195461240e-01,9.769958588965313995e-01
4.812632316912036634e-01,9.900635629253008441e-01
4.820349387959163012e-01,9.932083636571923391e-01
4.813760670051843715e-01,9.901833053745004998e-01
4.809512216777371285e-01,9.881839822748791358e-01
4.797824322160828547e-01,9.843608978099851470e-01
4.797824322160828547e-01,9.843608978099851470e-01
4.760806891819060471e-01,9.707328949635088966e-01
4.760806891819060471e-01,9.707328949635088966e-01
4.778763330552145416e-01,9.777146337849799140e-01
4.778763330552145416e-01,9.777146337849799140e-01
4.775407787539698856e-01,9.764636150357228761e-01
4.810477951362382432e-01,9.893479342773879859e-01
4.810477951362382432e-01,9.893479342773879859e-01
4.826504289868266961e-01,9.955383896835379165e-01
4.826095537213880293e-01,9.951031173259353713e-01
4.821835980568968671e-01,9.934538373698678093e-01
4.823276755502107216e-01,9.947292139617874840e-01
4.816463935656778994e-01,9.910287841128941899e-01
4.827282344107266532e-01,9.949767769843331777e-01
4.812968001550740893e-01,9.903938154286754392e-01
4.812968001550740893e-01,9.903938154286754392e-01
4.812968001550740893e-01,9.903938154286754392e-01
4.803519053818361972e-01,9.871018395289079539e-01
4.820845891435823205e-01,9.930226589523578618e-01
4.823583555600856609e-01,9.939872053892797599e-01
4.829551840435816201e-01,9.965893036376685110e-01
4.808798545544988867e-01,9.887451154661779373e-01
4.811386340927600869e-01,9.902449495131107060e-01
4.772796015676524228e-01,9.743329017434052552e-01
4.765960682168293161e-01,9.733664654404430294e-01
4.768340015185936753e-01,9.724487396006705753e-01
4.739518184025208747e-01,9.620936246659279600e-01
4.741449595291294949e-01,9.634942290289478795e-01
4.734359491184506052e-01,9.606729011935585261e-01
4.755864374820875651e-01,9.689387418134760566e-01
4.754070631338793707e-01,9.674366659429259885e-01
4.753006812157489769e-01,9.677777249670347359e-01
4.747012327661824238e-01,9.650976418394557887e-01
4.748019493709169647e-01,9.655019901677451832e-01
4.748019493709169647e-01,9.655019901677451832e-01
4.794672118914115044e-01,9.836395111356996956e-01
4.815395172215190533e-01,9.914920947916922023e-01
4.830150518763715595e-01,9.968541765202234561e-01
4.816687985309269227e-01,9.915528615398186973e-01
4.817517685507249348e-01,9.926292916325709648e-01
4.821961207761401025e-01,9.936054511029926983e-01
4.804135349520458065e-01,9.866699718313691747e-01
4.831080882084354267e-01,9.968311688663554770e-01
4.809913847362393136e-01,9.893915617989665900e-01
4.802842868584187852e-01,9.859744554675524686e-01
4.827852298628945160e-01,9.962275762924539535e-01
4.826163791415246651e-01,9.950511437062786735e-01
4.802947800698126879e-01,9.862593794748086840e-01
4.798575039691148625e-01,9.849467856648247421e-01
4.801561017402523612e-01,9.860292821477802949e-01
4.801561017402523612e-01,9.860292821477802949e-01
4.795965951296253804e-01,9.840919328823568568e-01
4.795965951296253804e-01,9.840919328823568568e-01
4.757441865136395331e-01,9.691088405561976149e-01
4.757441865136395331e-01,9.691088405561976149e-01
4.733649362040716624e-01,9.602594565807623939e-01
4.750944742757661765e-01,9.660130817559932082e-01
4.739743034781869202e-01,9.632686822513334413e-01
4.809661762316129185e-01,9.891672896140542015e-01
4.833982309154705725e-01,9.983630499686281246e-01
4.826824184284670416e-01,9.956553909425102100e-01
4.826824184284670416e-01,9.956553909425102100e-01
4.830550407535882940e-01,9.969474997422594909e-01
4.832865386257853557e-01,9.985524366218209158e-01
4.824748629218425511e-01,9.951220842704810998e-01
4.837391660498998602e-01,9.994229760613825286e-01
4.831958759283663807e-01,9.973815102035422653e-01
4.832569447547701014e-01,9.975409066382638912e-01
4.832569447547701014e-01,9.975409066382638912e-01
4.832569447547701014e-01,9.975409066382638912e-01
4.825525636289809683e-01,9.943580254098538518e-01
4.831188981024851503e-01,9.976654571156439166e-01
4.836113435308417308e-01,9.991200862243762026e-01
4.819815384705845029e-01,9.932263543936549199e-01
4.836793924244590648e-01,9.993589939777658415e-01
4.831378252418324082e-01,9.973066253117215396e-01
4.831378252418324082e-01,9.973066253117215396e-01
4.837539603140508238e-01,9.996483435246028559e-01
4.837539603140508238e-01,9.996483435246028559e-01
4.829287588989666369e-01,9.968233202655040204e-01
4.834118477446057716e-01,9.982824262766275547e-01
4.818797780100245731e-01,9.921561014454961525e-01
4.805801052863944989e-01,9.877372210386928808e-01
4.805801052863944989e-01,9.877372210386928808e-01
4.820559998048877803e-01,9.924685250442797368e-01
4.835416991827582445e-01,9.977961903382910336e-01
4.820121823570275854e-01,9.940889661242769959e-01
4.838175687306361938e-01,9.997573791139423571e-01
4.838175687306361938e-01,9.997573791139423571e-01
4.838175687306361938e-01,9.997573791139423571e-01
4.838175687306361938e-01,9.997573791139423571e-01
4.838175687306361938e-01,9.997573791139423571e-01
4.838175687306361938e-01,9.997573791139423571e-01
4.821874241754858792e-01,9.943039598091341080e-01
4.811974493089248850e-01,9.894678862941737041e-01
4.822889791401340776e-01,9.943942518919089979e-01
4.812837694488074636e-01,9.902787611257275469e-01
4.823295584569317063e-01,9.942576179944742076e-01
4.804331494467363184e-01,9.877254558990391509e-01
4.818092681638600494e-01,9.919693184904095906e-01
4.821276401227520547e-01,9.928102943730039431e-01
4.800352624174509808e-01,9.852348375175287165e-01
4.800352624174509808e-01,9.852348375175287165e-01
4.783868878860278451e-01,9.794666717158991842e-01
4.809188545027514583e-01,9.881955028423582421e-01
4.800534703187636087e-01,9.860714747442362871e-01
4.827384454951934023e-01,9.953850170611430181e-01
4.830043776883341522e-01,9.962217972218784245e-01
4.826280169821519084e-01,9.952441455598297626e-01
4.826280169821519084e-01,9.952441455598297626e-01
4.786658297674701856e-01,9.801332031954000934e-01
4.786658297674701856e-01,9.801332031954000934e-01
4.767956977904391769e-01,9.732013936617115446e-01
4.767139919562842221e-01,9.730269983903934161e-01
4.754863204417688616e-01,9.677589924983889258e-01
4.756386650014451378e-01,9.691330309162491385e-01
4.753164110767062467e-01,9.680962810125680607e-01
4.769985641527010323e-01,9.734892190965489522e-01
4.779172735224856972e-01,9.769055741635315204e-01
4.788542120630662757e-01,9.812499444769161583e-01
4.776479082393547682e-01,9.763082965021625537e-01
4.813863946674564742e-01,9.900186855408936726e-01
4.834546874889136814e-01,9.981541271257448056e-01
4.834546874889136814e-01,9.981541271257448056e-01
4.834546874889136814e-01,9.981541271257448056e-01
4.833415843695865188e-01,9.976582386578241035e-01
4.801218829312940417e-01,9.862377028069926332e-01
4.815366391487161390e-01,9.913825275311181073e-01
4.815366391487161390e-01,9.913825275311181073e-01
4.817355162586712813e-01,9.911664153696780888e-01
4.795060273147009888e-01,9.829849386876838846e-01
4.795060273147009888e-01,9.829849386876838846e-01
4.750289743163772505e-01,9.666427784414030056e-01
4.763762989712445606e-01,9.717760950593873348e-01
4.765188167775045169e-01,9.722077022668175195e-01
4.781539630557244402e-01,9.782626285719201453e-01
4.805251159598974975e-01,9.867583465747088445e-01
4.816718894245792248e-01,9.914801617599859895e-01
4.838498986248294109e-01,9.997820161986092913e-01
4.838498986248294109e-01,9.997820161986092913e-01
4.838498986248294109e-01,9.997820161986092913e-01
4.829059565047478242e-01,9.965039044872484597e-01
4.820414262106612613e-01,9.926751337600310254e-01
4.798057226941511710e-01,9.848043041146016252e-01
4.806869202461951374e-01,9.876404447880148263e-01
4.800217647185247571e-01,9.851126425735182712e-01
4.800217647185247571e-01,9.851126425735182712e-01
4.800217647185247571e-01,9.851126425735182712e-01
4.809059181265914473e-01,9.890912186647968785e-01
4.831763691376418368e-01,9.979905697673840947e-01
4.810708860861728220e-01,9.896319490663008089e-01
4.808447215564417010e-01,9.887373555257543689e-01
4.808447215564417010e-01,9.887373555257543689e-01
4.819687917946565703e-01,9.927775521766581956e-01
4.822130670861511925e-01,9.936613677515250265e-01
4.822130670861511925e-01,9.936613677515250265e-01
4.818815737897494955e-01,9.927400712572950203e-01
4.814191045273485403e-01,9.905958736039475188e-01
4.824038671134979195e-01,9.939618974609346624e-01
4.824789479434716810e-01,9.945708052450925596e-01
4.818165872768583879e-01,9.922003946489245108e-01
4.825343606334152047e-01,9.943665838833132264e-01
4.782562664070482694e-01,9.785036094821080166e-01
4.782562664070482694e-01,9.785036094821080166e-01
4.796426949881752999e-01,9.835359587102679990e-01
4.796426949881752999e-01,9.835359587102679990e-01
4.827863695040371939e-01,9.955953341696205383e-01
4.812422316554286761e-01,9.900051188232461552e-01
4.816895566275610219e-01,9.920962392918689643e-01
4.808079958261369247e-01,9.883548213503082769e-01
4.795355254263326539e-01,9.839615360413274114e-01
4.825262504635187688e-01,9.949784203007709937e-01
4.825262504635187688e-01,9.949784203007709937e-01
4.825262504635187688e-01,9.949784203007709937e-01
4.825262504635187688e-01,9.949784203007709937e-01
4.831482845530930548e-01,9.979168658646166978e-01
4.827922378094723355e-01,9.960621284078227111e-01
4.818065496175271689e-01,9.919099525416378293e-01
4.791341298826764517e-01,9.819625774086452319e-01
4.786421662714991365e-01,9.801010745534362023e-01
4.815117692115401526e-01,9.913056889199600707e-01
4.834903402764513802e-01,9.990404851220562321e-01
4.834903402764513802e-01,9.990404851220562321e-01
4.834903402764513802e-01,9.990404851220562321e-01
4.819599493867810502e-01,9.925393379946895189e-01
4.809599668672216999e-01,9.883748983830336066e-01
4.809801496415626598e-01,9.891740715295358477e-01
4.814590488206014207e-01,9.911747439877096610e-01
4.804775464422283981e-01,9.870185169530439895e-01
4.804775464422283981e-01,9.870185169530439895e-01
4.823805904712072379e-01,9.945597001741043330e-01
4.808392033296324253e-01,9.884585141115476148e-01
4.834158818559589621e-01,9.981310432375598563e-01
4.821336880004622460e-01,9.933078112196839227e-01
4.818042687751401543e-01,9.924611955327276025e-01
4.825420900083562947e-01,9.953062067863248652e-01
4.832316461736817503e-01,9.979262016792592727e-01
4.832316461736817503e-01,9.979262016792592727e-01
4.826748020170729125e-01,9.947859817393048809e-01
4.829148540336525297e-01,9.969309779327449883e-01
4.813834379069278357e-01,9.911789584258285934e-01
4.796793487465477734e-01,9.843336465999084073e-01
4.782930989445727255e-01,9.792433171355635624e-01
4.764704712508327500e-01,9.717717959957943297e-01
4.797172951334668367e-01,9.845430195636108994e-01
4.809495534185072585e-01,9.890786937354998365e-01
4.814036780640419400e-01,9.904678264848065794e-01
4.817787753099801451e-01,9.918003153206869094e-01
4.817787753099801451e-01,9.918003153206869094e-01
4.816709674541752029e-01,9.924679294945675245e-01
4.790986122624896204e-01,9.820992503442754762e-01
4.817405875040589036e-01,9.912937552446134948e-01
4.828636216513733093e-01,9.960514038763883526e-01
4.828636216513733093e-01,9.960514038763883526e-01
4.820833658694268498e-01,9.930226876888140763e-01
4.821510974791239357e-01,9.933625806408866721e-01
4.833015126584441212e-01,9.977074022877493453e-01
4.835626867625270608e-01,9.982554923587867446e-01
4.816041432244383969e-01,9.910430097073958944e-01
4.813484839101934143e-01,9.901168201459913387e-01
4.827773376401005012e-01,9.963232639644473698e-01
4.804008787798544899e-01,9.867257127237356595e-01
4.794056429164446631e-01,9.830633744814951669e-01
4.785778507419955474e-01,9.803626412182746552e-01
4.757533548271410950e-01,9.687336885411814702e-01
4.751218382998112499e-01,9.669418181829451120e-01
4.734222416146913748e-01,9.600471536828463215e-01
4.747587561197161299e-01,9.651738231265772905e-01
4.765703846183306225e-01,9.720134634825440267e-01
4.772581970590243916e-01,9.750346898436411669e-01
4.777728056026222525e-01,9.773526266706616950e-01
4.783340671445862613e-01,9.786080539417431057e-01
4.759494919068555374e-01,9.698101265082996747e-01
4.748114516431800602e-01,9.657679015224125418e-01
4.764874772762868194e-01,9.716230664694813779e-01
4.762790376066251552e-01,9.714423511414659318e-01
4.781324294000385833e-01,9.781441974746536427e-01
4.797987609854821867e-01,9.842568837015823746e-01
4.793752994550804503e-01,9.828856607431618597e-01
4.793752994550804503e-01,9.828856607431618597e-01
4.808067770849357436e-01,9.883253416801291991e-01
4.804307000034870323e-01,9.871179671685610391e-01
4.810651539888395334e-01,9.890315291147674381e-01
4.825191266852674188e-01,9.954294911626244691e-01
4.825191266852674188e-01,9.954294911626244691e-01
4.825191266852674188e-01,9.954294911626244691e-01
4.809870518837793263e-01,9.892475557216977577e-01
4.793003646122914185e-01,9.826873749997721008e-01
4.803241691353835607e-01,9.866403126531636536e-01
4.815584342199414336e-01,9.914226280288825910e-01
4.815584342199414336e-01,9.914226280288825910e-01
4.833927782760714664e-01,9.982743826622541006e-01
4.833927782760714664e-01,9.982743826622541006e-01
4.833927782760714664e-01,9.982743826622541006e-01
4.833927782760714664e-01,9.982743826622541006e-01
4.825479968125508945e-01,9.944672762269187727e-01
4.815896235915784751e-01,9.918537763341002123e-01
4.832971504214554348e-01,9.985765692665944382e-01
4.814362085041689610e-01,9.912626517945161142e-01
4.822091085953760792e-01,9.939948633889015284e-01
4.814390267483425467e-01,9.907915838537109110e-01
4.814390267483425467e-01,9.907915838537109110e-01
4.830402888764117053e-01,9.970246836381653210e-01
4.830402888764117053e-01,9.970246836381653210e-01
4.830402888764117053e-01,9.970246836381653210e-01
4.826159027963037307e-01,9.949921239163491693e-01
4.819555053076529649e-01,9.928702809468086254e-01
4.819555053076529649e-01,9.928702809468086254e-01
4.811390869486226740e-01,9.895582633452956189e-01
4.790642106566277425e-01,9.818766567266705714e-01
4.790642106566277425e-01,9.818766567266705714e-01
4.789514573403053088e-01,9.819301624143821350e-01
4.789514573403053088e-01,9.819301624143821350e-01
4.789514573403053088e-01,9.819301624143821350e-01
4.775128340335423327e-01,9.757513526803958115e-01
4.798536587620287341e-01,9.849291949091034670e-01
4.798536587620287341e-01,9.849291949091034670e-01
4.791641436850714864e-01,9.820280117236495077e-01
4.788519498984297740e-01,9.809470556995345536e-01
4.794518704278874499e-01,9.828598493980699180e-01
4.801831343034111965e-01,9.861554772126325252e-01
4.802606250008738531e-01,9.861989744640440314e-01
4.820861911169133096e-01,9.932167181336293282e-01
4.790285879892972054e-01,9.814528258139851857e-01
4.790285879892972054e-01,9.814528258139851857e-01
4.761989156030843606e-01,9.703475394987480795e-01
4.746852026305058980e-01,9.652179698398690721e-01
4.746852026305058980e-01,9.652179698398690721e-01
4.746852026305058980e-01,9.652179698398690721e-01
4.746852026305058980e-01,9.652179698398690721e-01
4.776193284129025551e-01,9.765216091545833033e-01
4.786701554965279715e-01,9.806466034582816960e-01
4.815600172380535282e-01,9.915756637868357037e-01
4.815600172380535282e-01,9.915756637868357037e-01
4.815108458875734798e-01,9.910795640446015131e-01
4.815108458875734798e-01,9.910795640446015131e-01
4.805432221772827361e-01,9.871141171951239857e-01
4.819266755150325987e-01,9.929778586194584200e-01
4.819266755150325987e-01,9.929778586194584200e-01
4.819266755150325987e-01,9.929778586194584200e-01
4.814590122750036505e-01,9.907703451736989964e-01
4.827972860947507550e-01,9.963766291782831797e-01
4.827972860947507550e-01,9.963766291782831797e-01
4.827972860947507550e-01,9.963766291782831797e-01
4.827972860947507550e-01,9.963766291782831797e-01
4.829814966966546330e-01,9.963739297079013957e-01
4.828462786908638837e-01,9.969219076035236160e-01
4.799111513568625198e-01,9.850462628614325977e-01
4.799111513568625198e-01,9.850462628614325977e-01
4.818337100875654810e-01,9.924779544236860263e-01
4.807202284133451631e-01,9.884795345486143692e-01
4.830039809854637656e-01,9.965073750750909065e-01
4.826186597122142374e-01,9.956673951580983228e-01
4.826186597122142374e-01,9.956673951580983228e-01
4.826186597122142374e-01,9.956673951580983228e-01
4.833665660560830801e-01,9.982028463951810870e-01
4.833665660560830801e-01,9.982028463951810870e-01
4.821192550418222367e-01,9.933106645150860947e-01
4.813352526973000978e-01,9.904133965089696456e-01
4.809403959859693267e-01,9.890044183028525726e-01
4.813602059423283674e-01,9.905591549640280213e-01
4.831107382961513652e-01,9.973564784445990705e-01
4.837212199081493691e-01,9.991834182925907193e-01
4.837212199081493691e-01,9.991834182925907193e-01
4.834414666326304344e-01,9.992207705902337311e-01
4.834414666326304344e-01,9.992207705902337311e-01
4.834250514476630678e-01,9.989017398602061393e-01
4.830500963537794346e-01,9.966569790349909530e-01
4.804090794029314826e-01,9.861750222751765049e-01
4.806433486014017875e-01,9.879844319752132398e-01
4.784884247653030664e-01,9.798112348846188535e-01
4.786847315000403724e-01,9.799684438238798201e-01
4.804706008679779372e-01,9.870721077537205623e-01
4.804706008679779372e-01,9.870721077537205623e-01
4.832142905060222704e-01,9.983500133374945129e-01
4.832142905060222704e-01,9.983500133374945129e-01
4.832142905060222704e-01,9.983500133374945129e-01
4.809466496917478295e-01,9.894681351596730234e-01
4.796833599367076872e-01,9.843021655947423731e-01
4.804843653200109865e-01,9.872327846452065847e-01
4.794434632097577254e-01,9.834198470671041692e-01
4.794434632097577254e-01,9.834198470671041692e-01
4.816167904850200410e-01,9.920122266130714239e-01
4.823111014665009133e-01,9.940899390558155524e-01
4.832098863539646683e-01,9.978869375566719047e-01
4.838382568692689567e-01,9.998668893658649859e-01
4.811542842420546973e-01,9.899777131451629186e-01
4.811542842420546973e-01,9.899777131451629186e-01
4.811542842420546973e-01,9.899777131451629186e-01
4.811542842420546973e-01,9.899777131451629186e-01
4.811542842420546973e-01,9.899777131451629186e-01
4.815906840994402804e-01,9.913888908492960450e-01
4.837242214611677249e-01,9.998275912248464348e-01
4.824818599336475611e-01,9.952539405377258674e-01
4.824818599336475611e-01,9.952539405377258674e-01
4.821636465793643356e-01,9.940416575354822371e-01
4.831922938400310952e-01,9.971948360454174765e-01
4.823440043764262719e-01,9.949175487841194210e-01
4.819209842593226711e-01,9.921882961622583430e-01
4.819209842593226711e-01,9.921882961622583430e-01
4.804498923077306083e-01,9.865583599836734718e-01
4.820894420706227090e-01,9.940759621721124706e-01
4.791205939383710866e-01,9.813066056641115420e-01
4.795388536101425347e-01,9.837963088300221148e-01
4.808491540329725700e-01,9.893888555432845955e-01
4.780973088300667362e-01,9.787660304619005824e-01
4.807468170347264924e-01,9.880158509833858460e-01
4.787487693086534546e-01,9.808897981871970151e-01
4.816594789183033520e-01,9.914756935893521694e-01
4.796489889532500328e-01,9.839208506169546675e-01
4.809907186391074729e-01,9.885277822916600510e-01
4.834615842731521118e-01,9.990526316094203718e-01
4.819659302764855990e-01,9.925066865072572631e-01
4.826358435188471407e-01,9.953070127932419631e-01
4.838248209044568870e-01,9.996734988275607359e-01
4.822555816824109498e-01,9.941938253258936209e-01
4.807314561278829834e-01,9.883230038251997751e-01
4.810042593395239541e-01,9.895626840253370915e-01
4.804565245709338517e-01,9.868794490149422893e-01
4.823254468942942963e-01,9.938866560700153618e-01
4.819708938271822229e-01,9.926905475634235643e-01
4.832765288951381133e-01,9.980846774830777202e-01
4.788635124641077989e-01,9.811220063712877693e-01
4.802861321274092266e-01,9.861037428729730880e-01
4.803534045834035315e-01,9.867098532035125658e-01
4.812338734442274668e-01,9.906430802104917444e-01
4.807102563318076949e-01,9.884676843917796774e-01
4.807102563318076949e-01,9.884676843917796774e-01
4.836310497858401503e-01,9.998405788574343811e-01
4.836310497858401503e-01,9.998405788574343811e-01
4.819817024159584462e-01,9.925620019893738322e-01
4.812843114164594982e-01,9.901589773735699485e-01
4.818241645320520128e-01,9.920711920095778291e-01
4.811932370589271368e-01,9.900024891183993869e-01
4.811932370589271368e-01,9.900024891183993869e-01
4.824988085245262570e-01,9.946717822078182669e-01
4.824988085245262570e-01,9.946717822078182669e-01
4.819855247079633531e-01,9.927006665567721377e-01
4.832998149061858983e-01,9.981954461059913131e-01
4.832998149061858983e-01,9.981954461059913131e-01
4.818664086368633082e-01,9.930590401058485561e-01
4.798378862328013805e-01,9.842296501455767288e-01
4.795286567211355377e-01,9.830472477162452982e-01
4.795286567211355377e-01,9.830472477162452982e-01
4.789439712131508542e-01,9.813941856962792309e-01
4.796297408275844720e-01,9.846367876303857569e-01
4.813031249371314546e-01,9.899863208033959916e-01
4.792949597870903022e-01,9.821473483237247448e-01
4.805727818842617238e-01,9.874124383600283439e-01
4.805727818842617238e-01,9.874124383600283439e-01
4.831635011471581698e-01,9.969941096082801657e-01
4.833487902533465386e-01,9.980519804925742644e-01
4.819767098898929958e-01,9.935674659647779627e-01
4.822733857717756423e-01,9.936943002281991566e-01
4.834251532595335576e-01,9.977939162906777071e-01
4.823809934860925908e-01,9.954414679127017163e-01
4.804756358336329525e-01,9.861259492315507247e-01
4.801822845774353365e-01,9.855014892306678265e-01
4.810019273300646936e-01,9.889952710736192865e-01
4.810019273300646936e-01,9.889952710736192865e-01
4.813299710586527724e-01,9.900719852780319741e-01
4.825579513684944977e-01,9.952068729341767561e-01
4.829647920849224896e-01,9.970563387569438829e-01
4.825095611620371927e-01,9.945431824688573119e-01
4.825926692975797128e-01,9.948946588119236267e-01
4.806031569328292341e-01,9.875719264696954935e-01
4.806031569328292341e-01,9.875719264696954935e-01
4.830442369435409278e-01,9.973450520646479633e-01
4.830442369435409278e-01,9.973450520646479633e-01
4.809010688814588930e-01,9.885177486286529369e-01
4.780080121615622457e-01,9.774899837338616448e-01
4.776411752994391136e-01,9.771431796619924892e-01
4.760344816950395352e-01,9.706601126537256485e-01
4.770156261396801822e-01,9.736667708013109213e-01
4.754620743125820281e-01,9.685776855010097552e-01
4.790354722034830814e-01,9.815889007750782103e-01
4.788024006956456691e-01,9.812047694814771681e-01
4.792013146204817664e-01,9.821588754920380637e-01
4.792013146204817664e-01,9.821588754920380637e-01
4.752394763258176447e-01,9.681311337286129248e-01
4.774301946304827515e-01,9.753168667057705576e-01
4.774301946304827515e-01,9.753168667057705576e-01
4.745296796239197867e-01,9.645425956765744102e-01
4.768382216437589971e-01,9.737763064760657228e-01
4.768382216437589971e-01,9.737763064760657228e-01
4.777410823654633099e-01,9.766649431695504369e-01
4.771091821915033893e-01,9.746428355405147848e-01
4.775044647718118540e-01,9.754677516887431121e-01
4.781542795029242732e-01,9.786554618822953522e-01
4.728199137704278132e-01,9.585949011306009737e-01
4.755029496122754606e-01,9.684727677695097459e-01
4.783649395321289410e-01,9.791344174215069751e-01
4.818174210099979149e-01,9.926777044610561873e-01
4.823552944532769060e-01,9.949067107488702710e-01
4.823552944532769060e-01,9.949067107488702710e-01
4.801502324924097898e-01,9.859859439349281107e-01
4.814320003738448706e-01,9.908981027208818571e-01
4.824178095604045868e-01,9.944288120022373167e-01
4.824178095604045868e-01,9.944288120022373167e-01
4.827013014969442350e-01,9.961611712714280031e-01
4.820005360606592903e-01,9.926220884384682197e-01
4.823571365172549252e-01,9.948163895964233783e-01
4.827956644862121949e-01,9.965689244539097658e-01
4.820834975274748135e-01,9.929083154203648398e-01
4.809595211618721833e-01,9.881341467157397362e-01
4.809526188287926440e-01,9.892118310282227434e-01
4.816758553542520027e-01,9.915858960318498783e-01
4.826297756456824350e-01,9.952169712220501063e-01
4.809675119297774915e-01,9.888972641923085005e-01
4.807388532428138461e-01,9.878150196401016547e-01
4.808464332720524537e-01,9.883597372383854385e-01
4.828207381008296495e-01,9.968242858855594912e-01
4.822291983758372202e-01,9.937201019617938336e-01
4.832513364377621912e-01,9.977923240947651484e-01
4.832628956593542635e-01,9.978465402804105322e-01
4.832628956593542635e-01,9.978465402804105322e-01
4.832628956593542635e-01,9.978465402804105322e-01
4.832628956593542635e-01,9.978465402804105322e-01
4.832628956593542635e-01,9.978465402804105322e-01
4.832628956593542635e-01,9.978465402804105322e-01
4.793320458486842184e-01,9.831086721201367506e-01
4.793320458486842184e-01,9.831086721201367506e-01
4.797709686212966451e-01,9.849492363195126998e-01
4.804364015187189141e-01,9.871200300548946815e-01
4.803985597842617694e-01,9.869604654460178983e-01
4.800061847142964022e-01,9.846382073423153303e-01
4.827889421492186361e-01,9.962922308595952847e-01
4.830812319749183126e-01,9.971656638601656963e-01
4.832733265932906419e-01,9.980973760773186321e-01
4.832240390932427965e-01,9.973486157982172085e-01
4.804389820188827986e-01,9.872490789760752783e-01
4.779938363229013776e-01,9.779176509708207288e-01
4.779938363229013776e-01,9.779176509708207288e-01
4.810455150517895517e-01,9.896743416870639187e-01
4.828755121820325069e-01,9.966419774578608726e-01
4.798483657778206957e-01,9.851394202278066503e-01
4.795974740381128143e-01,9.837092651930501308e-01
4.780320974385651733e-01,9.777371985167364610e-01
4.777825723930027024e-01,9.771538019086931648e-01
4.812542366943876604e-01,9.906988318501388502e-01
4.817173911316973145e-01,9.915409189700730153e-01
4.817173911316973145e-01,9.915409189700730153e-01
4.813930945068968237e-01,9.902813105618901712e-01
4.816472190142755405e-01,9.911866284676815742e-01
4.799660584829501531e-01,9.849371110369502524e-01
4.817576800205268794e-01,9.922904796092971713e-01
4.826709485868027616e-01,9.958975822888175289e-01
4.826891168957873623e-01,9.959597435160624235e-01
4.828399413649454019e-01,9.963536618673229928e-01
4.836277034088319882e-01,9.995798256936220261e-01
4.838005118916993141e-01,9.996010200970858461e-01
4.838005118916993141e-01,9.996010200970858461e-01
4.819487124719675775e-01,9.931289870073872761e-01
4.824508930045284805e-01,9.944083574327203801e-01
4.824508930045284805e-01,9.944083574327203801e-01
4.824508930045284805e-01,9.944083574327203801e-01
4.823172268025792131e-01,9.947958375819772048e-01
4.780060210368955453e-01,9.773119911191985310e-01
4.835920310779161513e-01,9.999394313990320748e-01
4.819806532772580310e-01,9.930828791406930423e-01
4.819806532772580310e-01,9.930828791406930423e-01
4.827596217394937161e-01,9.955187225892453418e-01
4.823110772095631771e-01,9.940501330018931547e-01
4.821085808542154849e-01,9.936142500864695304e-01
4.821085808542154849e-01,9.936142500864695304e-01
4.835945287157505379e-01,9.990526480094802375e-01
4.835945287157505379e-01,9.990526480094802375e-01
4.835945287157505379e-01,9.990526480094802375e-01
4.835945287157505379e-01,9.990526480094802375e-01
4.831046538137224733e-01,9.974615238563502295e-01
4.831046538137224733e-01,9.974615238563502295e-01
4.833969555658635397e-01,9.985242441289050586e-01
4.833969555658635397e-01,9.985242441289050586e-01
4.826743798416773812e-01,9.951286542176314143e-01
4.826743798416773812e-01,9.951286542176314143e-01
4.814716040770867789e-01,9.911846497469823936e-01
4.814716040770867789e-01,9.911846497469823936e-01
4.814716040770867789e-01,9.911846497469823936e-01
4.834174029663665384e-01,9.982008749780668655e-01
4.834174029663665384e-01,9.982008749780668655e-01
4.834521721091810664e-01,9.988047542444713489e-01
4.835236022025570790e-01,9.984949623364826055e-01
4.835236022025570790e-01,9.984949623364826055e-01
4.835236022025570790e-01,9.984949623364826055e-01
4.835236022025570790e-01,9.984949623364826055e-01
4.826536445765646222e-01,9.952788466019946156e-01
4.831254380378881552e-01,9.966440469392683354e-01
4.806868086937907680e-01,9.879299964425940495e-01
4.808255242139833352e-01,9.879816140132364755e-01
4.824260297632079197e-01,9.947740055386350422e-01
4.831494095339287642e-01,9.977415056528683435e-01
4.825086195880131656e-01,9.941599361661513923e-01
4.830254312341121237e-01,9.970136372598006336e-01
4.830254312341121237e-01,9.970136372598006336e-01
4.833484768946423316e-01,9.975842847332416774e-01
4.835557087069211057e-01,9.986776307035919453e-01
4.835557087069211057e-01,9.986776307035919453e-01
4.835557087069211057e-01,9.986776307035919453e-01
4.798334188969650693e-01,9.846713623627796341e-01
4.789940863571950369e-01,9.814495281569243224e-01
4.792920155728320752e-01,9.826992932254355884e-01
4.816129578090154184e-01,9.910695516087693058e-01
4.807187016503909893e-01,9.882318303807496873e-01
4.807187016503909893e-01,9.882318303807496873e-01
4.813737406906458127e-01,9.913783581900946773e-01
4.810865089632070379e-01,9.892499369304683654e-01
4.821218285257430902e-01,9.933906539291991189e-01
4.821218285257430902e-01,9.933906539291991189e-01
4.830980235330215589e-01,9.974347779555358118e-01
4.830980235330215589e-01,9.974347779555358118e-01
4.830980235330215589e-01,9.974347779555358118e-01
4.830621544336723971e-01,9.965651764672012192e-01
4.822678527435751983e-01,9.950809427434383903e-01
4.830475169965272042e-01,9.959493411195612378e-01
4.813416913675583331e-01,9.912216396184448941e-01
4.798738245672017344e-01,9.848593603445507938e-01
4.818347865036706756e-01,9.918908271310827862e-01
4.818347865036706756e-01,9.918908271310827862e-01
4.802446333654563637e-01,9.861145011939277394e-01
4.796644775114660142e-01,9.843105805189712454e-01
4.796644775114660142e-01,9.843105805189712454e-01
4.803703019449083733e-01,9.866185621672727279e-01
4.803703019449083733e-01,9.866185621672727279e-01
4.797965055788167565e-01,9.846093011344624335e-01
4.797965055788167565e-01,9.846093011344624335e-01
4.797965055788167565e-01,9.846093011344624335e-01
4.772320407852127522e-01,9.752119119424881299e-01
4.765323056163481841e-01,9.720881872106147403e-01
4.761808324189887864e-01,9.707809446842793344e-01
4.748414449350840671e-01,9.660605447443418869e-01
4.760178592173646694e-01,9.698536541352575924e-01
4.788418018680462573e-01,9.806445023487165846e-01
4.805671986210742763e-01,9.875661145920183737e-01
4.805671986210742763e-01,9.875661145920183737e-01
4.805671986210742763e-01,9.875661145920183737e-01
4.836714400687619486e-01,9.989091690382614352e-01
4.836714400687619486e-01,9.989091690382614352e-01
4.836714400687619486e-01,9.989091690382614352e-01
4.836714400687619486e-01,9.989091690382614352e-01
4.822777853936532355e-01,9.940232880466907117e-01
4.822554501187455989e-01,9.944608028762277341e-01
4.822667221415466998e-01,9.941887066872829859e-01
4.784713855435622221e-01,9.798657835147759343e-01
4.804321654513996065e-01,9.874197538007380981e-01
4.808031669180274914e-01,9.882890591352262444e-01
4.826037458352930298e-01,9.952243962590612281e-01
4.826037458352930298e-01,9.952243962590612281e-01
4.826037458352930298e-01,9.952243962590612281e-01
4.811481157636190442e-01,9.898013148807511818e-01
4.836963307325319317e-01,9.999150807426836485e-01
4.820655083457309198e-01,9.935287425018435314e-01
4.826910551296307861e-01,9.960276854973126870e-01
4.826910551296307861e-01,9.960276854973126870e-01
4.829879454776419556e-01,9.964772175247166297e-01
4.829879454776419556e-01,9.964772175247166297e-01
4.834350795992274907e-01,9.980951638298328765e-01
4.834350795992274907e-01,9.980951638298328765e-01
4.834350795992274907e-01,9.980951638298328765e-01
4.823447841496212862e-01,9.951032697328000554e-01
4.832957473278210458e-01,9.977674538645399105e-01
4.832957473278210458e-01,9.977674538645399105e-01
4.832957473278210458e-01,9.977674538645399105e-01
4.833278187650827951e-01,9.978703652083573683e-01
4.822657522322939538e-01,9.942231518595275874e-01
4.825560746140862833e-01,9.950816789767591430e-01
4.829591827860892361e-01,9.970265954386547946e-01
4.836820808578049524e-01,9.991332378197111952e-01
4.836820808578049524e-01,9.991332378197111952e-01
4.826063815869790496e-01,9.952138745240096673e-01
4.826063815869790496e-01,9.952138745240096673e-01
4.834296550423779482e-01,9.984468555451438965e-01
4.834296550423779482e-01,9.984468555451438965e-01
4.788785778048488262e-01,9.806353358510329077e-01
4.778671245872699314e-01,9.769308997643616488e-01
4.760833225560212600e-01,9.708692601425796820e-01
4.769704746866144651e-01,9.744697207284183094e-01
4.716666136404856768e-01,9.540709569031430304e-01
4.724738503925540178e-01,9.564196339167877481e-01
4.706361960245132314e-01,9.499524764059840143e-01
4.709207172901468397e-01,9.507986634768779144e-01
4.711114959009027880e-01,9.520707489206355900e-01
4.728557774385491186e-01,9.584166924823945832e-01
4.695997555232101495e-01,9.470635173712117494e-01
4.696879484582467401e-01,9.466670068765464796e-01
4.699611494484478014e-01,9.473844055077648152e-01
4.701311678400325600e-01,9.479161090069778695e-01
4.756602516230859501e-01,9.691406237072195395e-01
4.759411135185172559e-01,9.697047154593867457e-01
4.809677871327558973e-01,9.892834277163045087e-01
4.834692212299782077e-01,9.984028950691539173e-01
4.836576256387888906e-01,9.998186707079617097e-01
4.805686048264809496e-01,9.874108655993684147e-01
4.789462353569091113e-01,9.812857304060171870e-01
4.793701548492400044e-01,9.829103111181716201e-01
4.794791073428019135e-01,9.831045704081453618e-01
4.794791073428019135e-01,9.831045704081453618e-01
4.784744518356842669e-01,9.792249989819939993e-01
4.782576056015982457e-01,9.786061894616513435e-01
4.801567936984765805e-01,9.858468784428013887e-01
4.801567936984765805e-01,9.858468784428013887e-01
4.801567936984765805e-01,9.858468784428013887e-01
4.817271069951571949e-01,9.921833673910438467e-01
4.820250812397600670e-01,9.929308334929847213e-01
4.815163706402070809e-01,9.914467239997105663e-01
4.818226327213607774e-01,9.931569101524287957e-01
4.835290660422265074e-01,9.984284055265273405e-01
4.830645616163471434e-01,9.972702460025070215e-01
4.830645616163471434e-01,9.972702460025070215e-01
4.830645616163471434e-01,9.972702460025070215e-01
4.830645616163471434e-01,9.972702460025070215e-01
4.830645616163471434e-01,9.972702460025070215e-01
4.830645616163471434e-01,9.972702460025070215e-01
4.820430824678076931e-01,9.927206347979695700e-01
4.812664557055261194e-01,9.899114028717532765e-01
4.820940535673654548e-01,9.933805697873412388e-01
4.805268583490583389e-01,9.876286713949949947e-01
4.810093453339938652e-01,9.885072263542391546e-01
4.829491989800046015e-01,9.969210263383965209e-01
4.829491989800046015e-01,9.969210263383965209e-01
4.829491989800046015e-01,9.969210263383965209e-01
4.829491989800046015e-01,9.969210263383965209e-01
4.827731179645358695e-01,9.954972351228212890e-01
4.825795356241827094e-01,9.950258084737881870e-01
4.814910962786150828e-01,9.913543799860425887e-01
4.795569968956058804e-01,9.838815288474922482e-01
4.771741181165866652e-01,9.744523192737858386e-01
4.771741181165866652e-01,9.744523192737858386e-01
4.812093556830230323e-01,9.898373126752376683e-01
4.826100362881586281e-01,9.958417472097440548e-01
4.824040968345664759e-01,9.941421498218909747e-01
4.812059993467517893e-01,9.896539501792388505e-01
4.794585469789104937e-01,9.833616868397414557e-01
4.809984127703426648e-01,9.896589957587622610e-01
4.796895646199771934e-01,9.844437285310548846e-01
4.800983675025735087e-01,9.859311765849511078e-01
4.793263688632347086e-01,9.826887474169612169e-01
4.785602059226696237e-01,9.795832368859505035e-01
4.801475785776688210e-01,9.855346651261934765e-01
4.784699485098836136e-01,9.791192126341399238e-01
4.784583344033910279e-01,9.794125198003538202e-01
4.738391391746356041e-01,9.618857854793816387e-01
4.793518400449421346e-01,9.832787434438552410e-01
4.791427989966319245e-01,9.819374000018137316e-01
4.818128235539667625e-01,9.925459328016430494e-01
4.818128235539667625e-01,9.925459328016430494e-01
4.816527268602796563e-01,9.918786298960078351e-01
4.816527268602796563e-01,9.918786298960078351e-01
4.816527268602796563e-01,9.918786298960078351e-01
4.816527268602796563e-01,9.918786298960078351e-01
4.831132627685352787e-01,9.970783310802877608e-01
4.835697703860023511e-01,9.991012003745091130e-01
4.835697703860023511e-01,9.991012003745091130e-01
4.835697703860023511e-01,9.991012003745091130e-01
4.832962636003274026e-01,9.981092778356420725e-01
4.832962636003274026e-01,9.981092778356420725e-01
4.832962636003274026e-01,9.981092778356420725e-01
4.834346984882561538e-01,9.987238225679200276e-01
4.819791653767602768e-01,9.924920730911203082e-01
4.825233281875626612e-01,9.957432178587557470e-01
4.829835470379084117e-01,9.964545753933840011e-01
4.835701320679778870e-01,9.989563446822770088e-01
4.835257901622247445e-01,9.991116919190894397e-01
4.835257901622247445e-01,9.991116919190894397e-01
4.803974576970377885e-01,9.867485631839855165e-01
4.822591415894408873e-01,9.933009382727595593e-01
4.825545696163284770e-01,9.950727925157565323e-01
4.829028514157228669e-01,9.959647947978663707e-01
4.829028514157228669e-01,9.959647947978663707e-01
4.829028514157228669e-01,9.959647947978663707e-01
4.828242268285681815e-01,9.955231286285013415e-01
4.824950299459554448e-01,9.944541316518752394e-01
4.819496899552705438e-01,9.933680599284684387e-01
4.810168615300063344e-01,9.894487913522466149e-01
4.808974422096009005e-01,9.884314482863607587e-01
4.803984369414099342e-01,9.876885122673194628e-01
4.812367340331905607e-01,9.908319291317562172e-01
4.833902051948339995e-01,9.992540834649354942e-01
4.822382989826756727e-01,9.941855026288451969e-01
4.824335730366636210e-01,9.947802439403690133e-01
4.820453124746793550e-01,9.928689212672879849e-01
4.820453124746793550e-01,9.928689212672879849e-01
4.832982104902514009e-01,9.976430462250647224e-01
4.801628751469971812e-01,9.852638751412707840e-01
4.798626110164707637e-01,9.852311427651339049e-01
4.831767497862589078e-01,9.977378711302394843e-01
4.825618135966570632e-01,9.955222646949626331e-01
4.789775393996352770e-01,9.813124502946278804e-01
4.799640418121553509e-01,9.846287465616018197e-01
4.813213823222685095e-01,9.910519651428075782e-01
4.813213823222685095e-01,9.910519651428075782e-01
4.829099809026768386e-01,9.972054089561855905e-01
4.798164515474392933e-01,9.853131696424561881e-01
4.814790419295413848e-01,9.910326101503816876e-01
4.818626539319492141e-01,9.932715740443872621e-01
4.815180448847107275e-01,9.909441533439791172e-01
4.825018670959940748e-01,9.943408493286118865e-01
4.819331756990783977e-01,9.931866973901027906e-01
4.823925243855222700e-01,9.941599705263240994e-01
4.813753582972644107e-01,9.904980892671668702e-01
4.822020642846968630e-01,9.936531718091369259e-01
4.822020642846968630e-01,9.936531718091369259e-01
4.822020642846968630e-01,9.936531718091369259e-01
4.801353684786076603e-01,9.861498923226729163e-01
4.814304128755991785e-01,9.905032400242529400e-01
4.809455819465145443e-01,9.887842181356004678e-01
4.834421880166092089e-01,9.988240435937132400e-01
4.821839375970806141e-01,9.933998938694444947e-01
4.821839375970806141e-01,9.933998938694444947e-01
4.833588023042577064e-01,9.981074085409248342e-01
4.833588023042577064e-01,9.981074085409248342e-01
4.830590519362984447e-01,9.971440547168554103e-01
4.830590519362984447e-01,9.971440547168554103e-01
4.830590519362984447e-01,9.971440547168554103e-01
4.830590519362984447e-01,9.971440547168554103e-01
4.827143350806231692e-01,9.958392375048551459e-01
4.794010832606503403e-01,9.834633043337454028e-01
4.794010832606503403e-01,9.834633043337454028e-01
4.813161258137634846e-01,9.906259755549184920e-01
4.822516110293324498e-01,9.939007798486447776e-01
4.811034413555910216e-01,9.903242353232687423e-01
4.805421330533815039e-01,9.871375833618466489e-01
4.804505392635597394e-01,9.875773258994812176e-01
4.823058992011735602e-01,9.944656636479396461e-01
4.824464558621325838e-01,9.946431651315660316e-01
4.836150020611473255e-01,9.989018411441595857e-01
4.836150020611473255e-01,9.989018411441595857e-01
4.828538357771670064e-01,9.966848164982538005e-01
4.828538357771670064e-01,9.966848164982538005e-01
4.825875668065523483e-01,9.951692123298501169e-01
4.807381203576688855e-01,9.881180159527883644e-01
4.807381203576688855e-01,9.881180159527883644e-01
4.807381203576688855e-01,9.881180159527883644e-01
4.804608601512627697e-01,9.874605074410935934e-01
4.803485839388734191e-01,9.864111550446790222e-01
4.803485839388734191e-01,9.864111550446790222e-01
4.798868646956609973e-01,9.850382768609027284e-01
4.806359770993909319e-01,9.874495494812618457e-01
4.809956824754697546e-01,9.896616862521432356e-01
4.828314299053700354e-01,9.957838419237476923e-01
4.819866734998365376e-01,9.931463358970735733e-01
4.819866734998365376e-01,9.931463358970735733e-01
4.819866734998365376e-01,9.931463358970735733e-01
4.833750626833501207e-01,9.979300052153815548e-01
4.820090487343035024e-01,9.938377907046169746e-01
4.814744234037653947e-01,9.908939195847411563e-01
4.822121110963070167e-01,9.938874523166869590e-01
4.831228082511706545e-01,9.971847545815532010e-01
4.831228082511706545e-01,9.971847545815532010e-01
4.813431678731149854e-01,9.903561644994901547e-01
4.820124045582616645e-01,9.927770310648392771e-01
4.834562368499579210e-01,9.990239186219583845e-01
4.837255938627596508e-01,9.998292487665236816e-01
4.837255938627596508e-01,9.998292487665236816e-01
4.821844107580492977e-01,9.939958007090636816e-01
4.801500466483488161e-01,9.852367939154175192e-01
4.776233498980423930e-01,9.758695304152960048e-01
4.786523412230468955e-01,9.807902262428155327e-01
4.786523412230468955e-01,9.807902262428155327e-01
4.769455925263680895e-01,9.742833830752154478e-01
4.835299210819384852e-01,9.989884462841328583e-01
4.835299210819384852e-01,9.989884462841328583e-01
4.836778553557941063e-01,9.996618222573429025e-01
4.820149843353659924e-01,9.928878908833246308e-01
4.825534520473141464e-01,9.950582552429572125e-01
4.815408153127801461e-01,9.910479007457007050e-01
4.807527574283413929e-01,9.883061881957059258e-01
4.807527574283413929e-01,9.883061881957059258e-01
4.824185536599328583e-01,9.949809036986818622e-01
4.808207816004959612e-01,9.884485539099061580e-01
4.836514759923085105e-01,9.995476540821828237e-01
4.836514759923085105e-01,9.995476540821828237e-01
4.836514759923085105e-01,9.995476540821828237e-01
4.824395890721642766e-01,9.950566964360255673e-01
4.825076108824207788e-01,9.950627939831587776e-01
4.836245351619608557e-01,9.993413155475037168e-01
4.825323404067026201e-01,9.947636452341996893e-01
4.806049028405032786e-01,9.872202267762684169e-01
4.806138536319306542e-01,9.872509623165357517e-01
4.798338441601698867e-01,9.847941076584683096e-01
4.809883739114777512e-01,9.888825377339683920e-01
4.797517894056919641e-01,9.846290085983374629e-01
4.819473298937370642e-01,9.922828252670088389e-01
4.836526810235591278e-01,9.990239515759156141e-01
4.832127273162142855e-01,9.980256852262727740e-01
4.822743507599461243e-01,9.940596283187498328e-01
4.815312007762537205e-01,9.914572638657388470e-01
4.809719376323349227e-01,9.888762923338846322e-01
4.809719376323349227e-01,9.888762923338846322e-01
4.809719376323349227e-01,9.888762923338846322e-01
4.809719376323349227e-01,9.888762923338846322e-01
4.812674169990214801e-01,9.900478958851730571e-01
4.829785549501473541e-01,9.972332508172928600e-01
4.797815095090167126e-01,9.849953723499789149e-01
4.789766418557079852e-01,9.816688796016538321e-01
4.797101860082631508e-01,9.840062677438872196e-01
4.803718239465751827e-01,9.872090430177025144e-01
4.833784158206600456e-01,9.982430997979843124e-01
4.833784158206600456e-01,9.982430997979843124e-01
4.833784158206600456e-01,9.982430997979843124e-01
4.835671298667265083e-01,9.989663660837864168e-01
4.830260777298310826e-01,9.967866027050966693e-01
4.806665063618802969e-01,9.885179885383096332e-01
4.817067366530104477e-01,9.917158357887061459e-01
4.829229922366745087e-01,9.959928906571737794e-01
4.810040220032477665e-01,9.891333724863696775e-01
4.810040220032477665e-01,9.891333724863696775e-01
4.819482221323811433e-01,9.921829412382989766e-01
4.815384984484349373e-01,9.912944175557663051e-01
4.815384984484349373e-01,9.912944175557663051e-01
4.814408654331686632e-01,9.911774601638219107e-01
4.813421993544247934e-01,9.907304369444646097e-01
4.813416151240232366e-01,9.908277381045993426e-01
4.813416151240232366e-01,9.908277381045993426e-01
4.816397338414946661e-01,9.916561808430546243e-01
4.816397338414946661e-01,9.916561808430546243e-01
4.816397338414946661e-01,9.916561808430546243e-01
4.816397338414946661e-01,9.916561808430546243e-01
4.816397338414946661e-01,9.916561808430546243e-01
4.816397338414946661e-01,9.916561808430546243e-01
4.834477154169675717e-01,9.984238067824062757e-01
4.834477154169675717e-01,9.984238067824062757e-01
4.834477154169675717e-01,9.984238067824062757e-01
4.834477154169675717e-01,9.984238067824062757e-01
4.834477154169675717e-01,9.984238067824062757e-01
4.834477154169675717e-01,9.984238067824062757e-01
4.834477154169675717e-01,9.984238067824062757e-01
4.834477154169675717e-01,9.984238067824062757e-01
4.823975954919154652e-01,9.939483138525417871e-01
4.808312843054953212e-01,9.884645930796879254e-01
4.805952283969670003e-01,9.876837666683400130e-01
4.808745002735063667e-01,9.888285700203587325e-01
4.806158563663809336e-01,9.879881702174412306e-01
4.826326227773862776e-01,9.943587713069310663e-01
4.807110326357892927e-01,9.880667657852644226e-01
4.810855954862457429e-01,9.892153678623961666e-01
4.812403022087932691e-01,9.901595339442091914e-01
4.816267682016839857e-01,9.916312698955779270e-01
4.803777953136352807e-01,9.873046587977695188e-01
4.817564266976082088e-01,9.918922917350989632e-01
4.817564266976082088e-01,9.918922917350989632e-01
4.817564266976082088e-01,9.918922917350989632e-01
4.817564266976082088e-01,9.918922917350989632e-01
4.790968826613205556e-01,9.821453938867524824e-01
4.790968826613205556e-01,9.821453938867524824e-01
4.802118117246940154e-01,9.855305668120546425e-01
4.795698480881902537e-01,9.840910797746145189e-01
4.817144630513150450e-01,9.921219271054980693e-01
4.826810318909080522e-01,9.953459508951738588e-01
4.833371472546886261e-01,9.989819880421720866e-01
4.838887971461089954e-01,9.998159553064290828e-01
4.820594212379106791e-01,9.943845029384926759e-01
4.784407979131238275e-01,9.824485797174103974e-01
4.753210752431223929e-01,9.720221838346042587e-01
4.789713151511303946e-01,9.855796979696250792e-01
4.825409639544659957e-01,9.991404849211433792e-01
4.808225265108637680e-01,9.911497948609671038e-01
4.815171692266115300e-01,9.941026877788073923e-01
4.793039846930861048e-01,9.850902370146943365e-01
4.759500882216269324e-01,9.742161768949932910e-01
4.774954882363466324e-01,9.793160666295910310e-01
4.819455000485598495e-01,9.937647192964025322e-01
4.801376858790503688e-01,9.901130194526309714e-01
4.807288948333537926e-01,9.905346717093993503e-01
4.827771026441425306e-01,9.977403452452130450e-01
4.791138882863323900e-01,9.853768800346051071e-01
4.770258272687230572e-01,9.775997300852902194e-01
4.702460947341402520e-01,9.528884231677128280e-01
4.677440971627783717e-01,9.416270108964962526e-01
4.656131066721109213e-01,9.348376465961953929e-01
4.525143904941660300e-01,8.898318860042329081e-01
4.564852477868553415e-01,9.033902948724309434e-01
4.539579485559854799e-01,8.922813290554030274e-01
4.528130759466097999e-01,8.893059763777400040e-01
4.597348119803187361e-01,9.145614343403787316e-01
4.617701883722756251e-01,9.205282370019172156e-01
4.619525270632102720e-01,9.206424592571254006e-01
4.642660889590767836e-01,9.300677009404025863e-01
4.600671510468476444e-01,9.160976904974544865e-01
4.564664395908803463e-01,9.012243068745855457e-01
4.501789826548312501e-01,8.814494446822325191e-01
4.563302735123800913e-01,9.008699977594966102e-01
4.605082264470777842e-01,9.162183597113684463e-01
4.607808203786702972e-01,9.147767540826191590e-01
4.564669691945415497e-01,9.025381027469041584e-01
4.554325945666402031e-01,8.958034254004751951e-01
4.496717088230580694e-01,8.774810035303940436e-01
4.556995786700804851e-01,8.998201807771866179e-01
4.499456539594977600e-01,8.790960810887664678e-01
4.552264372294198558e-01,8.968336481648094827e-01
4.506043811059914361e-01,8.829918465917258041e-01
4.484161524709234237e-01,8.742153012865228057e-01
4.408809219837801496e-01,8.477951160007347609e-01
4.464928971329720220e-01,8.692105225357044107e-01
4.424378475223663676e-01,8.559056439732354304e-01
4.375838325926281747e-01,8.395667093333040176e-01
4.407488555254924223e-01,8.500364545885089607e-01
4.418704078780766320e-01,8.503267959545802723e-01
4.354081977155664918e-01,8.311006455008600469e-01
4.335738575665976091e-01,8.262698191450915663e-01
4.362527190523212695e-01,8.333489168089939225e-01
4.357555551925255677e-01,8.338231365503535608e-01
4.410900517774872798e-01,8.498888461371401082e-01
4.365039201687587744e-01,8.347824043606785205e-01
4.417194610874162208e-01,8.513948327249081238e-01
4.415472584196461492e-01,8.509091514404645284e-01
4.353946350307375535e-01,8.322989006165636416e-01
4.333918444018513005e-01,8.263319588420762196e-01
4.363596508208918978e-01,8.346214224665787773e-01
4.329614743393372378e-01,8.247928927344189143e-01
4.273633858844014810e-01,8.073230279086679451e-01
4.397939073570814039e-01,8.462837334565789238e-01
4.327654062388419098e-01,8.218681678025181458e-01
4.297835472776686538e-01,8.134403096828786150e-01
4.322256958989426634e-01,8.207798305057744104e-01
4.314886988355866038e-01,8.178719309227411305e-01
4.347176704738338615e-01,8.283180955879866358e-01
4.325083486006424671e-01,8.209163751647120533e-01
4.292568360805124605e-01,8.124838598035213355e-01
4.243094166559597813e-01,7.948443803944996722e-01
4.321231789770063059e-01,8.234281011014135121e-01
4.352185497995552099e-01,8.293272355357967918e-01
4.384664247476698362e-01,8.407311104478719654e-01
4.378446548197260646e-01,8.404260612601122116e-01
4.387334711274303856e-01,8.438577016002632991e-01
4.367418560565777819e-01,8.359753954331574644e-01
4.418455050651255989e-01,8.524077465181233437e-01
4.445020055090519451e-01,8.623973474365712599e-01
4.484024349050508840e-01,8.726572231362801357e-01
4.521338259162480666e-01,8.871583993668770152e-01
4.497600322397835582e-01,8.798148514008259369e-01
4.477085988127073035e-01,8.705542252073731335e-01
4.475067415164571960e-01,8.706745221117053735e-01
4.451832472617778258e-01,8.631933288401868465e-01
4.428894539135220798e-01,8.543838181636488338e-01
4.459296462993713184e-01,8.648992890264669553e-01
4.404310712803035099e-01,8.475063491131282767e-01
4.391447002393298327e-01,8.450156442369244347e-01
4.446322171539948132e-01,8.615624375312934680e-01
4.339900923302611457e-01,8.271586489149420629e-01
4.375799582737081583e-01,8.383946378989324266e-01
4.358408828626927911e-01,8.349738777277972979e-01
4.426015287346933835e-01,8.558015451597911216e-01
4.327580785572861521e-01,8.215737528428519454e-01
4.330149534383717635e-01,8.244065135749012452e-01
4.301805308726463495e-01,8.140373211913967122e-01
4.361808288141225676e-01,8.322283574228142022e-01
4.391940800309486748e-01,8.450145486978635212e-01
4.505871041149544509e-01,8.808714171926486092e-01
4.542968163703601236e-01,8.937841282582965619e-01
4.490224767475124446e-01,8.754606160297437878e-01
4.534728084289093575e-01,8.918328432542860229e-01
4.513244890401578169e-01,8.842613646722131682e-01
4.503829545750028807e-01,8.808021572490538631e-01
4.470959630215551317e-01,8.703998278244128306e-01
4.393584672602013352e-01,8.437519606183008225e-01
4.363519494227544593e-01,8.352448416863641478e-01
4.324819229372128260e-01,8.207078475155105135e-01
4.367083839793988731e-01,8.349482787982439591e-01
4.405329651888401643e-01,8.476497846376949141e-01
4.403159968690459336e-01,8.488140516951994119e-01
4.376823045449719229e-01,8.389690408604320027e-01
4.421409058447671736e-01,8.517304389753155291e-01
4.336835964505195706e-01,8.260623046215750387e-01
4.416284193449936946e-01,8.524021915474557787e-01
4.394737447006799025e-01,8.451278132383867048e-01
4.469078890513429325e-01,8.692504860889723739e-01
4.402777633674596625e-01,8.470093610357862790e-01
4.396124737358074186e-01,8.446182068560451617e-01
4.420908434792271691e-01,8.545590999921001130e-01
4.304923699159988737e-01,8.159868259669095236e-01
4.309121349829817538e-01,8.162311504070237644e-01
4.387114911465899159e-01,8.407819992410605625e-01
4.458740234611058284e-01,8.665618820595830663e-01
4.469561958436715221e-01,8.687230707432822552e-01
4.549189525253311550e-01,8.963462504177216461e-01
4.588359433890756844e-01,9.112236019670333365e-01
4.585009668140574979e-01,9.098803029011186538e-01
4.510187852975612866e-01,8.858136184336242724e-01
4.490689988353617768e-01,8.778545129185438833e-01
4.465302633592266868e-01,8.672889905948484301e-01
4.422555122082342804e-01,8.552963750027112733e-01
4.374424888990337545e-01,8.364182454775483944e-01
4.289128120624102758e-01,8.106056283635361126e-01
4.315421385528316334e-01,8.168164356040170659e-01
4.367969309079576257e-01,8.367407268604201143e-01
4.321629606469820084e-01,8.217430984172672259e-01
4.345165328183741016e-01,8.289585340615589493e-01
4.403995022623524713e-01,8.465540529164897743e-01
4.384577107425813303e-01,8.398225118161332103e-01
4.346378518058037765e-01,8.258748509947851923e-01
4.241607962969766166e-01,7.959678565562916530e-01
4.301938935621238413e-01,8.129295441480619555e-01
4.315905052146057352e-01,8.185566154091044044e-01
4.323909896578524426e-01,8.189888454274389940e-01
4.304201665434476132e-01,8.142469051691133552e-01
4.299147819113658953e-01,8.128065286766487096e-01
4.285261258491431802e-01,8.099848592670239045e-01
4.332313292158397888e-01,8.250321772738622439e-01
4.303181638797847208e-01,8.164520962518444502e-01
4.288466543202095194e-01,8.102332831088790988e-01
4.293894147750153545e-01,8.134752757841893223e-01
4.281930207281905432e-01,8.092043524981565872e-01
4.289527120020308892e-01,8.076578673791794394e-01
4.302872862920635311e-01,8.146044403181517124e-01
4.492182702864367938e-01,8.783717022965497057e-01
4.502764433701247349e-01,8.787223277332584237e-01
4.456169705705398942e-01,8.645147162610293812e-01
4.483183386154538930e-01,8.752285813337947751e-01
4.536694073575748831e-01,8.910225131576788860e-01
4.502039747810199222e-01,8.820516770797277584e-01
4.515663162159994082e-01,8.834295364543875984e-01
4.465021827458196535e-01,8.689387398541030816e-01
4.469331944602535356e-01,8.706257016473464283e-01
4.453279921070105729e-01,8.661112352482622789e-01
4.447212289136175389e-01,8.625349322265538632e-01
4.443136192347817426e-01,8.599074933287177425e-01
4.460302864989826865e-01,8.666835149789141601e-01
4.407749604374999186e-01,8.493275661626690232e-01
4.470488304590983231e-01,8.682424064668589070e-01
4.600060933227715920e-01,9.148059117478821722e-01
4.545582472371405003e-01,8.938650479117299374e-01
4.567140099717388324e-01,9.014908997102653032e-01
4.591096096727417253e-01,9.092548758286578270e-01
4.607661841986501750e-01,9.152767615682301239e-01
4.575015051656318166e-01,9.058550998118278796e-01
4.672126061037494282e-01,9.395040985576931236e-01
4.718312885228131970e-01,9.586500402998604509e-01
4.745040474358409588e-01,9.661339390790133486e-01
4.708230532034909377e-01,9.537763234628560127e-01
4.711946529427600838e-01,9.566135638993320534e-01
4.708355972014562907e-01,9.534165224730473120e-01
4.698433900409375585e-01,9.511817643762405794e-01
4.696186850408345381e-01,9.494342271917219911e-01
4.681569415840194925e-01,9.442080813809183848e-01
4.757299049710462246e-01,9.721374276193712749e-01
4.716363847027876255e-01,9.565776236908838381e-01
4.672802272142652646e-01,9.410984002224758171e-01
4.782136925332337585e-01,9.808749225575010833e-01
4.806762492615319071e-01,9.897601602307360968e-01
4.825112786911145424e-01,9.981944261045231359e-01
4.778853612556488994e-01,9.794944732371708707e-01
4.727034709613713304e-01,9.600830615081316077e-01
4.707998619928713824e-01,9.541945957407025336e-01
4.746497707947137656e-01,9.668099738206844540e-01
4.709102377909569204e-01,9.526632796305682938e-01
4.694037556971710767e-01,9.490135121409059016e-01
4.650628200373240762e-01,9.323616547453089654e-01
4.694897455012876919e-01,9.502436270777389060e-01
4.699079838161128175e-01,9.511940287957474371e-01
4.713188180279545003e-01,9.567493568274964000e-01
4.801489217754448813e-01,9.881933463029575204e-01
4.807172046605299731e-01,9.910377032664858810e-01
4.786932481822052665e-01,9.817721707176573220e-01
4.768759603691908322e-01,9.772444644793314428e-01
4.786969173729349047e-01,9.822261772718292594e-01
4.759736099993930880e-01,9.736362679362832173e-01
4.731729368138795078e-01,9.617059627866112459e-01
4.758569596192572249e-01,9.745647744252040612e-01
4.807132747813611107e-01,9.900611294257675166e-01
4.808529678141553187e-01,9.919297975743525120e-01
4.829589271874936696e-01,9.988011877600930788e-01
4.734658857197220350e-01,9.639836571765166839e-01
4.789227677269123351e-01,9.829560097699617804e-01
4.733072999031133210e-01,9.642647254824133762e-01
4.742343538136151171e-01,9.661440055655945436e-01
4.735446455918874697e-01,9.639454828002316233e-01
4.710138815650703470e-01,9.542603903187786285e-01
4.728968240580773141e-01,9.615515515005201852e-01
4.740604562769756281e-01,9.678928118238824263e-01
4.783555935496184297e-01,9.815311518281985004e-01
4.796573362938310603e-01,9.858067042556294401e-01
4.767732648618290825e-01,9.756733204314365082e-01
4.782223904771933931e-01,9.825252516132977343e-01
4.810714166652652612e-01,9.912971922597940688e-01
4.822801302736188789e-01,9.967892097930799444e-01
4.804613516480611413e-01,9.892711353090291038e-01
4.798072350535135255e-01,9.886136159327364448e-01
4.814576334669414259e-01,9.937622905472771606e-01
4.829691813829073421e-01,9.984529536802049243e-01
4.787564674106372098e-01,9.856691629846887626e-01
4.745351572902853365e-01,9.656619577810121591e-01
4.748967684097941677e-01,9.677779551605125707e-01
4.747288600902534461e-01,9.660657452255930755e-01
4.676938326469836094e-01,9.433285537006168564e-01
4.652874166183260662e-01,9.338700082254958179e-01
4.654109387504816731e-01,9.349167502149489106e-01
4.651250629431636918e-01,9.323175444810538615e-01
4.632821470368505001e-01,9.272664277634751206e-01
4.622751229914988658e-01,9.232143138926429682e-01
4.478632983841280280e-01,8.728424217484237468e-01
4.482010716885598822e-01,8.756736141078919067e-01
4.439969096255730330e-01,8.600718806209384226e-01
4.472587754107298919e-01,8.705005588331105049e-01
4.509132499566977925e-01,8.837214072687512578e-01
4.465997962639061680e-01,8.693374515381233625e-01
4.496352112770788945e-01,8.797812168116810883e-01
4.504150739347232979e-01,8.802249106960795544e-01
4.536726340316594164e-01,8.930588694294337992e-01
4.587795114022904519e-01,9.110462115316131371e-01
4.548955294642153535e-01,8.975606377837951344e-01
4.593701465277696960e-01,9.116706318711610413e-01
4.597733385929476668e-01,9.143305960902212703e-01
4.542749327774777690e-01,8.942900182376747331e-01
4.596044676123013928e-01,9.124296409362036009e-01
4.640653224325191339e-01,9.269578280093430100e-01
4.628792703089249505e-01,9.234219909408664106e-01
4.645528798191171926e-01,9.298804371719604500e-01
4.615693970990715211e-01,9.201653011276819116e-01
4.606397993398075874e-01,9.175388379335256417e-01
4.624712718662686850e-01,9.246191546476772993e-01
4.597458658393011599e-01,9.119638492672945684e-01
4.582433643107675647e-01,9.097753667311352377e-01
4.629508153128349401e-01,9.284479063984777403e-01
4.704894694125912324e-01,9.528552854199653366e-01
4.713479031012123288e-01,9.574387700874628093e-01
4.704152375728000157e-01,9.540555795610897727e-01
4.776005613508083614e-01,9.768643609700498054e-01
4.776763613475447645e-01,9.784075590117713439e-01
4.759203235638675422e-01,9.724515407936009659e-01
4.800072578056748251e-01,9.879572042903624896e-01
4.806547345603110477e-01,9.926168804961635894e-01
4.791565034419500990e-01,9.864302760545748949e-01
4.728007879734697494e-01,9.607468691096154867e-01
4.728977805897666697e-01,9.608530135354779178e-01
4.793291103239437079e-01,9.859844165931362925e-01
4.788638789640826121e-01,9.825836284524659403e-01
4.811440799957557024e-01,9.941271936818490973e-01
4.792545260750383784e-01,9.860264857912360847e-01
4.820579210047333807e-01,9.938355487256864684e-01
4.769440394224187529e-01,9.763842327111137420e-01
4.823941408966742617e-01,9.983009026656841645e-01
4.792988035175849149e-01,9.868744220271431500e-01
4.806155907146013595e-01,9.908557541321091344e-01
4.795466811604601753e-01,9.845001989924939689e-01
4.810706656237155321e-01,9.925569964686252744e-01
4.809869854343700180e-01,9.915733319998771833e-01
4.828416680581293918e-01,9.985069755074632569e-01
4.806783324506631039e-01,9.921594438430680896e-01
4.801504127945379619e-01,9.891001854253256287e-01
4.814589618935025128e-01,9.951670148632759672e-01
4.705236429093435091e-01,9.561081099225368085e-01
4.688553208343735901e-01,9.482558087383775591e-01
4.697403185725182451e-01,9.493248152871648360e-01
4.671441155980697313e-01,9.414472356786713902e-01
4.636234129255072389e-01,9.290220388012373487e-01
4.631466978542994606e-01,9.273607521669359199e-01
4.666489770470987342e-01,9.390944092506025020e-01
4.617139751489444666e-01,9.205814823089654153e-01
4.587344263269074740e-01,9.108307653960915351e-01
4.580951248066549852e-01,9.106999698537219246e-01
4.664903452485257285e-01,9.380762595588618691e-01
4.698456045118405977e-01,9.513127347479199969e-01
4.737423760532784023e-01,9.626410629207157177e-01
4.743371414199428204e-01,9.672027153405815536e-01
4.704471167652190533e-01,9.528282714649637386e-01
4.706779041917625306e-01,9.533500575163745827e-01
4.654749607873003847e-01,9.354922086793274749e-01
4.597631192775319953e-01,9.146889145834857793e-01
4.621793498032852887e-01,9.227060480537961906e-01
4.609911747634586887e-01,9.195553722968046184e-01
4.545921142185440078e-01,8.968184414232645008e-01
4.582571129376010188e-01,9.062927303608361296e-01
4.528154861975778878e-01,8.890605175440314811e-01
4.500943473080004087e-01,8.792333861328929245e-01
4.496171156158807469e-01,8.788504898845586055e-01
4.447739389005659350e-01,8.640507144702488374e-01
4.467798787733423538e-01,8.705243266176083683e-01
4.505138335338052524e-01,8.819576930807332404e-01
4.597883398089018803e-01,9.139658436654346518e-01
4.613835535775099306e-01,9.201683626878579547e-01
4.620794868509108255e-01,9.230037543024564028e-01
4.571026510850925706e-01,9.053422436212913427e-01
4.639594068431607821e-01,9.298952186827396105e-01
4.670952235722314883e-01,9.416369897237720776e-01
4.680486081582418412e-01,9.427078941301293424e-01
4.672550347329273435e-01,9.417231122341005456e-01
4.752505263305319416e-01,9.723983764069297209e-01
4.788464198538859851e-01,9.819577960876000322e-01
4.685899041832042866e-01,9.453741470334394714e-01
4.705801505803988150e-01,9.529811881339290691e-01
4.727003560118696046e-01,9.610326826166932790e-01
4.729257715836602816e-01,9.621535787997257394e-01
4.724267177594690392e-01,9.584319091522218725e-01
4.744084262035648258e-01,9.652366797130199627e-01
4.725605371276084821e-01,9.612953687156673421e-01
4.731695479556931594e-01,9.630464199996640051e-01
4.681782471502536902e-01,9.423726142543622508e-01
4.554117406420843950e-01,8.993381883655177100e-01
4.649501852504246413e-01,9.316240844527581277e-01
4.663581233796568748e-01,9.395992955680865233e-01
4.646527440816424215e-01,9.317389584602135955e-01
4.544739014399996058e-01,8.956747219948376637e-01
4.533237280811036607e-01,8.917986560349504543e-01
4.545673595888591878e-01,8.935038469111171722e-01
4.486173127086354184e-01,8.740734491641962700e-01
4.514785738429807904e-01,8.850055665079229472e-01
4.474297576222172057e-01,8.713139007642157763e-01
4.494480131642228371e-01,8.759750739450345991e-01
4.511381261615806104e-01,8.844756314486792448e-01
4.482681135768130654e-01,8.729518808662720675e-01
4.503252561825721312e-01,8.795605758296800580e-01
4.518729143516125313e-01,8.853785159414534478e-01
4.486989134340734209e-01,8.756439999022150866e-01
4.505054075711987793e-01,8.825564537684191802e-01
4.460230846153389606e-01,8.654431206882129413e-01
4.515733623151284570e-01,8.864007581497511667e-01
4.528708373030655987e-01,8.897561937945842603e-01
4.473329825101376445e-01,8.726753898021694100e-01
4.515550300323569188e-01,8.835796986450258350e-01
4.541870590487212533e-01,8.948951594836089818e-01
4.592960846732787594e-01,9.130803535112591574e-01
4.575535958968819372e-01,9.072710544189191983e-01
4.541969280536582998e-01,8.936219847371508207e-01
4.543637680996309713e-01,8.957091663168275097e-01
4.567952520380803572e-01,9.044410967129415946e-01
4.634498965405769999e-01,9.259124083885897916e-01
4.636776551813209801e-01,9.289409666950636524e-01
4.715200651706338286e-01,9.567118885575787157e-01
4.786670633634733107e-01,9.825856762655632570e-01
4.780845586086099330e-01,9.808945056498363790e-01
4.811353136816904907e-01,9.925818131302692748e-01
4.803889715522902670e-01,9.893610975434602439e-01
4.725523515526895424e-01,9.585067986313519084e-01
4.728116000049317202e-01,9.599831198470230031e-01
4.703914220726054807e-01,9.515718937894802609e-01
4.668731543565252107e-01,9.380520089933197525e-01
4.588789743231915241e-01,9.106180231187539498e-01
4.621803352457350411e-01,9.234307138554826988e-01
4.660525093312228861e-01,9.356597613095812838e-01
4.608669103048957383e-01,9.178053184064191017e-01
4.616265010369164923e-01,9.183559047115756879e-01
4.602351346612151284e-01,9.159046316743095772e-01
4.621904621721472650e-01,9.231522900913256002e-01
4.641166600168671885e-01,9.308031440191885109e-01
4.663030620724906705e-01,9.378001641924401666e-01
4.695705052818692216e-01,9.471973964276502178e-01
4.747833998197997785e-01,9.686327330372060951e-01
4.794313188085427280e-01,9.857957786543399825e-01
4.785508637289871414e-01,9.838958970715554475e-01
4.759308447016523669e-01,9.747833457634034193e-01
4.709083732452391535e-01,9.542994011357892603e-01
4.674695491914673262e-01,9.435314432995348666e-01
4.705359544235043212e-01,9.532763109248175715e-01
4.707198729106111812e-01,9.515312477553586890e-01
4.650264356449309577e-01,9.313397906878486676e-01
4.603590805799299690e-01,9.164609329540635008e-01
4.565570300425939032e-01,9.031132143283560065e-01
4.627439265397126356e-01,9.242947619676075144e-01
4.594866252634786097e-01,9.136487348191357771e-01
4.611590047438632323e-01,9.176812152274441692e-01
4.811679156631952226e-01,9.931288834630591644e-01
4.810101908710632812e-01,9.919768531034403036e-01
4.803064438085684618e-01,9.902015519801348198e-01
4.823119843355111458e-01,9.982159992163009976e-01
4.816221050349693833e-01,9.933996790580308378e-01
4.795428101055275727e-01,9.849709805838945398e-01
4.825555597927133622e-01,9.971210013899636238e-01
4.798678386234540572e-01,9.869009547766387502e-01
4.800749158841660091e-01,9.884811414637971749e-01
4.763998040257168554e-01,9.744030284871675329e-01
4.817742340228682862e-01,9.933388582889439711e-01
4.807276464312774666e-01,9.912547877016700815e-01
4.807805427384739816e-01,9.903418774507856126e-01
4.757330015513551169e-01,9.715672062060483061e-01
4.801155079483348520e-01,9.873403259267308218e-01
4.804961140268301789e-01,9.920828287957028646e-01
4.807204138815792671e-01,9.912378669543854270e-01
4.818497600613673160e-01,9.943437819143271517e-01
4.825191406975707920e-01,9.977052258036557264e-01
4.827079034025393289e-01,9.979481405963708252e-01
4.820695642418700855e-01,9.954126765857359560e-01
4.786535730801648736e-01,9.832714887617575172e-01
4.806949196194828522e-01,9.924001881917362544e-01
4.811117862232062725e-01,9.918031725010240107e-01
4.825124109032071229e-01,9.975253177211297340e-01
4.799317338560863400e-01,9.872973853516594511e-01
4.819463360278807285e-01,9.947538162992511923e-01
4.785444404904992122e-01,9.828533900943751123e-01
4.746296570938770554e-01,9.680533838450382511e-01
4.755307266990788095e-01,9.716360720023304864e-01
4.814741290318549916e-01,9.921783236470919087e-01
4.814006783151839608e-01,9.917212005456269575e-01
4.811616650156074204e-01,9.924262194919345470e-01
4.825006123305782824e-01,9.968309498022372983e-01
4.825235027214600514e-01,9.976444328036547793e-01
4.782456728597367923e-01,9.830410520092132121e-01
4.799909727197916309e-01,9.893096297440606701e-01
4.739028020119585571e-01,9.640628516387721447e-01
4.769769172766946674e-01,9.741965106174093059e-01
4.678613776672970181e-01,9.432960849989221463e-01
4.705520320966016246e-01,9.536722360595332182e-01
4.729112642067749284e-01,9.610846956263102703e-01
4.698974474897804066e-01,9.492852396763644673e-01
4.722396519664614489e-01,9.591945465306976892e-01
4.754291968962049419e-01,9.706086376367338842e-01
4.727484895272192622e-01,9.606412121315860420e-01
4.721251948988787750e-01,9.589144449929351000e-01
4.767224987432702177e-01,9.760090383517374679e-01
4.773794368501259044e-01,9.773501716846175746e-01
4.816932811611918108e-01,9.940650766526835103e-01
4.814231035195088437e-01,9.924257635695925561e-01
4.789755523302303697e-01,9.846429272085842621e-01
4.683467576584433578e-01,9.473430177234813954e-01
4.681917718377517357e-01,9.450435939657598761e-01
4.724051158299472086e-01,9.593687997440772941e-01
4.802396253945197535e-01,9.894366794925226749e-01
4.820578881721546138e-01,9.956774701673863914e-01
4.794007360214453950e-01,9.862302560188487277e-01
4.821932474386134704e-01,9.960865032389990548e-01
4.813599818618048976e-01,9.950928723684148158e-01
4.769935205004171008e-01,9.778814881142190440e-01
4.761651711903499007e-01,9.740813461839434861e-01
4.718459356730622667e-01,9.547622613168077477e-01
4.732367853887544662e-01,9.659938900265265804e-01
4.732405554323053098e-01,9.640608689604188708e-01
4.710881496669191981e-01,9.556569901514200271e-01
4.687630698625808723e-01,9.440096107067958986e-01
4.629078220926172160e-01,9.262543594232791611e-01
4.640991739458606435e-01,9.270260992114487397e-01
4.660622663666810772e-01,9.378815291774527108e-01
4.696509588454658712e-01,9.483754697767107222e-01
4.701128478083145823e-01,9.509122455373946181e-01
4.722772552645961297e-01,9.606421723514394495e-01
4.817809102117878162e-01,9.956721598865891920e-01
4.821337480367690609e-01,9.974305366257134597e-01
4.734165333959903799e-01,9.641909752056180283e-01
4.780635267687585177e-01,9.821328462449635532e-01
4.776243462099468706e-01,9.788469115256652753e-01
4.739542910260854947e-01,9.653388936197078163e-01
4.769906783330992717e-01,9.753715141646951414e-01
4.735805351629729376e-01,9.639988217606908494e-01
4.760716014322525225e-01,9.727523150253609696e-01
4.772068454630860601e-01,9.794076600912258179e-01
4.800607347737733122e-01,9.870710796140860221e-01
4.808447060340585444e-01,9.901559478171976236e-01
4.823513063837602810e-01,9.959899621008879711e-01
4.801901822086506177e-01,9.881740871564986817e-01
4.812634402949169665e-01,9.934770747240213584e-01
4.821709986144869231e-01,9.964179851416685718e-01
4.770145636677173839e-01,9.793591277342081902e-01
4.729599697888834942e-01,9.603945002563610833e-01
4.681042057789677191e-01,9.446693153894740735e-01
4.671350056500429004e-01,9.436337987773010250e-01
4.571452009307463427e-01,9.040795639341769885e-01
4.634325258341205900e-01,9.282762218799013310e-01
4.604301196565527277e-01,9.163036937988957575e-01
4.654290327671063987e-01,9.359516142568702346e-01
4.685854902001888034e-01,9.461619476614584467e-01
4.729639787361250014e-01,9.618591904688259531e-01
4.769847824068597641e-01,9.777861899787865241e-01
4.382758090417262498e-01,8.408692361744134480e-01
4.347720324489646737e-01,8.288692613242902851e-01
4.400865793741315368e-01,8.471645482767171664e-01
4.414590334921339454e-01,8.521904931612090950e-01
4.397923122736643875e-01,8.447245654928623448e-01
4.476857955704164338e-01,8.729262546511026288e-01
4.440912975000458340e-01,8.582260209665696360e-01
4.425879523888712752e-01,8.546150675279774456e-01
4.417719817028799012e-01,8.506412343026681366e-01
4.402769711798929508e-01,8.464994650690722544e-01
4.446692029950393144e-01,8.625010621925222054e-01
4.414151066789572808e-01,8.501777360660417449e-01
4.509775135971439419e-01,8.834891967514086897e-01
4.491107895518426374e-01,8.771908931115399710e-01
4.488515150813408572e-01,8.749939682930635287e-01
4.540468206067349022e-01,8.936020460459310755e-01
4.609149678041577491e-01,9.183921701855866093e-01
4.633316555575793805e-01,9.295650152991524751e-01
4.639318150032740173e-01,9.282398009460599564e-01
4.580524760022720576e-01,9.091880234053641985e-01
4.538620025158768834e-01,8.931508323927734860e-01
4.477098608620167508e-01,8.713068063619148207e-01
4.479880141265567550e-01,8.722410804867601897e-01
4.507775727753046691e-01,8.821232388069675245e-01
4.471445945476780759e-01,8.689914403161765888e-01
4.433659120991271241e-01,8.587724314569462614e-01
4.439259593050419173e-01,8.592851362810485227e-01
4.379957837383661734e-01,8.392802713353075816e-01
4.370928301056253851e-01,8.377588208160154926e-01
4.253902370482657846e-01,8.008428985102394870e-01
4.311119496552849872e-01,8.188194377117579137e-01
4.281511906852992211e-01,8.087671658184913959e-01
4.356900456125418764e-01,8.314276998289111820e-01
4.405532109524227802e-01,8.477164199524868105e-01
4.423119139924558962e-01,8.523297906812901115e-01
4.436209484997591379e-01,8.584597903574322508e-01
4.357761690896327367e-01,8.320472642689703546e-01
4.409459839140985604e-01,8.490776939972886073e-01
4.401023041797992863e-01,8.474534806777725970e-01
4.401435271867852883e-01,8.466331319400213218e-01
4.438495525144864340e-01,8.577490508563636595e-01
4.392964939105961086e-01,8.427963258408602831e-01
4.353427416668814720e-01,8.304057404582827484e-01
4.429704929157262105e-01,8.569716821575695809e-01
4.432489556743295922e-01,8.583494840300026629e-01
4.444192917956263367e-01,8.607766884284903108e-01
4.448613565100606460e-01,8.623160708671419039e-01
4.485174856087633666e-01,8.735765559413887216e-01
4.513017782091162666e-01,8.852235599322031412e-01
4.542557175208125630e-01,8.947119926159398107e-01
4.561645813066107502e-01,9.036097028805665232e-01
4.605554330598097268e-01,9.157418796008524042e-01
4.603650072889995393e-01,9.169515111865896850e-01
4.636184551460691972e-01,9.271444601444501776e-01
4.641652991648441695e-01,9.315646560149059008e-01
4.649937192032730371e-01,9.325056062316146033e-01
4.636308924201979487e-01,9.290275893088424386e-01
4.646791387227577341e-01,9.324428768072707818e-01
4.633765796001313997e-01,9.281665393079806536e-01
4.629093447717161358e-01,9.269463503754934441e-01
4.641969588400270408e-01,9.298637267767010384e-01
4.582917091881473781e-01,9.092160834128779623e-01
4.559013309070043540e-01,8.984869623793275695e-01
4.589975951315091729e-01,9.083362177109282065e-01
4.629585129615282901e-01,9.220804551180140640e-01
4.662342585324200095e-01,9.352175242485570861e-01
4.649528145504730481e-01,9.327264567058946021e-01
4.714891002140459975e-01,9.575093072371615444e-01
4.739353316822533801e-01,9.631390229171739037e-01
4.694865751842401957e-01,9.485789577244286841e-01
4.744903750637239348e-01,9.675404929852839953e-01
4.722160112831214618e-01,9.586701615680117694e-01
4.700179768807463132e-01,9.487223514731011331e-01
4.731798681145257257e-01,9.634436608839568317e-01
4.698918895009859820e-01,9.494392079679346841e-01
4.649745631368555898e-01,9.334622253412994120e-01
4.651128670199019544e-01,9.328234185785337917e-01
4.690571725437902018e-01,9.462590484255424261e-01
4.644251588558204191e-01,9.332267347475504682e-01
4.604158114044454853e-01,9.168763554408265737e-01
4.649801769330957346e-01,9.323921270047531573e-01
4.614717849240390635e-01,9.199685450006632736e-01
4.600578608775195422e-01,9.146163423053492725e-01
4.629415971282068720e-01,9.234786123860211360e-01
4.618051878986246250e-01,9.206469138560624543e-01
4.656041761145261471e-01,9.352796682563880859e-01
4.623394336703501861e-01,9.231953012445681672e-01
4.561412293984836719e-01,9.025853528636481604e-01
4.603096808707585752e-01,9.161153303908154966e-01
4.570896471115215021e-01,9.050042715374650992e-01
4.589082821266522449e-01,9.102189238390887560e-01
4.603073984783858652e-01,9.179697730870375327e-01
4.591207831784250848e-01,9.130663299028553004e-01
4.591700580733494297e-01,9.128861864705342111e-01
4.652218011720218871e-01,9.337393667067875880e-01
4.719539174092299283e-01,9.598692282210550264e-01
4.805881018261458082e-01,9.912096334518181173e-01
4.782198320026370131e-01,9.804457995303333950e-01
4.771458769352943108e-01,9.759456149930197943e-01
4.817553031878754055e-01,9.954246669360180544e-01
4.789637276384765552e-01,9.849910533758491349e-01
4.795502450903923464e-01,9.864724558670080468e-01
4.727894765288332413e-01,9.602852151333162167e-01
4.729249347133642201e-01,9.632975640509098270e-01
4.685398905524083557e-01,9.452862927298504303e-01
4.666423245748638204e-01,9.385221988906943258e-01
4.541389383188179640e-01,8.941768141792626468e-01
4.519718340246531296e-01,8.872723880082939996e-01
4.553589595461880468e-01,8.972963326265901429e-01
4.547125617663840269e-01,8.971194319398798633e-01
4.535927864494896378e-01,8.928839434036622835e-01
4.516435260184381573e-01,8.839785138853748503e-01
4.515352208300457137e-01,8.860560388437431767e-01
4.501385951391592144e-01,8.811279963900822132e-01
4.521642979108025928e-01,8.886315436351753805e-01
4.552692943969596229e-01,8.968650904125761159e-01
4.528368552964486815e-01,8.898611489377871164e-01
4.509127832536586888e-01,8.853268100438207444e-01
4.533259674035590159e-01,8.904351264100187624e-01
4.601060063450134741e-01,9.152087401323697469e-01
4.562930459185429166e-01,9.015768522358383885e-01
4.508903304307155246e-01,8.841350470156880137e-01
4.540811616588950050e-01,8.933541668025120064e-01
4.468604798045037185e-01,8.685700888549325871e-01
4.460251537875905559e-01,8.671307213802492697e-01
4.487583895182438165e-01,8.730791238044126601e-01
4.501233056491864004e-01,8.796542656951837902e-01
4.488237906543615652e-01,8.748653289647611020e-01
4.447217123695988983e-01,8.605415947461613202e-01
4.444590995878293649e-01,8.604272528362488792e-01
4.408220159560196638e-01,8.505188626519794015e-01
4.320206301048313269e-01,8.212881783782125522e-01
4.292485641058667589e-01,8.104163301092568439e-01
4.321426894004882779e-01,8.208911091628218193e-01
4.265122584114187654e-01,8.034919742187542901e-01
4.320529919699870880e-01,8.200293245487914051e-01
4.249981757085831702e-01,7.991693751685984282e-01
4.278874879783424734e-01,8.067341314232026050e-01
4.294201006366126228e-01,8.129065200601175434e-01
4.272652786676380265e-01,8.086002818508986056e-01
4.351520496940787797e-01,8.302774821764583590e-01
4.368539679382446583e-01,8.363016996435267414e-01
4.377507593851359680e-01,8.406707095361374282e-01
4.435833456996750579e-01,8.576323708774945542e-01
4.412454044134533349e-01,8.485933154984288684e-01
4.374062456142184807e-01,8.391009293870426156e-01
4.439397157320801313e-01,8.593466827215144876e-01
4.460311833963109818e-01,8.669717975512597485e-01
4.471271884550652165e-01,8.689782053480136215e-01
4.449540740553323825e-01,8.624661402527694642e-01
4.435411115569802831e-01,8.584376486330874689e-01
4.429429920531438580e-01,8.562597769602384723e-01
4.383204078037045703e-01,8.419090206189079328e-01
4.400150105290082658e-01,8.490076557961681036e-01
4.463792110042573147e-01,8.678335040009970136e-01
4.477475578397329126e-01,8.697243754721791786e-01
4.472646992011876654e-01,8.718446425065653482e-01
4.362821750323110370e-01,8.341443445725885697e-01
4.290771326995608259e-01,8.095730320176174333e-01
4.279484761976359852e-01,8.080481278672725365e-01
4.275365435302777573e-01,8.065260455513119098e-01
4.283666302368060452e-01,8.097514771388434340e-01
4.268339242824274460e-01,8.037212621242139088e-01
4.316499763865006556e-01,8.201077342400390213e-01
4.368506948874939511e-01,8.353599828423557971e-01
4.434117698069800495e-01,8.600494068149411309e-01
4.478888695808715403e-01,8.719944528054830446e-01
4.514546549380493712e-01,8.833887302987576406e-01
4.550795454769820947e-01,8.980200855505955371e-01
4.512365076578583878e-01,8.837195893397769009e-01
4.497726699465893208e-01,8.805447764663028032e-01
4.435284863084880125e-01,8.568565347056656956e-01
4.396585023889543753e-01,8.446487126932575862e-01
4.365027089276651839e-01,8.349498033364379790e-01
4.361684495283211227e-01,8.337904841564132141e-01
4.204714862316074608e-01,7.854464410449626399e-01
4.262875014742052993e-01,8.026250718021471497e-01
4.256338246232643230e-01,7.990221261244387918e-01
4.267541057088829470e-01,8.044479411229785715e-01
4.333027445538358835e-01,8.248913908545358886e-01
4.302274531853025330e-01,8.147521128891099806e-01
4.241944162255271156e-01,7.947784965608850616e-01
4.292558287351229129e-01,8.105186186353274813e-01
4.227755474562855942e-01,7.918270024910383231e-01
4.211233481419876523e-01,7.868851685506867977e-01
4.209054998329920805e-01,7.855255432201533328e-01
4.257682731467425374e-01,7.997365342044437941e-01
4.232760350784657843e-01,7.933292626410378690e-01
4.168420238102370501e-01,7.717996259309580775e-01
4.168420238102370501e-01,7.717996259309580775e-01
4.180287153260229260e-01,7.772210124738181403e-01
4.141380005880070936e-01,7.663711261434043021e-01
4.114562336178500535e-01,7.569426054999849329e-01
4.089454517410787138e-01,7.486784584739557546e-01
4.157187097098377637e-01,7.697245889695264465e-01
4.158754654495686598e-01,7.731190958209596120e-01
4.137246706590058110e-01,7.636791705953213105e-01
4.142320133171599195e-01,7.651338154874939290e-01
4.186067519056315689e-01,7.778836786348053423e-01
4.125548765801687612e-01,7.597817202758323507e-01
4.489121340254859649e-01,8.782755279909049140e-01
4.488994767811612663e-01,8.753421358890330906e-01
4.469678390508093346e-01,8.709923052364382245e-01
4.584278487419898851e-01,9.117009520948650136e-01
4.651204131517074347e-01,9.322770401878170965e-01
4.639728353331686317e-01,9.298381013102343662e-01
4.695462140813820295e-01,9.481424186394477038e-01
4.746197894914446769e-01,9.666333407731769745e-01
4.753417943272548185e-01,9.699811122699226740e-01
4.714755431346272507e-01,9.570077958787901462e-01
4.708065348748573520e-01,9.551383942266151728e-01
4.668390460268458386e-01,9.401309659535941332e-01
4.671818097036338213e-01,9.407716838364920120e-01
4.685408806068688814e-01,9.466007043481815542e-01
4.761778442791887445e-01,9.726528205318025755e-01
4.778871300832213675e-01,9.798489162022031573e-01
4.768931149316180673e-01,9.776208404410156039e-01
4.714336320283473158e-01,9.581186677174196031e-01
4.755182323206806339e-01,9.714878333741110428e-01
4.737331585999662309e-01,9.632690531240898357e-01
4.727370954157121830e-01,9.613280234443019046e-01
4.735614972339798889e-01,9.632278028829497352e-01
4.722412251953548856e-01,9.590863561127435100e-01
4.697336326506382220e-01,9.484616461045012326e-01
4.791562043627976553e-01,9.835743988682356109e-01
4.771550222293394206e-01,9.773245500419851517e-01
4.775653384987995076e-01,9.796443135225159082e-01
4.756109779813739169e-01,9.725932695037785569e-01
4.785787245527171607e-01,9.846084578808350640e-01
4.774038327358101630e-01,9.802738618539522664e-01
4.759196675491981776e-01,9.712267902890815430e-01
4.717463815913634506e-01,9.577211959707913058e-01
4.691038574958987240e-01,9.452104736631505855e-01
4.649296954189257036e-01,9.324672260228396015e-01
4.619660114839581055e-01,9.213178657233253022e-01
4.717634955421426968e-01,9.569771972661309523e-01
4.747225178892875430e-01,9.702000266637694770e-01
4.761057408355834353e-01,9.722737259059899273e-01
4.775019452837060419e-01,9.787530959364793004e-01
4.744153273016416539e-01,9.687486598024727114e-01
4.750128003937301724e-01,9.702616773680264872e-01
4.802531101465851160e-01,9.874846337497510396e-01
4.803481799998258750e-01,9.881070989009630434e-01
4.768726647205496771e-01,9.778241552944894055e-01
4.812946112246480057e-01,9.926613855006536369e-01
4.794854553496015748e-01,9.875822180982737342e-01
4.744291013894071374e-01,9.673029597182926098e-01
4.714334736792414882e-01,9.542126439200596666e-01
4.630997243026393484e-01,9.259471266312698789e-01
4.665327383119695637e-01,9.366109962596723681e-01
4.744326367611729212e-01,9.677039691663584797e-01
4.753574122578366201e-01,9.702092367539908446e-01
4.829878514354976615e-01,9.992206839253827688e-01
4.807939185662281067e-01,9.909474927261234800e-01
4.803308628822202109e-01,9.895627785604946824e-01
4.824165914050508874e-01,9.967071959132776104e-01
4.788480809462896670e-01,9.824393798282827772e-01
4.746374315646729181e-01,9.692725768414054421e-01
4.796385405368219224e-01,9.896238538559596343e-01
4.798687653495037342e-01,9.869314335107238767e-01
4.803968459900238019e-01,9.893850468711591351e-01
4.771851550407872899e-01,9.769920912425993365e-01
4.780422359311624070e-01,9.804950912081799030e-01
4.783136336316495818e-01,9.813388885483995683e-01
4.822702362976087342e-01,9.977778682777043162e-01
4.795426428765752203e-01,9.876009221096513357e-01
4.797170662187644208e-01,9.863146839066777583e-01
4.819658655219535293e-01,9.931607953635909203e-01
4.807541306625612854e-01,9.922370494120021922e-01
4.801483006827549360e-01,9.889268810156763845e-01
4.807254439706822313e-01,9.914928738480931480e-01
4.717746523772634037e-01,9.571775839859433255e-01
4.729972361085114096e-01,9.637960841307069426e-01
4.769721152632294681e-01,9.748941899374481412e-01
4.778791447746635335e-01,9.785818476708392222e-01
4.829617120249133921e-01,9.986918600298660964e-01
4.828765216288574136e-01,9.987063996683701594e-01
4.826275955305299181e-01,9.980514939228932736e-01
4.827066321019859996e-01,9.995873011181380940e-01
4.820928768541609122e-01,9.953691129373304358e-01
4.815289578186476294e-01,9.954218443173604713e-01
4.823756339856772324e-01,9.977406803441494221e-01
4.817607027939626030e-01,9.954533196985264620e-01
4.711917128960521062e-01,9.555889355025228848e-01
4.760908640166899852e-01,9.719041964524475219e-01
4.760161513437035086e-01,9.714959966131587743e-01
4.806903956512347253e-01,9.906156789625011339e-01
4.825953213644683104e-01,9.992338554704175424e-01
4.788079682148568827e-01,9.858131054677304883e-01
4.807424877630266380e-01,9.933575203634804618e-01
4.742383635801746267e-01,9.680129954126144298e-01
4.743796901618826389e-01,9.686032051341949556e-01
4.775964056388861678e-01,9.780513856879160528e-01
4.800030240599275633e-01,9.892650258742309299e-01
4.820747436390739327e-01,9.962073501586545810e-01
4.781519413021577680e-01,9.837111633907912323e-01
4.823383158877851962e-01,9.964041320616072728e-01
4.817863974541202188e-01,9.934565046890526663e-01
4.827626978397414614e-01,9.990298129778342195e-01
4.828610406167847535e-01,9.994024926312091717e-01
4.724575641952503124e-01,9.592745217593412477e-01
4.780475531536653722e-01,9.789657429461602334e-01
4.810276635016009772e-01,9.917645713896658943e-01
4.801775608403595075e-01,9.901624745952422035e-01
4.702374595375467536e-01,9.518384762048158754e-01
4.676898548070637096e-01,9.416290419291822866e-01
4.682512410207186337e-01,9.431399946295281334e-01
4.716237741869252487e-01,9.559191937353577195e-01
4.684428271121853782e-01,9.467352683433888361e-01
4.766214338605009315e-01,9.761633666463284120e-01
4.773334902295345850e-01,9.795512149140489511e-01
4.735187643969235860e-01,9.630705651710371740e-01
4.722075604793629644e-01,9.577027321233808621e-01
4.685936753676433475e-01,9.470874091004685136e-01
4.686931309611355179e-01,9.463631653049477954e-01
4.704362351639485018e-01,9.499721597771298987e-01
4.589805634335568651e-01,9.119603493850090281e-01
4.573225714216764826e-01,9.061112464023118873e-01
4.564322191217791702e-01,9.026089030043912276e-01
4.597573017379917859e-01,9.139332614828803436e-01
4.599373691822521426e-01,9.148251418510829902e-01
4.581697488622281655e-01,9.100118474281642111e-01
4.640978612778161039e-01,9.279101299277984216e-01
4.605463450385861024e-01,9.173675042656012080e-01
4.638162454570680104e-01,9.285361577249161558e-01
4.572429598877888468e-01,9.062790680414772870e-01
4.528065573111113573e-01,8.903376352577716535e-01
4.495083029278611475e-01,8.780193863715634039e-01
4.496220849274983888e-01,8.775219939006455583e-01
4.430802577709449519e-01,8.571881631899627152e-01
4.428611268097800147e-01,8.567118651854227496e-01
4.493887491582709837e-01,8.775821613789308584e-01
4.396342762520648595e-01,8.463135862582735758e-01
4.370706635509136739e-01,8.378031990937301332e-01
4.344993741301534373e-01,8.283812188518488995e-01
4.409169840865531653e-01,8.500064944300179670e-01
4.390338403163743797e-01,8.445738205065301818e-01
4.396949966567234025e-01,8.465392779820264391e-01
4.390855496109475342e-01,8.429086412667167183e-01
4.465194732916814568e-01,8.672436885246209703e-01
4.504526430860127939e-01,8.824207438470358378e-01
4.498167291816596580e-01,8.808537619387775131e-01
4.488772037952165062e-01,8.760223054914233476e-01
4.463777126048163457e-01,8.684806536116207454e-01
4.554185726302751869e-01,8.981446531431442892e-01
4.622448810881067405e-01,9.220456383270621004e-01
4.611108649253317648e-01,9.188798414583992935e-01
4.615244795176319803e-01,9.181280492718805197e-01
4.579474824222695695e-01,9.078552166159489234e-01
4.606757863770173378e-01,9.167202958565754400e-01
4.594143566589340977e-01,9.106146886322343814e-01
4.655845274306094628e-01,9.320717323453618919e-01
4.738285573186461486e-01,9.655158440255041663e-01
4.763818179719258583e-01,9.744016579926370047e-01
4.742868536259985945e-01,9.682773585117873116e-01
4.753750540895310128e-01,9.702160841178107953e-01
4.716579069010337077e-01,9.562993269410351438e-01
4.790703766665743157e-01,9.857713669269221324e-01
4.782700705763368032e-01,9.820938870779972740e-01
4.738664122343823060e-01,9.656449612992110687e-01
4.727012857904792087e-01,9.617908828789945019e-01
4.711921607849358096e-01,9.537213814597215178e-01
4.629361843760767536e-01,9.254561630166092678e-01
4.639178218716872304e-01,9.298252950995501420e-01
4.612643275676812094e-01,9.201408995361315402e-01
4.662557358721278189e-01,9.359352597632280002e-01
4.677235827703424831e-01,9.422321857749546004e-01
4.657598650457351885e-01,9.361281469215541051e-01
4.650926182029637701e-01,9.332285960495949606e-01
4.563635176389342907e-01,9.024783418986532801e-01
4.552295462677534155e-01,8.973814141786359277e-01
4.506452315378439710e-01,8.804084956884150603e-01
4.490977040210364923e-01,8.761866536864536537e-01
4.500432203006629051e-01,8.794075108970825783e-01
4.451261511643282986e-01,8.637997230027231188e-01
4.457962208659001502e-01,8.668157214807766797e-01
4.451238864387895844e-01,8.655785929891944841e-01
4.453348236090729495e-01,8.642575885259563551e-01
4.509823927421393597e-01,8.822425930325599186e-01
4.522735578286662950e-01,8.882759582732683290e-01
4.529004716192158719e-01,8.917132555659457172e-01
4.554726955560505219e-01,8.991028937557066225e-01
4.625884847607968919e-01,9.246438819239797269e-01
4.682543031511566256e-01,9.461051237972328831e-01
4.758598401365126684e-01,9.725214474901945350e-01
4.820424844293249023e-01,9.940433211547590187e-01
4.814814792477296601e-01,9.933233255762147218e-01
4.807650032534068751e-01,9.884350543048427973e-01
4.786361936115633431e-01,9.841820838479559130e-01
4.819902848483327840e-01,9.957832702236260047e-01
4.794759141354136278e-01,9.889872932910115377e-01
4.811970556380227859e-01,9.916629628991617817e-01
4.791430775905158868e-01,9.846082587514616291e-01
4.758751435613255976e-01,9.733001992046917961e-01
4.778492214810475813e-01,9.811353813022287707e-01
4.764810096837574505e-01,9.760984825432518219e-01
4.758673311722382837e-01,9.750812695988750889e-01
4.779863679978606505e-01,9.810235906706135101e-01
4.782756413598179823e-01,9.820297292943314105e-01
4.808029434344862629e-01,9.945437211157582835e-01
4.739693795016576283e-01,9.669132605579300321e-01
4.709610728032475047e-01,9.540290236321323780e-01
4.703468130654200330e-01,9.501607088796186762e-01
4.687582861333588480e-01,9.481543975361488297e-01
4.722796750138557043e-01,9.583216210638418886e-01
4.820265905679710361e-01,9.969932925464195517e-01
4.807912456841743065e-01,9.904501850940207186e-01
4.803152521137234454e-01,9.903837859477053751e-01
4.819602797998147614e-01,9.981774563924104005e-01
4.784019712731205076e-01,9.856081591525892582e-01
4.760883477448710210e-01,9.740306648495841157e-01
4.773444324035596154e-01,9.789382894796783141e-01
4.739186765503516363e-01,9.640878797853476012e-01
4.749487368405878041e-01,9.690025993314638209e-01
4.701667409391797614e-01,9.513918442299603706e-01
4.700094803898737239e-01,9.504355992710282752e-01
4.735541186702377781e-01,9.647799108238853671e-01
4.745067044958320990e-01,9.681174031374348843e-01
4.756264053267170167e-01,9.718931597476069273e-01
4.784317230630023010e-01,9.826973394984757082e-01
4.744847085849696611e-01,9.675398280222204939e-01
4.706324156887875532e-01,9.544226654282990108e-01
4.684548119492752405e-01,9.454474806966155498e-01
4.734419670106961853e-01,9.621160806672824917e-01
4.690543810252486012e-01,9.462176288231196608e-01
4.683794791199535346e-01,9.447903340113252835e-01
4.660443203249201027e-01,9.352474160762860311e-01
4.748398136809210968e-01,9.727442072612202395e-01
4.738036705268502402e-01,9.639707825626041560e-01
4.738530724491895607e-01,9.669107501142041317e-01
4.791134617464933854e-01,9.835369319253396414e-01
4.794946340400714768e-01,9.887561685049343074e-01
4.785058923868315550e-01,9.831538488237651086e-01
4.783109641832933301e-01,9.816190965359448128e-01
4.810127500812150791e-01,9.942906733899523619e-01
4.804557188675407930e-01,9.902227715601558122e-01
4.746926895184637174e-01,9.675072606801075059e-01
4.756950093597709928e-01,9.727113148967974077e-01
4.772400639327317728e-01,9.769163927640673872e-01
4.777717249195058136e-01,9.809810108202994261e-01
4.789378559679912661e-01,9.830722069213748693e-01
4.777191748473779143e-01,9.814503826562485100e-01
4.794022492920579359e-01,9.881181691012755897e-01
4.712935916398562353e-01,9.547586307804656336e-01
4.655563422288372943e-01,9.364276827841034878e-01
4.627363789875585942e-01,9.244978723897742112e-01
4.663609516218706341e-01,9.373152996507320145e-01
4.639258754694131626e-01,9.288983270053715602e-01
4.607229531246949672e-01,9.172634831052940418e-01
4.609544419023158257e-01,9.189377703052531432e-01
4.607325250110866910e-01,9.169378306925304312e-01
4.641996233794263294e-01,9.278942336525487500e-01
4.609838310558883601e-01,9.193475743732774097e-01
4.625376501921287242e-01,9.230216572984325518e-01
4.641177900265159861e-01,9.305669787198712628e-01
4.684062713255596200e-01,9.452419033106469470e-01
4.683710836241611331e-01,9.447940617952909070e-01
4.664542225167100375e-01,9.402267442692306965e-01
4.714456447940181816e-01,9.537441370405510543e-01
4.692641589877408204e-01,9.488975527015873768e-01
4.660189406147557389e-01,9.357974229391055054e-01
4.711613672049492219e-01,9.544543924512374211e-01
4.719791409159176943e-01,9.595951881879051237e-01
4.798322410655819215e-01,9.875643124708120002e-01
4.809907918433602991e-01,9.928015204479193612e-01
4.768646080971454815e-01,9.762322062147336110e-01
4.770808755242591515e-01,9.775962281294149347e-01
4.728236028276160408e-01,9.615393839578539881e-01
4.732763556127252413e-01,9.612458776691126250e-01
4.740136029634446913e-01,9.661349566292367630e-01
4.678548689496370705e-01,9.426999526190045220e-01
4.682296390328968827e-01,9.443430648925474902e-01
4.728600598297811319e-01,9.620261872373311318e-01
4.742588960063802705e-01,9.663355208867393520e-01
4.710134679216624320e-01,9.533974110029238558e-01
4.708525453602213084e-01,9.566440596621000880e-01
4.736357838959834310e-01,9.646889113956089723e-01
4.741988793116006518e-01,9.661741176325134850e-01
4.768103514219316774e-01,9.754787815020038444e-01
4.766675901275271299e-01,9.759250217928091553e-01
4.766402290638884209e-01,9.764025563557736653e-01
4.761646109098104374e-01,9.731936486432092304e-01
4.783910641476373793e-01,9.827421723543741106e-01
4.783892089031900330e-01,9.832408977232757197e-01
4.803232291527762543e-01,9.899496863612472497e-01
4.787478912531844544e-01,9.839948789137905605e-01
4.810826176390737841e-01,9.931861301456278435e-01
4.785961239885679896e-01,9.844941138252584212e-01
4.778781554970401579e-01,9.823494490713718941e-01
4.788990990737636011e-01,9.829409458805415944e-01
4.795022825254534604e-01,9.883565292441164329e-01
4.715299114816238202e-01,9.585702597461077668e-01
4.713869770205428855e-01,9.587296923750967537e-01
4.748205014660282219e-01,9.695036379796814208e-01
4.751838624434360225e-01,9.710736273852674794e-01
4.663564781601976517e-01,9.398657276127634352e-01
4.719108047466735179e-01,9.552385939977674489e-01
4.646666267751430324e-01,9.319613594376126020e-01
4.609416777618096650e-01,9.178105394092648250e-01
4.631027352138413211e-01,9.280253210726914226e-01
